Country,State/Province,Postal Codes
US,NH,03301
US,NH,03302
US,NH,03303
US,NH,03304
US,NH,03305
US,NH,03307
US,NH,03431
US,NH,03435
US,NH,03440
US,NH,03441
US,NH,03442
US,NH,03443
US,NH,03444
US,NH,03445
US,NH,03446
US,NH,03447
US,NH,03448
US,NH,03449
US,NH,03450
US,NH,03451
US,NH,03452
US,NH,03455
US,NH,03456
US,NH,03457
US,NH,03458
US,NH,03461
US,NH,03462
US,NH,03464
US,NH,03465
US,NH,03466
US,NH,03467
US,NH,03468
US,NH,03469
US,NH,03470
US,NH,03561
US,NH,03570
US,NH,03574
US,NH,03575
US,NH,03576
US,NH,03579
US,NH,03580
US,NH,03581
US,NH,03582
US,NH,03583
US,NH,03584
US,NH,03585
US,NH,03586
US,NH,03588
US,NH,03589
US,NH,03590
US,NH,03592
US,NH,03593
US,NH,03595
US,NH,03597
US,NH,03598
US,NH,03601
US,NH,03602
US,NH,03603
US,NH,03604
US,NH,03605
US,NH,03607
US,NH,03608
US,NH,03609
US,NH,03740
US,NH,03741
US,NH,03743
US,NH,03745
US,NH,03746
US,NH,03748
US,NH,03749
US,NH,03750
US,NH,03751
US,NH,03752
US,NH,03753
US,NH,03754
US,NH,03755
US,NH,03756
US,NH,03765
US,NH,03766
US,NH,03768
US,NH,03769
US,NH,03770
US,NH,03771
US,NH,03773
US,NH,03774
US,NH,03777
US,NH,03779
US,NH,03780
US,NH,03781
US,NH,03782
US,NH,03784
US,NH,03785
US,NH,03801
US,NH,03802
US,NH,03803
US,NH,03804
US,NH,03809
US,NH,03810
US,NH,03811
US,NH,03812
US,NH,03813
US,NH,03814
US,NH,03815
US,NH,03816
US,NH,03817
US,NH,03818
US,NH,03819
US,NH,03820
US,NH,03821
US,NH,03822
US,NH,03823
US,NH,03824
US,NH,03825
US,NH,03826
US,NH,03827
US,NH,03830
US,NH,03832
US,NH,03833
US,NH,03835
US,NH,03836
US,NH,03837
US,NH,03838
US,NH,03839
US,NH,03840
US,NH,03841
US,NH,03842
US,NH,03843
US,NH,03844
US,NH,03845
US,NH,03846
US,NH,03847
US,NH,03848
US,NH,03849
US,NH,03850
US,NH,03851
US,NH,03852
US,NH,03853
US,NH,03854
US,NH,03855
US,NH,03856
US,NH,03857
US,NH,03858
US,NH,03859
US,NH,03860
US,NH,03861
US,NH,03862
US,NH,03864
US,NH,03865
US,NH,03866
US,NH,03867
US,NH,03868
US,NH,03869
US,NH,03870
US,NH,03871
US,NH,03872
US,NH,03873
US,NH,03874
US,NH,03875
US,NH,03878
US,NH,03882
US,NH,03883
US,NH,03884
US,NH,03885
US,NH,03886
US,NH,03887
US,NH,03890
US,NH,03894
US,NH,03896
US,NH,03897
US,ME,03901
US,ME,03902
US,ME,03903
US,ME,03904
US,ME,03905
US,ME,03906
US,ME,03907
US,ME,03908
US,ME,03909
US,ME,03910
US,ME,03911
US,ME,04001
US,ME,04002
US,ME,04003
US,ME,04004
US,ME,04005
US,ME,04006
US,ME,04007
US,ME,04008
US,ME,04009
US,ME,04010
US,ME,04011
US,ME,04013
US,ME,04014
US,ME,04015
US,ME,04016
US,ME,04017
US,ME,04019
US,ME,04020
US,ME,04021
US,ME,04022
US,ME,04024
US,ME,04027
US,ME,04028
US,ME,04029
US,ME,04030
US,ME,04032
US,ME,04033
US,ME,04034
US,ME,04037
US,ME,04038
US,ME,04039
US,ME,04040
US,ME,04041
US,ME,04042
US,ME,04043
US,ME,04046
US,ME,04047
US,ME,04048
US,ME,04049
US,ME,04050
US,ME,04051
US,ME,04054
US,ME,04055
US,ME,04056
US,ME,04057
US,ME,04061
US,ME,04062
US,ME,04063
US,ME,04064
US,ME,04066
US,ME,04068
US,ME,04069
US,ME,04070
US,ME,04071
US,ME,04072
US,ME,04073
US,ME,04074
US,ME,04076
US,ME,04077
US,ME,04078
US,ME,04079
US,ME,04082
US,ME,04083
US,ME,04084
US,ME,04085
US,ME,04086
US,ME,04087
US,ME,04088
US,ME,04090
US,ME,04091
US,ME,04092
US,ME,04093
US,ME,04094
US,ME,04095
US,ME,04096
US,ME,04097
US,ME,04098
US,ME,04101
US,ME,04102
US,ME,04103
US,ME,04104
US,ME,04105
US,ME,04106
US,ME,04107
US,ME,04108
US,ME,04109
US,ME,04110
US,ME,04112
US,ME,04116
US,MA,00501
US,MA,00544
US,PR,00601
US,PR,00602
US,PR,00603
US,PR,00604
US,PR,00605
US,PR,00606
US,PR,00610
US,PR,00611
US,PR,00612
US,PR,00613
US,PR,00614
US,PR,00616
US,PR,00617
US,PR,00622
US,PR,00623
US,PR,00624
US,PR,00627
US,PR,00631
US,PR,00636
US,PR,00637
US,PR,00638
US,PR,00641
US,PR,00646
US,PR,00647
US,PR,00650
US,PR,00652
US,PR,00653
US,PR,00656
US,PR,00659
US,PR,00660
US,PR,00662
US,PR,00664
US,PR,00667
US,PR,00669
US,PR,00670
US,PR,00674
US,PR,00676
US,PR,00677
US,PR,00678
US,PR,00680
US,PR,00681
US,PR,00682
US,PR,00683
US,PR,00685
US,PR,00687
US,PR,00688
US,PR,00690
US,PR,00692
US,PR,00693
US,PR,00694
US,PR,00698
US,PR,00703
US,PR,00704
US,PR,00705
US,PR,00707
US,PR,00714
US,PR,00715
US,PR,00716
US,PR,00717
US,PR,00718
US,PR,00719
US,PR,00720
US,PR,00721
US,PR,00723
US,PR,00725
US,PR,00726
US,PR,00727
US,PR,00728
US,PR,00729
US,PR,00730
US,PR,00731
US,PR,00732
US,PR,00733
US,PR,00734
US,PR,00735
US,PR,00736
US,PR,00737
US,PR,00738
US,PR,00739
US,PR,00740
US,PR,00741
US,PR,00742
US,PR,00744
US,PR,00745
US,PR,00751
US,PR,00754
US,PR,00757
US,PR,00765
US,PR,00766
US,PR,00767
US,PR,00769
US,PR,00771
US,PR,00772
US,PR,00773
US,PR,00775
US,PR,00777
US,PR,00778
US,PR,00780
US,PR,00782
US,PR,00783
US,PR,00784
US,PR,00785
US,PR,00786
US,PR,00791
US,PR,00792
US,PR,00794
US,PR,00795
US,VI,00801
US,VI,00802
US,VI,00803
US,VI,00804
US,VI,00805
US,VI,00820
US,VI,00821
US,VI,00822
US,VI,00823
US,VI,00824
US,VI,00830
US,VI,00831
US,VI,00840
US,VI,00841
US,VI,00850
US,VI,00851
US,PR,00901
US,PR,00902
US,PR,00906
US,PR,00907
US,PR,00908
US,PR,00909
US,PR,00910
US,PR,00911
US,PR,00912
US,PR,00913
US,PR,00914
US,PR,00915
US,PR,00916
US,PR,00917
US,PR,00918
US,PR,00919
US,PR,00920
US,PR,00921
US,PR,00922
US,PR,00923
US,PR,00924
US,PR,00925
US,PR,00926
US,PR,00927
US,PR,00928
US,PR,00929
US,PR,00930
US,PR,00931
US,PR,00933
US,PR,00934
US,PR,00935
US,PR,00936
US,PR,00937
US,PR,00939
US,PR,00940
US,PR,00949
US,PR,00950
US,PR,00951
US,PR,00952
US,PR,00953
US,PR,00954
US,PR,00955
US,PR,00956
US,PR,00957
US,PR,00958
US,PR,00959
US,PR,00960
US,PR,00961
US,PR,00962
US,PR,00963
US,PR,00965
US,PR,00966
US,PR,00968
US,PR,00969
US,PR,00970
US,PR,00971
US,PR,00975
US,PR,00976
US,PR,00977
US,PR,00978
US,PR,00979
US,PR,00981
US,PR,00982
US,PR,00983
US,PR,00984
US,PR,00985
US,PR,00986
US,PR,00987
US,PR,00988
US,MA,01001
US,MA,01002
US,MA,01003
US,MA,01004
US,MA,01005
US,MA,01007
US,MA,01008
US,MA,01009
US,MA,01010
US,MA,01011
US,MA,01012
US,MA,01013
US,MA,01014
US,MA,01020
US,MA,01021
US,MA,01022
US,MA,01026
US,MA,01027
US,MA,01028
US,MA,01029
US,MA,01030
US,MA,01031
US,MA,01032
US,MA,01033
US,MA,01034
US,MA,01035
US,MA,01036
US,MA,01037
US,MA,01038
US,MA,01039
US,MA,01040
US,MA,01041
US,MA,01050
US,MA,01053
US,MA,01054
US,MA,01056
US,MA,01057
US,MA,01059
US,MA,01060
US,MA,01061
US,MA,01062
US,MA,01063
US,MA,01066
US,MA,01068
US,MA,01069
US,MA,01070
US,MA,01071
US,MA,01072
US,MA,01073
US,MA,01074
US,MA,01075
US,MA,01077
US,MA,01079
US,MA,01080
US,MA,01081
US,MA,01082
US,MA,01083
US,MA,01084
US,MA,01085
US,MA,01086
US,MA,01088
US,MA,01089
US,MA,01090
US,MA,01092
US,MA,01093
US,MA,01094
US,MA,01095
US,MA,01096
US,MA,01097
US,MA,01098
US,MA,01101
US,MA,01102
US,MA,01103
US,MA,01104
US,MA,01105
US,MA,01923
US,MA,01929
US,MA,01930
US,MA,01931
US,MA,01936
US,MA,01937
US,MA,01938
US,MA,01940
US,MA,01944
US,MA,01945
US,MA,01949
US,MA,01950
US,MA,01951
US,MA,01952
US,MA,01960
US,MA,01961
US,MA,01965
US,MA,01966
US,MA,01969
US,MA,01970
US,MA,01971
US,MA,01982
US,MA,01983
US,MA,01984
US,MA,01985
US,MA,02018
US,MA,02019
US,MA,02020
US,MA,02021
US,MA,02025
US,MA,02026
US,MA,02027
US,MA,02030
US,MA,02032
US,MA,02035
US,MA,02038
US,MA,02040
US,MA,02041
US,MA,02043
US,MA,02044
US,MA,02045
US,MA,02047
US,MA,02048
US,MA,02050
US,MA,02051
US,MA,02052
US,MA,02053
US,MA,02054
US,MA,02055
US,MA,02056
US,MA,02059
US,MA,02060
US,MA,02061
US,MA,02062
US,MA,02065
US,MA,02066
US,MA,02067
US,MA,02070
US,MA,02071
US,MA,02072
US,MA,02081
US,MA,02090
US,MA,02093
US,MA,02108
US,MA,02109
US,MA,02110
US,MA,02111
US,MA,02112
US,MA,02113
US,MA,02114
US,MA,02115
US,MA,02116
US,MA,02117
US,MA,02118
US,MA,02119
US,MA,02120
US,MA,02121
US,MA,02122
US,MA,02123
US,MA,02124
US,MA,02125
US,MA,02126
US,MA,02127
US,MA,02128
US,MA,02129
US,MA,02130
US,MA,02131
US,MA,02132
US,MA,02133
US,MA,02134
US,MA,02135
US,MA,02136
US,MA,02137
US,MA,02138
US,MA,02139
US,MA,02140
US,MA,02141
US,MA,02142
US,MA,02143
US,MA,02144
US,MA,02145
US,MA,02148
US,MA,02149
US,MA,02150
US,MA,02151
US,MA,02152
US,MA,02153
US,MA,02155
US,MA,02156
US,MA,02163
US,MA,02169
US,MA,02170
US,MA,02171
US,MA,02176
US,MA,02180
US,MA,02184
US,MA,02185
US,MA,02186
US,MA,02187
US,MA,02188
US,MA,02189
US,MA,02190
US,MA,02191
US,MA,02196
US,MA,02199
US,MA,02201
US,MA,02203
US,MA,02204
US,MA,02205
US,MA,02206
US,MA,02210
US,MA,02211
US,MA,02212
US,MA,02215
US,MA,02217
US,MA,02222
US,MA,02238
US,MA,02241
US,MA,02266
US,MA,02269
US,MA,02283
US,MA,02284
US,MA,02293
US,MA,02297
US,MA,02298
US,MA,02301
US,MA,02302
US,MA,02303
US,MA,02304
US,MA,02305
US,MA,02322
US,MA,02324
US,MA,02325
US,MA,02327
US,MA,02330
US,MA,02331
US,MA,02332
US,MA,02333
US,MA,02334
US,MA,02337
US,MA,02338
US,MA,02339
US,MA,02341
US,MA,02343
US,MA,02344
US,MA,02345
US,MA,02346
US,MA,02347
US,MA,02348
US,MA,02349
US,MA,02350
US,MA,02351
US,MA,02355
US,MA,02356
US,MA,02357
US,MA,02358
US,MA,02359
US,MA,02360
US,MA,02361
US,MA,02362
US,MA,02364
US,MA,02366
US,MA,02367
US,MA,02368
US,MA,02370
US,MA,02375
US,MA,02379
US,MA,02381
US,MA,02382
US,MA,02420
US,MA,02421
US,MA,02445
US,MA,02446
US,MA,02447
US,MA,02451
US,MA,02452
US,MA,02453
US,MA,02454
US,MA,02455
US,MA,02456
US,MA,02457
US,MA,02458
US,MA,02459
US,MA,02460
US,MA,02461
US,MA,02462
US,MA,02464
US,MA,02465
US,MA,02466
US,MA,02467
US,MA,02468
US,MA,02471
US,MA,02472
US,MA,02474
US,MA,02475
US,MA,02476
US,MA,02477
US,MA,02478
US,MA,02479
US,MA,02481
US,MA,02482
US,MA,02492
US,MA,02493
US,MA,02494
US,MA,02495
US,MA,02532
US,MA,02534
US,MA,02535
US,MA,02536
US,MA,02537
US,MA,02538
US,MA,02539
US,MA,02540
US,MA,02541
US,MA,02542
US,MA,02543
US,MA,02552
US,MA,02553
US,MA,02554
US,MA,02556
US,MA,02557
US,MA,02558
US,MA,02559
US,MA,02561
US,MA,02562
US,MA,02563
US,MA,02564
US,MA,02568
US,MA,02571
US,MA,02574
US,MA,02575
US,MA,02576
US,MA,02584
US,MA,02601
US,MA,02630
US,MA,02631
US,MA,02632
US,MA,02633
US,MA,02634
US,MA,02635
US,MA,02637
US,MA,02638
US,MA,02639
US,MA,02641
US,MA,02642
US,MA,02643
US,MA,02644
US,MA,02645
US,MA,02646
US,MA,02647
US,MA,02648
US,MA,02649
US,MA,02650
US,MA,02651
US,MA,02652
US,MA,02653
US,MA,02655
US,MA,02657
US,MA,02659
US,MA,02660
US,MA,02661
US,MA,02662
US,MA,02663
US,MA,02664
US,MA,02666
US,MA,02667
US,MA,02668
US,MA,02669
US,MA,02670
US,MA,02671
US,MA,02672
US,MA,02673
US,MA,02675
US,MA,02702
US,MA,02703
US,MA,02712
US,MA,02713
US,MA,02714
US,MA,02715
US,MA,02717
US,MA,02718
US,MA,02719
US,MA,02720
US,MA,02721
US,MA,02722
US,MA,02723
US,MA,02724
US,MA,02725
US,MA,02726
US,MA,02738
US,MA,02739
US,MA,02740
US,MA,02741
US,MA,02742
US,MA,02743
US,MA,02744
US,MA,02745
US,MA,02746
US,MA,02747
US,MA,02748
US,MA,02760
US,MA,02761
US,MA,02762
US,MA,02763
US,MA,02764
US,MA,02766
US,MA,02767
US,MA,02768
US,MA,02769
US,MA,02770
US,MA,02771
US,MA,02777
US,MA,02779
US,MA,02780
US,MA,02790
US,MA,02791
US,RI,02801
US,RI,02802
US,RI,02804
US,RI,02806
US,RI,02807
US,RI,02808
US,RI,02809
US,RI,02812
US,RI,02813
US,RI,02814
US,RI,02815
US,RI,02816
US,RI,02817
US,RI,02818
US,RI,02822
US,RI,02823
US,RI,02824
US,RI,02825
US,RI,02826
US,RI,02827
US,RI,02828
US,RI,02829
US,RI,02830
US,RI,02831
US,RI,02832
US,RI,02833
US,RI,02835
US,RI,02836
US,RI,02837
US,RI,02838
US,RI,02839
US,RI,02840
US,RI,02841
US,RI,02842
US,RI,02852
US,RI,02857
US,RI,02858
US,RI,02859
US,RI,02860
US,RI,02861
US,RI,02862
US,RI,02863
US,RI,02864
US,RI,02865
US,RI,02871
US,RI,02872
US,RI,02873
US,RI,02874
US,RI,02875
US,RI,02876
US,RI,02877
US,RI,02878
US,RI,02879
US,RI,02880
US,RI,02881
US,RI,02882
US,RI,02883
US,RI,02885
US,RI,02886
US,RI,02887
US,RI,02888
US,RI,02889
US,RI,02891
US,RI,02892
US,RI,02893
US,RI,02894
US,RI,02895
US,RI,02896
US,RI,02898
US,RI,02901
US,RI,02902
US,RI,02903
US,RI,02904
US,RI,02905
US,RI,02906
US,RI,02907
US,RI,02908
US,RI,02909
US,RI,02910
US,RI,02911
US,RI,02912
US,RI,02914
US,RI,02915
US,RI,02916
US,RI,02917
US,RI,02918
US,RI,02919
US,RI,02920
US,RI,02921
US,RI,02940
US,NH,03031
US,NH,03032
US,NH,03033
US,NH,03034
US,NH,03036
US,NH,03037
US,NH,03038
US,NH,03040
US,NH,03041
US,NH,03042
US,NH,03043
US,NH,03044
US,NH,03045
US,NH,03046
US,NH,03047
US,NH,03048
US,NH,03049
US,NH,03051
US,NH,03052
US,NH,03053
US,NH,03054
US,NH,03055
US,NH,03057
US,NH,03060
US,NH,03061
US,NH,03062
US,NH,03063
US,NH,03064
US,NH,03070
US,NH,03071
US,NH,03073
US,NH,03076
US,NH,03077
US,NH,03079
US,NH,03082
US,NH,03084
US,NH,03086
US,NH,03087
US,NH,03101
US,NH,03102
US,NH,03103
US,NH,03104
US,NH,03105
US,NH,03106
US,NH,03108
US,NH,03109
US,NH,03110
US,NH,03111
US,NH,03215
US,NH,03216
US,NH,03217
US,NH,03218
US,NH,03220
US,NH,03221
US,NH,03222
US,NH,03223
US,NH,03224
US,NH,03225
US,NH,03226
US,NH,03227
US,NH,03229
US,NH,03230
US,NH,03231
US,NH,03233
US,NH,03234
US,NH,03235
US,NH,03237
US,NH,03238
US,NH,03240
US,NH,03241
US,NH,03242
US,NH,03243
US,NH,03244
US,NH,03245
US,NH,03246
US,NH,03247
US,NH,03249
US,NH,03251
US,NH,03252
US,NH,03253
US,NH,03254
US,NH,03255
US,NH,03256
US,NH,03257
US,NH,03258
US,NH,03259
US,NH,03260
US,NH,03261
US,NH,03262
US,NH,03263
US,NH,03264
US,NH,03266
US,NH,03268
US,NH,03269
US,NH,03272
US,NH,03273
US,NH,03275
US,NH,03276
US,NH,03278
US,NH,03279
US,NH,03280
US,NH,03281
US,NH,03282
US,NH,03284
US,NH,03285
US,NH,03287
US,NH,03289
US,NH,03290
US,NH,03291
US,NH,03293
US,NH,03298
US,NH,03299
US,MA,01106
US,MA,01107
US,MA,01108
US,MA,01109
US,MA,01111
US,MA,01115
US,MA,01116
US,MA,01118
US,MA,01119
US,MA,01128
US,MA,01129
US,MA,01138
US,MA,01139
US,MA,01144
US,MA,01151
US,MA,01152
US,MA,01199
US,MA,01201
US,MA,01202
US,MA,01203
US,MA,01220
US,MA,01222
US,MA,01223
US,MA,01224
US,MA,01225
US,MA,01226
US,MA,01227
US,MA,01229
US,MA,01230
US,MA,01235
US,MA,01236
US,MA,01237
US,MA,01238
US,MA,01240
US,MA,01242
US,MA,01243
US,MA,01244
US,MA,01245
US,MA,01247
US,MA,01252
US,MA,01253
US,MA,01254
US,MA,01255
US,MA,01256
US,MA,01257
US,MA,01258
US,MA,01259
US,MA,01260
US,MA,01262
US,MA,01263
US,MA,01264
US,MA,01266
US,MA,01267
US,MA,01270
US,MA,01301
US,MA,01302
US,MA,01330
US,MA,01331
US,MA,01337
US,MA,01338
US,MA,01339
US,MA,01340
US,MA,01341
US,MA,01342
US,MA,01343
US,MA,01344
US,MA,01346
US,MA,01347
US,MA,01349
US,MA,01350
US,MA,01351
US,MA,01354
US,MA,01355
US,MA,01360
US,MA,01364
US,MA,01366
US,MA,01367
US,MA,01368
US,MA,01370
US,MA,01373
US,MA,01375
US,MA,01376
US,MA,01378
US,MA,01379
US,MA,01380
US,MA,01420
US,MA,01430
US,MA,01431
US,MA,01432
US,MA,01434
US,MA,01436
US,MA,01438
US,MA,01440
US,MA,01441
US,MA,01450
US,MA,01451
US,MA,01452
US,MA,01453
US,MA,01460
US,MA,01462
US,MA,01463
US,MA,01464
US,MA,01467
US,MA,01468
US,MA,01469
US,MA,01470
US,MA,01471
US,MA,01472
US,MA,01473
US,MA,01474
US,MA,01475
US,MA,01501
US,MA,01503
US,MA,01504
US,MA,01505
US,MA,01506
US,MA,01507
US,MA,01508
US,MA,01509
US,MA,01510
US,MA,01515
US,MA,01516
US,MA,01518
US,MA,01519
US,MA,01520
US,MA,01521
US,MA,01522
US,MA,01523
US,MA,01524
US,MA,01525
US,MA,01526
US,MA,01527
US,MA,01529
US,MA,01531
US,MA,01532
US,MA,01534
US,MA,01535
US,MA,01536
US,MA,01537
US,MA,01538
US,MA,01540
US,MA,01541
US,MA,01542
US,MA,01543
US,MA,01545
US,MA,01546
US,MA,01550
US,MA,01560
US,MA,01561
US,MA,01562
US,MA,01564
US,MA,01566
US,MA,01568
US,MA,01569
US,MA,01570
US,MA,01571
US,MA,01581
US,MA,01583
US,MA,01585
US,MA,01586
US,MA,01588
US,MA,01590
US,MA,01601
US,MA,01602
US,MA,01603
US,MA,01604
US,MA,01605
US,MA,01606
US,MA,01607
US,MA,01608
US,MA,01609
US,MA,01610
US,MA,01611
US,MA,01612
US,MA,01613
US,MA,01614
US,MA,01615
US,MA,01653
US,MA,01655
US,MA,01701
US,MA,01702
US,MA,01703
US,MA,01704
US,MA,01705
US,MA,01718
US,MA,01719
US,MA,01720
US,MA,01721
US,MA,01730
US,MA,01731
US,MA,01740
US,MA,01741
US,MA,01742
US,MA,01745
US,MA,01746
US,MA,01747
US,MA,01748
US,MA,01749
US,MA,01752
US,MA,01754
US,MA,01756
US,MA,01757
US,MA,01760
US,MA,01770
US,MA,01772
US,MA,01773
US,MA,01775
US,MA,01776
US,MA,01778
US,MA,01784
US,MA,01801
US,MA,01803
US,MA,01805
US,MA,01810
US,MA,01812
US,MA,01813
US,MA,01815
US,MA,01821
US,MA,01822
US,MA,01824
US,MA,01826
US,MA,01827
US,MA,01830
US,MA,01831
US,MA,01832
US,MA,01833
US,MA,01834
US,MA,01835
US,MA,01840
US,MA,01841
US,MA,01842
US,MA,01843
US,MA,01844
US,MA,01845
US,MA,01850
US,MA,01851
US,MA,01852
US,MA,01853
US,MA,01854
US,MA,01860
US,MA,01862
US,MA,01863
US,MA,01864
US,MA,01865
US,MA,01866
US,MA,01867
US,MA,01876
US,MA,01879
US,MA,01880
US,MA,01885
US,MA,01886
US,MA,01887
US,MA,01888
US,MA,01889
US,MA,01890
US,MA,01899
US,MA,01901
US,MA,01902
US,MA,01903
US,MA,01904
US,MA,01905
US,MA,01906
US,MA,01907
US,MA,01908
US,MA,01910
US,MA,01913
US,MA,01915
US,MA,01921
US,MA,01922
US,CT,06829
US,CT,06830
US,CT,06831
US,CT,06836
US,CT,06838
US,CT,06840
US,CT,06850
US,CT,06851
US,CT,06852
US,CT,06853
US,CT,06854
US,CT,06855
US,CT,06856
US,CT,06857
US,CT,06858
US,CT,06860
US,CT,06870
US,CT,06875
US,CT,06876
US,CT,06877
US,CT,06878
US,CT,06879
US,CT,06880
US,CT,06881
US,CT,06883
US,CT,06888
US,CT,06889
US,CT,06890
US,CT,06896
US,CT,06897
US,CT,06901
US,CT,06902
US,CT,06903
US,CT,06904
US,CT,06905
US,CT,06906
US,CT,06907
US,CT,06910
US,CT,06911
US,CT,06912
US,CT,06913
US,CT,06914
US,CT,06926
US,CT,06927
US,NJ,07001
US,NJ,07002
US,NJ,07003
US,NJ,07004
US,NJ,07005
US,NJ,07006
US,NJ,07007
US,NJ,07008
US,NJ,07009
US,NJ,07010
US,NJ,07011
US,NJ,07012
US,NJ,07013
US,NJ,07014
US,NJ,07015
US,NJ,07016
US,NJ,07017
US,NJ,07018
US,NJ,07019
US,NJ,07020
US,NJ,07021
US,NJ,07022
US,NJ,07023
US,NJ,07024
US,NJ,07026
US,NJ,07027
US,NJ,07028
US,NJ,07029
US,NJ,07030
US,NJ,07031
US,NJ,07032
US,NJ,07033
US,NJ,07034
US,NJ,07035
US,NJ,07036
US,NJ,07039
US,NJ,07040
US,NJ,07041
US,NJ,07042
US,NJ,07043
US,NJ,07044
US,NJ,07045
US,NJ,07046
US,NJ,07047
US,NJ,07050
US,NJ,07051
US,NJ,07052
US,NJ,07054
US,NJ,07055
US,NJ,07057
US,NJ,07058
US,NJ,07059
US,NJ,07060
US,NJ,07061
US,NJ,07062
US,NJ,07063
US,NJ,07064
US,NJ,07065
US,NJ,07066
US,NJ,07067
US,NJ,07068
US,NJ,07069
US,NJ,07070
US,NJ,07071
US,NJ,07072
US,NJ,07073
US,NJ,07074
US,NJ,07075
US,NJ,07076
US,NJ,07077
US,NJ,07078
US,NJ,07079
US,NJ,07080
US,NJ,07081
US,NJ,07082
US,NJ,07083
US,NJ,07086
US,NJ,07087
US,NJ,07088
US,NJ,07090
US,NJ,07091
US,NJ,07092
US,NJ,07093
US,NJ,07094
US,NJ,07095
US,NJ,07096
US,NJ,07097
US,NJ,07099
US,NJ,07101
US,NJ,07102
US,NJ,07103
US,NJ,07104
US,NJ,07105
US,NJ,07106
US,NJ,07107
US,NJ,07108
US,NJ,07109
US,NJ,07110
US,NJ,07111
US,NJ,07112
US,NJ,07114
US,NJ,07175
US,NJ,07184
US,NJ,07188
US,NJ,07189
US,NJ,07191
US,NJ,07192
US,NJ,07193
US,NJ,07195
US,NJ,07198
US,NJ,07199
US,NJ,07201
US,NJ,07202
US,NJ,07203
US,NJ,07204
US,NJ,07205
US,NJ,07206
US,NJ,07207
US,NJ,07208
US,NJ,07302
US,NJ,07303
US,NJ,07304
US,NJ,07305
US,NJ,07306
US,NJ,07307
US,NJ,07308
US,NJ,07310
US,NJ,07311
US,NJ,07395
US,NJ,07399
US,NJ,07401
US,NJ,07403
US,NJ,07405
US,NJ,07407
US,NJ,07410
US,NJ,07416
US,NJ,07417
US,NJ,07418
US,NJ,07419
US,NJ,07420
US,NJ,07421
US,NJ,07422
US,NJ,07423
US,NJ,07424
US,NJ,07428
US,NJ,07430
US,NJ,07432
US,NJ,07435
US,NJ,07436
US,NJ,07438
US,NJ,07439
US,NJ,07440
US,NJ,07442
US,NJ,07444
US,NJ,07446
US,NJ,07450
US,NJ,07451
US,NJ,07452
US,NJ,07456
US,NJ,07457
US,NJ,07458
US,NJ,07460
US,NJ,07461
US,NJ,07462
US,NJ,07463
US,NJ,07465
US,NJ,07470
US,NJ,07474
US,NJ,07480
US,NJ,07481
US,NJ,07495
US,NJ,07501
US,NJ,07502
US,NJ,07503
US,NJ,07504
US,NJ,07505
US,NJ,07506
US,NJ,07507
US,NJ,07508
US,NJ,07509
US,NJ,07510
US,NJ,07511
US,NJ,07512
US,NJ,07513
US,NJ,07514
US,NJ,07522
US,NJ,07524
US,NJ,07533
US,NJ,07538
US,NJ,07543
US,NJ,07544
US,NJ,07601
US,NJ,07602
US,NJ,07603
US,NJ,07604
US,NJ,07605
US,NJ,07606
US,NJ,07607
US,NJ,07608
US,NJ,07620
US,NJ,07621
US,NJ,07624
US,NJ,07626
US,NJ,07627
US,NJ,07628
US,NJ,07630
US,NJ,07631
US,NJ,07632
US,NJ,07640
US,NJ,07641
US,NJ,07642
US,NJ,07643
US,NJ,07644
US,NJ,07645
US,NJ,07646
US,NJ,07647
US,NJ,07648
US,NJ,07649
US,NJ,07650
US,NJ,07652
US,NJ,07653
US,NJ,07656
US,NJ,07657
US,NJ,07660
US,NJ,07661
US,NJ,07662
US,NJ,07663
US,NJ,07666
US,NJ,07670
US,NJ,07675
US,NJ,07676
US,NJ,07677
US,NJ,07699
US,NJ,07701
US,NJ,07702
US,NJ,07703
US,NJ,07704
US,NJ,07710
US,NJ,07711
US,NJ,07712
US,NJ,07715
US,NJ,07716
US,NJ,07717
US,NJ,07718
US,NJ,07719
US,NJ,07720
US,NJ,07721
US,NJ,07722
US,NJ,07723
US,NJ,07724
US,NJ,07726
US,NJ,07727
US,NJ,07728
US,NJ,07730
US,NJ,07731
US,NJ,07732
US,NJ,07733
US,NJ,07734
US,NJ,07735
US,NJ,07737
US,NJ,07738
US,NJ,07739
US,NJ,07740
US,NJ,07746
US,NJ,07747
US,NJ,07748
US,NJ,07750
US,NJ,07751
US,NJ,07752
US,NJ,07753
US,NJ,07754
US,NJ,07755
US,NJ,07756
US,NJ,07757
US,NJ,07758
US,NJ,07760
US,NJ,07762
US,NJ,07763
US,NJ,07764
US,NJ,07765
US,NJ,07799
US,NJ,07801
US,NJ,07802
US,NJ,07803
US,NJ,07806
US,NJ,07820
US,NJ,07821
US,NJ,07822
US,NJ,07823
US,NJ,07825
US,NJ,07826
US,NJ,07827
US,NJ,07828
US,NJ,07829
US,NJ,07830
US,NJ,07831
US,NJ,07832
US,NJ,07833
US,NJ,07834
US,NJ,07836
US,NJ,07837
US,NJ,07838
US,NJ,07839
US,NJ,07840
US,NJ,07842
US,NJ,07843
US,NJ,07844
US,NJ,07845
US,NJ,07846
US,NJ,07847
US,NJ,07848
US,NJ,07849
US,NJ,07850
US,NJ,07851
US,NJ,07852
US,NJ,07853
US,NJ,07855
US,NJ,07856
US,NJ,07857
US,NJ,07860
US,NJ,07863
US,NJ,07865
US,NJ,07866
US,NJ,07869
US,NJ,07870
US,NJ,07871
US,NJ,07874
US,NJ,07875
US,NJ,07876
US,NJ,07877
US,NJ,07878
US,NJ,07879
US,NJ,07880
US,NJ,07881
US,NJ,07882
US,NJ,07885
US,NJ,07890
US,NJ,07901
US,NJ,07902
US,NJ,07920
US,NJ,07921
US,NJ,07922
US,NJ,07924
US,NJ,07926
US,NJ,07927
US,NJ,07928
US,NJ,07930
US,NJ,07931
US,NJ,07932
US,NJ,07933
US,NJ,07934
US,NJ,07935
US,NJ,07936
US,NJ,07938
US,NJ,07939
US,NJ,07940
US,NJ,07945
US,NJ,07946
US,NJ,07950
US,NJ,07960
US,NJ,07961
US,NJ,07962
US,NJ,07963
US,NJ,07970
US,NJ,07974
US,NJ,07976
US,NJ,07977
US,NJ,07978
US,NJ,07979
US,NJ,07980
US,NJ,07981
US,NJ,07999
US,NJ,08001
US,NJ,08002
US,NJ,08003
US,NJ,08004
US,NJ,08005
US,NJ,08006
US,NJ,08007
US,NJ,08008
US,NJ,08009
US,NJ,08010
US,NJ,08011
US,NJ,08012
US,NJ,08014
US,NJ,08015
US,NJ,08016
US,NJ,08018
US,NJ,08019
US,NJ,08020
US,NJ,08021
US,NJ,08022
US,NJ,08023
US,NJ,08025
US,NJ,08026
US,NJ,08027
US,NJ,08028
US,NJ,08029
US,NJ,08030
US,NJ,08031
US,NJ,08032
US,NJ,08033
US,NJ,08034
US,NJ,08035
US,NJ,08036
US,NJ,08037
US,NJ,08038
US,NJ,08039
US,NJ,08041
US,NJ,08042
US,NJ,08043
US,NJ,08045
US,NJ,08046
US,NJ,08048
US,NJ,08049
US,NJ,08050
US,NJ,08051
US,NJ,08052
US,NJ,08053
US,NJ,08054
US,NJ,08055
US,NJ,08056
US,NJ,08057
US,NJ,08059
US,NJ,08060
US,NJ,08061
US,NJ,08062
US,NJ,08063
US,NJ,08064
US,NJ,08065
US,NJ,08066
US,NJ,08067
US,NJ,08068
US,NJ,08069
US,NJ,08070
US,NJ,08071
US,NJ,08072
US,NJ,08073
US,NJ,08074
US,NJ,08075
US,NJ,08076
US,NJ,08077
US,NJ,08078
US,NJ,08079
US,NJ,08080
US,NJ,08081
US,NJ,08083
US,NJ,08084
US,NJ,08085
US,NJ,08086
US,NJ,08087
US,NJ,08088
US,NJ,08089
US,NJ,08090
US,NJ,08091
US,NJ,08092
US,NJ,08093
US,NJ,08094
US,NJ,08095
US,NJ,08096
US,NJ,08097
US,NJ,08098
US,NJ,08099
US,NJ,08101
US,NJ,08102
US,NJ,08103
US,NJ,08104
US,NJ,08105
US,NJ,08106
US,NJ,08107
US,NJ,08108
US,NJ,08109
US,NJ,08110
US,NJ,08201
US,NJ,08202
US,NJ,08203
US,NJ,08204
US,NJ,08205
US,NJ,08210
US,NJ,08212
US,NJ,08213
US,NJ,08214
US,NJ,08215
US,NJ,08217
US,NJ,08218
US,NJ,08219
US,NJ,08220
US,NJ,08221
US,NJ,08223
US,NJ,08224
US,NJ,08225
US,NJ,08226
US,NJ,08230
US,NJ,08231
US,NJ,08232
US,NJ,08234
US,NJ,08240
US,NJ,08241
US,NJ,08242
US,NJ,08243
US,NJ,08244
US,NJ,08245
US,NJ,08246
US,NJ,08247
US,NJ,08248
US,NJ,08250
US,NJ,08251
US,NJ,08252
US,NJ,08260
US,NJ,08270
US,NJ,08302
US,NJ,08310
US,NJ,08311
US,NJ,08312
US,NJ,08313
US,NJ,08314
US,NJ,08315
US,NJ,08316
US,NJ,08317
US,NJ,08318
US,NJ,08319
US,NJ,08320
US,NJ,08321
US,NJ,08322
US,NJ,08323
US,NJ,08324
US,NJ,08326
US,NJ,08327
US,NJ,08328
US,NJ,08329
US,NJ,08330
US,NJ,08332
US,NJ,08340
US,NJ,08341
US,NJ,08342
US,NJ,08343
US,NJ,08344
US,NJ,08345
US,NJ,08346
US,NJ,08347
US,NJ,08348
US,NJ,08349
US,NJ,08350
US,NJ,08352
US,NJ,08353
US,NJ,08360
US,NJ,08361
US,NJ,08362
US,NJ,08401
US,NJ,08402
US,NJ,08403
US,NJ,08404
US,NJ,08405
US,NJ,08406
US,NJ,08501
US,NJ,08502
US,NJ,08504
US,NJ,08505
US,NJ,08510
US,NJ,08511
US,NJ,08512
US,NJ,08514
US,NJ,08515
US,NJ,08518
US,NJ,08520
US,NJ,08525
US,NJ,08526
US,NJ,08527
US,NJ,08528
US,NJ,08530
US,NJ,08533
US,NJ,08534
US,NJ,08535
US,NJ,08536
US,NJ,08540
US,NJ,08541
US,NJ,08542
US,NJ,08543
US,NJ,08544
US,NJ,08550
US,NJ,08551
US,NJ,08553
US,NJ,08554
US,NJ,08555
US,NJ,08556
US,NJ,08557
US,NJ,08558
US,NJ,08559
US,NJ,08560
US,NJ,08561
US,NJ,08562
US,NJ,08601
US,NJ,08602
US,NJ,08603
US,NJ,08604
US,NJ,08605
US,NJ,08606
US,NJ,08607
US,NJ,08608
US,NJ,08609
US,NJ,08610
US,NJ,08611
US,NJ,08618
US,NJ,08619
US,NJ,08620
US,NJ,08625
US,NJ,08628
US,NJ,08629
US,NJ,08638
US,NJ,08640
US,NJ,08641
US,NJ,08645
US,NJ,08646
US,NJ,08647
US,NJ,08648
US,NJ,08650
US,NJ,08666
US,NJ,08690
US,NJ,08691
US,NJ,08695
US,NJ,08701
US,NJ,08720
US,NJ,08721
US,NJ,08722
US,NJ,08723
US,NJ,08724
US,NJ,08730
US,NJ,08731
US,NJ,08732
US,NJ,08733
US,NJ,08734
US,NJ,08735
US,NJ,08736
US,NJ,08738
US,NJ,08739
US,NJ,08740
US,NJ,08741
US,NJ,08742
US,NJ,08750
US,NJ,08751
US,NJ,08752
US,NJ,08753
US,NJ,08754
US,NJ,08755
US,NJ,08756
US,NJ,08757
US,NJ,08758
US,NJ,08759
US,NJ,08801
US,NJ,08802
US,NJ,08803
US,NJ,08804
US,NJ,08805
US,NJ,08807
US,NJ,08808
US,NJ,08809
US,NJ,08810
US,NJ,08812
US,NJ,08816
US,NJ,08817
US,NJ,08818
US,NJ,08820
US,NJ,08821
US,NJ,08822
US,NJ,08823
US,NJ,08824
US,NJ,08825
US,NJ,08826
US,NJ,08827
US,NJ,08828
US,NJ,08829
US,NJ,08830
US,NJ,08831
US,NJ,08832
US,NJ,08833
US,NJ,08834
US,NJ,08835
US,NJ,08836
US,NJ,08837
US,NJ,08840
US,NJ,08844
US,NJ,08846
US,NJ,08848
US,NJ,08850
US,NJ,08852
US,NJ,08853
US,NJ,08854
US,NJ,08855
US,NJ,08857
US,NJ,08858
US,NJ,08859
US,NJ,08861
US,NJ,08862
US,NJ,08863
US,NJ,08865
US,NJ,08867
US,NJ,08868
US,NJ,08869
US,NJ,08870
US,NJ,08871
US,NJ,08872
US,NJ,08873
US,NJ,08875
US,NJ,08876
US,NJ,08879
US,NJ,08880
US,NJ,08882
US,NJ,08884
US,NJ,08885
US,NJ,08886
US,NJ,08887
US,NJ,08888
US,NJ,08889
US,NJ,08890
US,NJ,08899
US,NJ,08901
US,NJ,08902
US,NJ,08903
US,NJ,08904
US,NJ,08906
US,NJ,08933
US,NJ,08989
US,AE,09001
US,AE,09002
US,AE,09003
US,AE,09004
US,AE,09005
US,AE,09006
US,AE,09008
US,AE,09009
US,AE,09010
US,AE,09011
US,AE,09012
US,AE,09013
US,AE,09014
US,AE,09015
US,AE,09016
US,AE,09017
US,AE,09018
US,AE,09020
US,AE,09021
US,AE,09028
US,AE,09034
US,AE,09044
US,AE,09046
US,AE,09049
US,AE,09053
US,AE,09055
US,AE,09060
US,AE,09067
US,AE,09068
US,AE,09069
US,AE,09079
US,AE,09090
US,AE,09094
US,AE,09095
US,AE,09096
US,AE,09103
US,AE,09104
US,AE,09107
US,AE,09112
US,AE,09113
US,AE,09114
US,AE,09115
US,AE,09116
US,AE,09123
US,AE,09125
US,AE,09126
US,AE,09128
US,AE,09131
US,AE,09136
US,AE,09138
US,AE,09139
US,AE,09140
US,AE,09142
US,AE,09154
US,AE,09160
US,AE,09170
US,AE,09171
US,AE,09172
US,AE,09173
US,AE,09174
US,AE,09175
US,AE,09176
US,AE,09177
US,AE,09178
US,AE,09180
US,AE,09186
US,AE,09203
US,AE,09204
US,AE,09211
US,AE,09213
US,AE,09214
US,AE,09216
US,AE,09226
US,AE,09227
US,AE,09240
US,AE,09241
US,AE,09242
US,AE,09250
US,AE,09261
US,AE,09263
US,AE,09264
US,AE,09265
US,AE,09266
US,AE,09276
US,AE,09277
US,AE,09278
US,AE,09279
US,AE,09283
US,AE,09285
US,AE,09289
US,AE,09290
US,AE,09301
US,AE,09302
US,AE,09304
US,AE,09305
US,AE,09306
US,AE,09307
US,AE,09308
US,AE,09309
US,AE,09310
US,AE,09311
US,AE,09312
US,AE,09313
US,AE,09315
US,AE,09316
US,AE,09317
US,AE,09318
US,AE,09319
US,AE,09320
US,AE,09321
US,AE,09322
US,AE,09323
US,AE,09330
US,AE,09333
US,AE,09337
US,AE,09340
US,AE,09343
US,AE,09347
US,AE,09348
US,AE,09351
US,AE,09352
US,AE,09354
US,AE,09355
US,AE,09356
US,AE,09357
US,AE,09363
US,AE,09365
US,AE,09366
US,AE,09378
US,AE,09381
US,AE,09401
US,AE,09403
US,AE,09421
US,AE,09447
US,AE,09454
US,AE,09456
US,AE,09459
US,AE,09461
US,AE,09463
US,AE,09464
US,AE,09467
US,AE,09468
US,AE,09469
US,AE,09470
US,AE,09487
US,AE,09488
US,AE,09489
US,AE,09494
US,AE,09496
US,AE,09497
US,AE,09498
US,AE,09501
US,AE,09502
US,AE,09503
US,AE,09504
US,AE,09505
US,AE,09506
US,AE,09507
US,AE,09508
US,AE,09509
US,AE,09510
US,AE,09511
US,AE,09512
US,AE,09513
US,AE,09514
US,AE,09517
US,AE,09520
US,AE,09522
US,AE,09523
US,AE,09524
US,AE,09532
US,AE,09533
US,AE,09534
US,AE,09541
US,AE,09542
US,AE,09543
US,AE,09544
US,AE,09545
US,AE,09550
US,AE,09554
US,AE,09556
US,AE,09564
US,AE,09565
US,AE,09566
US,AE,09567
US,AE,09568
US,AE,09569
US,AE,09570
US,AE,09573
US,AE,09574
US,AE,09575
US,AE,09576
US,AE,09577
US,AE,09578
US,AE,09579
US,AE,09581
US,AE,09582
US,AE,09583
US,AE,09586
US,AE,09587
US,AE,09588
US,AE,09589
US,AE,09590
US,AE,09591
US,AE,09592
US,AE,09593
US,AE,09594
US,AE,09595
US,AE,09596
US,AE,09599
US,AE,09600
US,AE,09601
US,AE,09602
US,AE,09603
US,AE,09604
US,AE,09605
US,AE,09606
US,AE,09607
US,AE,09608
US,AE,09609
US,AE,09610
US,AE,09613
US,AE,09614
US,AE,09616
US,AE,09617
US,AE,09618
US,AE,09620
US,AE,09621
US,AE,09622
US,AE,09623
US,AE,09624
US,AE,09625
US,AE,09626
US,AE,09627
US,AE,09630
US,AE,09631
US,AE,09633
US,AE,09634
US,AE,09635
US,AE,09636
US,AE,09642
US,AE,09643
US,AE,09645
US,AE,09647
US,AE,09648
US,AE,09649
US,AE,09701
US,AE,09702
US,AE,09703
US,AE,09704
US,AE,09705
US,AE,09706
US,AE,09707
US,AE,09708
US,AE,09709
US,AE,09710
US,AE,09711
US,AE,09712
US,AE,09714
US,AE,09715
US,AE,09716
US,AE,09717
US,AE,09718
US,AE,09719
US,AE,09720
US,AE,09722
US,AE,09723
US,AE,09724
US,AE,09725
US,AE,09726
US,AE,09727
US,AE,09728
US,AE,09729
US,AE,09730
US,AE,09731
US,AE,09732
US,AE,09733
US,AE,09734
US,AE,09735
US,AE,09736
US,AE,09737
US,AE,09738
US,AE,09739
US,AE,09741
US,AE,09742
US,AE,09743
US,AE,09744
US,AE,09745
US,AE,09748
US,AE,09749
US,AE,09750
US,AE,09751
US,AE,09752
US,AE,09753
US,AE,09754
US,AE,09755
US,AE,09756
US,AE,09758
US,AE,09759
US,AE,09760
US,AE,09761
US,AE,09762
US,AE,09769
US,AE,09777
US,AE,09780
US,AE,09789
US,AE,09800
US,AE,09801
US,AE,09802
US,AE,09803
US,ME,04122
US,ME,04123
US,ME,04124
US,ME,04210
US,ME,04211
US,ME,04212
US,ME,04216
US,ME,04217
US,ME,04219
US,ME,04220
US,ME,04221
US,ME,04222
US,ME,04223
US,ME,04224
US,ME,04225
US,ME,04226
US,ME,04227
US,ME,04228
US,ME,04230
US,ME,04231
US,ME,04234
US,ME,04236
US,ME,04237
US,ME,04238
US,ME,04239
US,ME,04240
US,ME,04241
US,ME,04243
US,ME,04250
US,ME,04252
US,ME,04253
US,ME,04254
US,ME,04255
US,ME,04256
US,ME,04257
US,ME,04258
US,ME,04259
US,ME,04260
US,ME,04261
US,ME,04262
US,ME,04263
US,ME,04265
US,ME,04266
US,ME,04267
US,ME,04268
US,ME,04270
US,ME,04271
US,ME,04274
US,ME,04275
US,ME,04276
US,ME,04280
US,ME,04281
US,ME,04282
US,ME,04284
US,ME,04285
US,ME,04286
US,ME,04287
US,ME,04288
US,ME,04289
US,ME,04290
US,ME,04291
US,ME,04292
US,ME,04294
US,ME,04330
US,ME,04332
US,ME,04333
US,ME,04336
US,ME,04338
US,ME,04341
US,ME,04342
US,ME,04343
US,ME,04344
US,ME,04345
US,ME,04346
US,ME,04347
US,ME,04348
US,ME,04349
US,ME,04350
US,ME,04351
US,ME,04352
US,ME,04353
US,ME,04354
US,ME,04355
US,ME,04357
US,ME,04358
US,ME,04359
US,ME,04360
US,ME,04363
US,ME,04364
US,ME,04401
US,ME,04402
US,ME,04406
US,ME,04408
US,ME,04410
US,ME,04411
US,ME,04412
US,ME,04413
US,ME,04414
US,ME,04415
US,ME,04416
US,ME,04417
US,ME,04418
US,ME,04419
US,ME,04420
US,ME,04421
US,ME,04422
US,ME,04424
US,ME,04426
US,ME,04427
US,ME,04428
US,ME,04429
US,ME,04430
US,ME,04431
US,ME,04434
US,ME,04435
US,ME,04438
US,ME,04441
US,ME,04442
US,ME,04443
US,ME,04444
US,ME,04448
US,ME,04449
US,ME,04450
US,ME,04451
US,ME,04453
US,ME,04454
US,ME,04455
US,ME,04456
US,ME,04457
US,ME,04459
US,ME,04460
US,ME,04461
US,ME,04462
US,ME,04463
US,ME,04464
US,ME,04468
US,ME,04469
US,ME,04471
US,ME,04472
US,ME,04473
US,ME,04474
US,ME,04475
US,ME,04476
US,ME,04478
US,ME,04479
US,ME,04481
US,ME,04485
US,ME,04487
US,ME,04488
US,ME,04489
US,ME,04490
US,ME,04491
US,ME,04492
US,ME,04493
US,ME,04495
US,ME,04496
US,ME,04497
US,ME,04530
US,ME,04535
US,ME,04537
US,ME,04538
US,ME,04539
US,ME,04541
US,ME,04543
US,ME,04544
US,ME,04547
US,ME,04548
US,ME,04549
US,ME,04551
US,ME,04553
US,ME,04554
US,ME,04555
US,ME,04556
US,ME,04558
US,ME,04562
US,ME,04563
US,ME,04564
US,ME,04565
US,ME,04568
US,ME,04570
US,ME,04571
US,ME,04572
US,ME,04573
US,ME,04574
US,ME,04575
US,ME,04576
US,ME,04578
US,ME,04579
US,ME,04605
US,ME,04606
US,ME,04607
US,ME,04609
US,ME,04611
US,ME,04612
US,ME,04613
US,ME,04614
US,ME,04616
US,ME,04617
US,ME,04619
US,ME,04622
US,ME,04623
US,ME,04624
US,ME,04625
US,ME,04626
US,ME,04627
US,ME,04628
US,ME,04629
US,ME,04630
US,ME,04631
US,ME,04634
US,ME,04635
US,ME,04637
US,ME,04640
US,ME,04642
US,ME,04643
US,ME,04644
US,ME,04645
US,ME,04646
US,ME,04648
US,ME,04649
US,ME,04650
US,ME,04652
US,ME,04653
US,ME,04654
US,ME,04655
US,ME,04657
US,ME,04658
US,ME,04660
US,ME,04662
US,ME,04664
US,ME,04666
US,ME,04667
US,ME,04668
US,ME,04669
US,ME,04671
US,ME,04672
US,ME,04673
US,ME,04674
US,ME,04675
US,ME,04676
US,ME,04677
US,ME,04679
US,ME,04680
US,ME,04681
US,ME,04683
US,ME,04684
US,ME,04685
US,ME,04686
US,ME,04691
US,ME,04693
US,ME,04694
US,ME,04730
US,ME,04732
US,ME,04733
US,ME,04734
US,ME,04735
US,ME,04736
US,ME,04737
US,ME,04738
US,ME,04739
US,ME,04740
US,ME,04741
US,ME,04742
US,ME,04743
US,ME,04744
US,ME,04745
US,ME,04746
US,ME,04747
US,ME,04750
US,ME,04751
US,ME,04756
US,ME,04757
US,ME,04758
US,ME,04760
US,ME,04761
US,ME,04762
US,ME,04763
US,ME,04764
US,ME,04765
US,ME,04766
US,ME,04768
US,ME,04769
US,ME,04772
US,ME,04773
US,ME,04774
US,ME,04775
US,ME,04776
US,ME,04777
US,ME,04779
US,ME,04780
US,ME,04781
US,ME,04783
US,ME,04785
US,ME,04786
US,ME,04787
US,ME,04841
US,ME,04843
US,ME,04847
US,ME,04848
US,ME,04849
US,ME,04850
US,ME,04851
US,ME,04852
US,ME,04853
US,ME,04854
US,ME,04855
US,ME,04856
US,ME,04858
US,ME,04859
US,ME,04860
US,ME,04861
US,ME,04862
US,ME,04863
US,ME,04864
US,ME,04865
US,ME,04901
US,ME,04903
US,ME,04910
US,ME,04911
US,ME,04912
US,ME,04915
US,ME,04917
US,ME,04918
US,ME,04920
US,ME,04921
US,ME,04922
US,ME,04923
US,ME,04924
US,ME,04925
US,ME,04926
US,ME,04927
US,ME,04928
US,ME,04929
US,ME,04930
US,ME,04932
US,ME,04933
US,ME,04935
US,ME,04936
US,ME,04937
US,ME,04938
US,ME,04939
US,ME,04940
US,ME,04941
US,ME,04942
US,ME,04943
US,ME,04944
US,ME,04945
US,ME,04947
US,ME,04949
US,ME,04950
US,ME,04951
US,ME,04952
US,ME,04953
US,ME,04954
US,ME,04955
US,ME,04956
US,ME,04957
US,ME,04958
US,ME,04961
US,ME,04962
US,ME,04963
US,ME,04964
US,ME,04965
US,ME,04966
US,ME,04967
US,ME,04969
US,ME,04970
US,ME,04971
US,ME,04972
US,ME,04973
US,ME,04974
US,ME,04975
US,ME,04976
US,ME,04978
US,ME,04979
US,ME,04981
US,ME,04982
US,ME,04983
US,ME,04984
US,ME,04985
US,ME,04986
US,ME,04987
US,ME,04988
US,ME,04989
US,ME,04992
US,VT,05001
US,VT,05009
US,VT,05030
US,VT,05031
US,VT,05032
US,VT,05033
US,VT,05034
US,VT,05035
US,VT,05036
US,VT,05037
US,VT,05038
US,VT,05039
US,VT,05040
US,VT,05041
US,VT,05042
US,VT,05043
US,VT,05045
US,VT,05046
US,VT,05047
US,VT,05048
US,VT,05049
US,VT,05050
US,VT,05051
US,VT,05052
US,VT,05053
US,VT,05054
US,VT,05055
US,VT,05056
US,VT,05058
US,VT,05059
US,VT,05060
US,VT,05061
US,VT,05062
US,VT,05065
US,VT,05067
US,VT,05068
US,VT,05069
US,VT,05070
US,VT,05071
US,VT,05072
US,VT,05073
US,VT,05074
US,VT,05075
US,VT,05076
US,VT,05077
US,VT,05079
US,VT,05081
US,VT,05083
US,VT,05084
US,VT,05085
US,VT,05086
US,VT,05088
US,VT,05089
US,VT,05091
US,VT,05101
US,VT,05141
US,VT,05142
US,VT,05143
US,VT,05146
US,VT,05148
US,VT,05149
US,VT,05150
US,VT,05151
US,VT,05152
US,VT,05153
US,VT,05154
US,VT,05155
US,VT,05156
US,VT,05158
US,VT,05159
US,VT,05161
US,VT,05201
US,VT,05250
US,VT,05251
US,VT,05252
US,VT,05253
US,VT,05254
US,VT,05255
US,VT,05257
US,VT,05260
US,VT,05261
US,VT,05262
US,VT,05301
US,VT,05302
US,VT,05303
US,VT,05304
US,VT,05340
US,VT,05341
US,VT,05342
US,VT,05343
US,VT,05344
US,VT,05345
US,VT,05346
US,VT,05350
US,VT,05351
US,VT,05352
US,VT,05353
US,VT,05354
US,VT,05355
US,VT,05356
US,VT,05357
US,VT,05358
US,VT,05359
US,VT,05360
US,VT,05361
US,VT,05362
US,VT,05363
US,VT,05401
US,VT,05402
US,VT,05403
US,VT,05404
US,VT,05405
US,VT,05406
US,VT,05407
US,VT,05408
US,VT,05439
US,VT,05440
US,VT,05441
US,VT,05442
US,VT,05443
US,VT,05444
US,VT,05445
US,VT,05446
US,VT,05447
US,VT,05448
US,VT,05449
US,VT,05450
US,VT,05451
US,VT,05452
US,VT,05453
US,VT,05454
US,VT,05455
US,VT,05456
US,VT,05457
US,VT,05458
US,VT,05459
US,VT,05460
US,VT,05461
US,VT,05462
US,VT,05463
US,VT,05464
US,VT,05465
US,VT,05466
US,VT,05468
US,VT,05469
US,VT,05470
US,VT,05471
US,VT,05472
US,VT,05473
US,VT,05474
US,VT,05476
US,VT,05477
US,VT,05478
US,VT,05479
US,VT,05481
US,VT,05482
US,VT,05483
US,VT,05485
US,VT,05486
US,VT,05487
US,VT,05488
US,VT,05489
US,VT,05490
US,VT,05491
US,VT,05492
US,VT,05494
US,VT,05495
US,VT,05501
US,VT,05601
US,VT,05602
US,VT,05603
US,VT,05604
US,VT,05609
US,VT,05620
US,VT,05633
US,VT,05640
US,VT,05641
US,VT,05647
US,VT,05648
US,VT,05649
US,VT,05650
US,VT,05651
US,VT,05652
US,VT,05653
US,VT,05654
US,VT,05655
US,VT,05656
US,VT,05657
US,VT,05658
US,VT,05660
US,VT,05661
US,VT,05662
US,VT,05663
US,VT,05664
US,VT,05665
US,VT,05666
US,VT,05667
US,VT,05669
US,VT,05670
US,VT,05671
US,VT,05672
US,VT,05673
US,VT,05674
US,VT,05675
US,VT,05676
US,VT,05677
US,VT,05678
US,VT,05679
US,VT,05680
US,VT,05681
US,VT,05682
US,VT,05701
US,VT,05702
US,VT,05730
US,VT,05731
US,VT,05732
US,VT,05733
US,VT,05734
US,VT,05735
US,VT,05736
US,VT,05737
US,VT,05738
US,VT,05739
US,VT,05740
US,VT,05741
US,VT,05742
US,VT,05743
US,VT,05744
US,VT,05745
US,VT,05746
US,VT,05747
US,VT,05748
US,VT,05750
US,VT,05751
US,VT,05753
US,VT,05757
US,VT,05758
US,VT,05759
US,VT,05760
US,VT,05761
US,VT,05762
US,VT,05763
US,VT,05764
US,VT,05765
US,VT,05766
US,VT,05767
US,VT,05768
US,VT,05769
US,VT,05770
US,VT,05772
US,VT,05773
US,VT,05774
US,VT,05775
US,VT,05776
US,VT,05777
US,VT,05778
US,VT,05819
US,VT,05820
US,VT,05821
US,VT,05822
US,VT,05823
US,VT,05824
US,VT,05825
US,VT,05826
US,VT,05827
US,VT,05828
US,VT,05829
US,VT,05830
US,VT,05832
US,VT,05833
US,VT,05836
US,VT,05837
US,VT,05838
US,VT,05839
US,VT,05840
US,VT,05841
US,VT,05842
US,VT,05843
US,VT,05845
US,VT,05846
US,VT,05847
US,VT,05848
US,VT,05849
US,VT,05850
US,VT,05851
US,VT,05853
US,VT,05855
US,VT,05857
US,VT,05858
US,VT,05859
US,VT,05860
US,VT,05861
US,VT,05862
US,VT,05863
US,VT,05866
US,VT,05867
US,VT,05868
US,VT,05871
US,VT,05872
US,VT,05873
US,VT,05874
US,VT,05875
US,VT,05901
US,VT,05902
US,VT,05903
US,VT,05904
US,VT,05905
US,VT,05906
US,VT,05907
US,CT,06001
US,CT,06002
US,CT,06006
US,CT,06010
US,CT,06011
US,CT,06013
US,CT,06016
US,CT,06018
US,CT,06019
US,CT,06020
US,CT,06021
US,CT,06022
US,CT,06023
US,CT,06024
US,CT,06025
US,CT,06026
US,CT,06027
US,CT,06028
US,CT,06029
US,CT,06030
US,CT,06031
US,CT,06032
US,CT,06033
US,CT,06034
US,CT,06035
US,CT,06037
US,CT,06039
US,CT,06040
US,CT,06041
US,CT,06042
US,CT,06043
US,CT,06045
US,CT,06050
US,CT,06051
US,CT,06052
US,CT,06053
US,CT,06057
US,CT,06058
US,CT,06059
US,CT,06060
US,CT,06061
US,CT,06062
US,CT,06063
US,CT,06064
US,CT,06065
US,CT,06066
US,CT,06067
US,CT,06068
US,CT,06069
US,CT,06070
US,CT,06071
US,CT,06072
US,CT,06073
US,CT,06074
US,CT,06075
US,CT,06076
US,CT,06077
US,CT,06078
US,CT,06079
US,CT,06080
US,CT,06081
US,CT,06082
US,CT,06083
US,CT,06084
US,CT,06085
US,CT,06088
US,CT,06089
US,CT,06090
US,CT,06091
US,CT,06092
US,CT,06093
US,CT,06094
US,CT,06095
US,CT,06096
US,CT,06098
US,CT,06101
US,CT,06102
US,CT,06103
US,CT,06104
US,CT,06105
US,CT,06106
US,CT,06107
US,CT,06108
US,CT,06109
US,CT,06110
US,CT,06111
US,CT,06112
US,CT,06114
US,CT,06115
US,CT,06117
US,CT,06118
US,CT,06119
US,CT,06120
US,CT,06123
US,CT,06126
US,CT,06127
US,CT,06128
US,CT,06129
US,CT,06131
US,CT,06132
US,CT,06133
US,CT,06134
US,CT,06137
US,CT,06138
US,CT,06140
US,CT,06141
US,CT,06142
US,CT,06143
US,CT,06144
US,CT,06145
US,CT,06146
US,CT,06147
US,CT,06150
US,CT,06151
US,CT,06152
US,CT,06153
US,CT,06154
US,CT,06155
US,CT,06156
US,CT,06160
US,CT,06161
US,CT,06167
US,CT,06176
US,CT,06180
US,CT,06183
US,CT,06199
US,CT,06226
US,CT,06230
US,CT,06231
US,CT,06232
US,CT,06233
US,CT,06234
US,CT,06235
US,CT,06237
US,CT,06238
US,CT,06239
US,CT,06241
US,CT,06242
US,CT,06243
US,CT,06244
US,CT,06245
US,CT,06246
US,CT,06247
US,CT,06248
US,CT,06249
US,CT,06250
US,CT,06251
US,CT,06254
US,CT,06255
US,CT,06256
US,CT,06258
US,CT,06259
US,CT,06260
US,CT,06262
US,CT,06263
US,CT,06264
US,CT,06265
US,CT,06266
US,CT,06267
US,CT,06268
US,CT,06269
US,CT,06277
US,CT,06278
US,CT,06279
US,CT,06280
US,CT,06281
US,CT,06282
US,CT,06320
US,CT,06330
US,CT,06331
US,CT,06332
US,CT,06333
US,CT,06334
US,CT,06335
US,CT,06336
US,CT,06338
US,CT,06339
US,CT,06340
US,CT,06349
US,CT,06350
US,CT,06351
US,CT,06353
US,CT,06354
US,CT,06355
US,CT,06357
US,CT,06359
US,CT,06360
US,CT,06365
US,CT,06370
US,CT,06371
US,CT,06372
US,CT,06373
US,CT,06374
US,CT,06375
US,CT,06376
US,CT,06377
US,CT,06378
US,CT,06379
US,CT,06380
US,CT,06382
US,CT,06383
US,CT,06384
US,CT,06385
US,CT,06387
US,CT,06388
US,CT,06389
US,CT,06390
US,CT,06401
US,CT,06403
US,CT,06404
US,CT,06405
US,CT,06408
US,CT,06409
US,CT,06410
US,CT,06411
US,CT,06412
US,CT,06413
US,CT,06414
US,CT,06415
US,CT,06416
US,CT,06417
US,CT,06418
US,CT,06419
US,CT,06420
US,CT,06422
US,CT,06423
US,CT,06424
US,CT,06426
US,CT,06437
US,CT,06438
US,CT,06439
US,CT,06440
US,CT,06441
US,CT,06442
US,CT,06443
US,CT,06444
US,CT,06447
US,CT,06450
US,CT,06451
US,CT,06455
US,CT,06456
US,CT,06457
US,CT,06459
US,CT,06460
US,CT,06461
US,CT,06467
US,CT,06468
US,CT,06469
US,CT,06470
US,CT,06471
US,CT,06472
US,CT,06473
US,CT,06474
US,CT,06475
US,CT,06477
US,CT,06478
US,CT,06479
US,CT,06480
US,CT,06481
US,CT,06482
US,CT,06483
US,CT,06484
US,CT,06487
US,CT,06488
US,CT,06489
US,CT,06491
US,CT,06492
US,CT,06493
US,CT,06494
US,CT,06495
US,CT,06498
US,CT,06501
US,CT,06502
US,CT,06503
US,CT,06504
US,CT,06505
US,CT,06506
US,CT,06507
US,CT,06508
US,CT,06509
US,CT,06510
US,CT,06511
US,CT,06512
US,CT,06513
US,CT,06514
US,CT,06515
US,CT,06516
US,CT,06517
US,CT,06518
US,CT,06519
US,CT,06520
US,CT,06521
US,CT,06524
US,CT,06525
US,CT,06530
US,CT,06531
US,CT,06532
US,CT,06533
US,CT,06534
US,CT,06535
US,CT,06536
US,CT,06537
US,CT,06538
US,CT,06540
US,CT,06601
US,CT,06602
US,CT,06604
US,CT,06605
US,CT,06606
US,CT,06607
US,CT,06608
US,CT,06610
US,CT,06611
US,CT,06612
US,CT,06614
US,CT,06615
US,CT,06673
US,CT,06699
US,CT,06701
US,CT,06702
US,CT,06703
US,CT,06704
US,CT,06705
US,CT,06706
US,CT,06708
US,CT,06710
US,CT,06712
US,CT,06716
US,CT,06720
US,CT,06721
US,CT,06722
US,CT,06723
US,CT,06724
US,CT,06725
US,CT,06726
US,CT,06749
US,CT,06750
US,CT,06751
US,CT,06752
US,CT,06753
US,CT,06754
US,CT,06755
US,CT,06756
US,CT,06757
US,CT,06758
US,CT,06759
US,CT,06762
US,CT,06763
US,CT,06770
US,CT,06776
US,CT,06777
US,CT,06778
US,CT,06779
US,CT,06781
US,CT,06782
US,CT,06783
US,CT,06784
US,CT,06785
US,CT,06786
US,CT,06787
US,CT,06790
US,CT,06791
US,CT,06792
US,CT,06793
US,CT,06794
US,CT,06795
US,CT,06796
US,CT,06798
US,CT,06801
US,CT,06804
US,CT,06807
US,CT,06810
US,CT,06811
US,CT,06812
US,CT,06813
US,CT,06814
US,CT,06816
US,CT,06817
US,CT,06820
US,CT,06824
US,CT,06825
US,CT,06828
US,NY,13643
US,NY,13645
US,NY,13646
US,NY,13647
US,NY,13648
US,NY,13649
US,NY,13650
US,NY,13651
US,NY,13652
US,NY,13654
US,NY,13655
US,NY,13656
US,NY,13657
US,NY,13658
US,NY,13659
US,NY,13660
US,NY,13661
US,NY,13662
US,NY,13664
US,NY,13665
US,NY,13666
US,NY,13667
US,NY,13668
US,NY,13669
US,NY,13670
US,NY,13671
US,NY,13672
US,NY,13673
US,NY,13674
US,NY,13675
US,NY,13676
US,NY,13677
US,NY,13678
US,NY,13679
US,NY,13680
US,NY,13681
US,NY,13682
US,NY,13683
US,NY,13684
US,NY,13685
US,NY,13687
US,NY,13690
US,NY,13691
US,NY,13692
US,NY,13693
US,NY,13694
US,NY,13695
US,NY,13696
US,NY,13697
US,NY,13699
US,NY,13730
US,NY,13731
US,NY,13732
US,NY,13733
US,NY,13734
US,NY,13736
US,NY,13737
US,NY,13738
US,NY,13739
US,NY,13740
US,NY,13743
US,NY,13744
US,NY,13745
US,NY,13746
US,NY,13747
US,NY,13748
US,NY,13749
US,NY,13750
US,NY,13751
US,NY,13752
US,NY,13753
US,NY,13754
US,NY,13755
US,NY,13756
US,NY,13757
US,NY,13758
US,NY,13760
US,NY,13761
US,NY,13762
US,NY,13763
US,NY,13774
US,NY,13775
US,NY,13776
US,NY,13777
US,NY,13778
US,NY,13780
US,NY,13782
US,NY,13783
US,NY,13784
US,NY,13786
US,NY,13787
US,NY,13788
US,NY,13790
US,NY,13794
US,NY,13795
US,NY,13796
US,NY,13797
US,NY,13801
US,NY,13802
US,NY,13803
US,NY,13804
US,NY,13806
US,NY,13807
US,NY,13808
US,NY,13809
US,NY,13810
US,NY,13811
US,NY,13812
US,NY,13813
US,NY,13814
US,NY,13815
US,NY,13820
US,NY,13825
US,NY,13826
US,NY,13827
US,NY,13830
US,NY,13832
US,NY,13833
US,NY,13834
US,NY,13835
US,NY,13838
US,NY,13839
US,NY,13840
US,NY,13841
US,NY,13842
US,NY,13843
US,NY,13844
US,NY,13845
US,NY,13846
US,NY,13847
US,NY,13848
US,NY,13849
US,NY,13850
US,NY,13851
US,NY,13856
US,NY,13859
US,NY,13860
US,NY,13861
US,NY,13862
US,NY,13863
US,NY,13864
US,NY,13865
US,NY,13901
US,NY,13902
US,NY,13903
US,NY,13904
US,NY,13905
US,NY,14001
US,NY,14004
US,NY,14005
US,NY,14006
US,NY,14008
US,NY,14009
US,NY,14010
US,NY,14011
US,NY,14012
US,NY,14013
US,NY,14020
US,NY,14021
US,NY,14024
US,NY,14025
US,NY,14026
US,NY,14027
US,NY,14028
US,NY,14029
US,NY,14030
US,NY,14031
US,NY,14032
US,NY,14033
US,NY,14034
US,NY,14035
US,NY,14036
US,NY,14037
US,NY,14038
US,NY,14039
US,NY,14040
US,NY,14041
US,NY,14042
US,NY,14043
US,NY,14047
US,NY,14048
US,NY,14051
US,NY,14052
US,NY,14054
US,NY,14055
US,NY,14056
US,NY,14057
US,NY,14058
US,NY,14059
US,NY,14060
US,NY,14061
US,NY,14062
US,NY,14063
US,NY,14065
US,NY,14066
US,NY,14067
US,NY,14068
US,NY,14069
US,NY,14070
US,NY,14072
US,NY,14075
US,NY,14080
US,NY,14081
US,NY,14082
US,NY,14083
US,NY,14085
US,NY,14086
US,NY,14091
US,NY,14092
US,NY,14094
US,NY,14095
US,NY,14098
US,NY,14101
US,NY,14102
US,NY,14103
US,NY,14105
US,NY,14107
US,NY,14108
US,NY,14109
US,NY,14110
US,NY,14111
US,NY,14112
US,NY,14113
US,NY,14120
US,NY,14125
US,NY,14126
US,NY,14127
US,NY,14129
US,NY,14130
US,NY,14131
US,NY,14132
US,NY,14133
US,NY,14134
US,NY,14135
US,NY,14136
US,NY,14138
US,NY,14139
US,NY,14140
US,NY,14141
US,NY,14143
US,NY,14144
US,NY,14145
US,NY,14150
US,NY,14151
US,NY,14166
US,NY,14167
US,NY,14168
US,NY,14169
US,NY,14170
US,NY,14171
US,NY,14172
US,NY,14173
US,NY,14174
US,NY,14201
US,NY,14202
US,NY,14203
US,NY,14204
US,NY,14205
US,NY,14206
US,NY,14207
US,NY,14208
US,NY,14209
US,NY,14210
US,NY,14211
US,NY,14212
US,NY,14213
US,NY,14214
US,NY,14215
US,NY,14216
US,NY,12555
US,NY,12561
US,NY,12563
US,NY,12564
US,NY,12565
US,NY,12566
US,NY,12567
US,NY,12568
US,NY,12569
US,NY,12570
US,NY,12571
US,NY,12572
US,NY,12574
US,NY,12575
US,NY,12577
US,NY,12578
US,NY,12580
US,NY,12581
US,NY,12582
US,NY,12583
US,NY,12584
US,NY,12585
US,NY,12586
US,NY,12588
US,NY,12589
US,NY,12590
US,NY,12592
US,NY,12594
US,NY,12601
US,NY,12602
US,NY,12603
US,NY,12604
US,NY,12701
US,NY,12719
US,NY,12720
US,NY,12721
US,NY,12722
US,NY,12723
US,NY,12724
US,NY,12725
US,NY,12726
US,NY,12727
US,NY,12729
US,NY,12732
US,NY,12733
US,NY,12734
US,NY,12736
US,NY,12737
US,NY,12738
US,NY,12740
US,NY,12741
US,NY,12742
US,NY,12743
US,NY,12745
US,NY,12746
US,NY,12747
US,NY,12748
US,NY,12749
US,NY,12750
US,NY,12751
US,NY,12752
US,NY,12754
US,NY,12758
US,NY,12759
US,NY,12760
US,NY,12762
US,NY,12763
US,NY,12764
US,NY,12765
US,NY,12766
US,NY,12767
US,NY,12768
US,NY,12769
US,NY,12770
US,NY,12771
US,NY,12775
US,NY,12776
US,NY,12777
US,NY,12778
US,NY,12779
US,NY,12780
US,NY,12781
US,NY,12783
US,NY,12784
US,NY,12785
US,NY,12786
US,NY,12787
US,NY,12788
US,NY,12789
US,NY,12790
US,NY,12791
US,NY,12792
US,NY,12801
US,NY,12803
US,NY,12804
US,NY,12808
US,NY,12809
US,NY,12810
US,NY,12811
US,NY,12812
US,NY,12814
US,NY,12815
US,NY,12816
US,NY,12817
US,NY,12819
US,NY,12820
US,NY,12821
US,NY,12822
US,NY,12823
US,NY,12824
US,NY,12827
US,NY,12828
US,NY,12831
US,NY,12832
US,NY,12833
US,NY,12834
US,NY,12835
US,NY,12836
US,NY,12837
US,NY,12838
US,NY,12839
US,NY,12841
US,NY,12842
US,NY,12843
US,NY,12844
US,NY,12845
US,NY,12846
US,NY,12847
US,NY,12848
US,NY,12849
US,NY,12850
US,NY,12851
US,NY,12852
US,NY,12853
US,NY,12854
US,NY,12855
US,NY,12856
US,NY,12857
US,NY,12858
US,NY,12859
US,NY,12860
US,NY,12861
US,NY,12862
US,NY,12863
US,NY,12864
US,NY,12865
US,NY,12866
US,NY,12870
US,NY,12871
US,NY,12872
US,NY,12873
US,NY,12874
US,NY,12878
US,NY,12879
US,NY,12883
US,NY,12884
US,NY,12885
US,NY,12886
US,NY,12887
US,NY,12901
US,NY,12903
US,NY,12910
US,NY,12911
US,NY,12912
US,NY,12913
US,NY,12914
US,NY,12915
US,NY,12916
US,NY,12917
US,NY,12918
US,NY,12919
US,NY,12920
US,NY,12921
US,NY,12922
US,NY,12923
US,NY,12924
US,NY,12926
US,NY,12927
US,NY,12928
US,NY,12929
US,NY,12930
US,NY,12932
US,NY,12933
US,NY,12934
US,NY,12935
US,NY,12936
US,NY,12937
US,NY,12939
US,NY,12941
US,NY,12942
US,NY,12943
US,NY,12944
US,NY,12945
US,NY,12946
US,NY,12949
US,NY,12950
US,NY,12952
US,NY,12953
US,NY,12955
US,NY,12956
US,NY,12957
US,NY,12958
US,NY,12959
US,NY,12960
US,NY,12961
US,NY,12962
US,NY,12964
US,NY,12965
US,NY,12966
US,NY,12967
US,NY,12969
US,NY,12970
US,NY,12972
US,NY,12973
US,NY,12974
US,NY,12975
US,NY,12976
US,NY,12977
US,NY,12978
US,NY,12979
US,NY,12980
US,NY,12981
US,NY,12983
US,NY,12985
US,NY,12986
US,NY,12987
US,NY,12989
US,NY,12992
US,NY,12993
US,NY,12995
US,NY,12996
US,NY,12997
US,NY,12998
US,NY,13020
US,NY,13021
US,NY,13022
US,NY,13024
US,NY,13026
US,NY,13027
US,NY,13028
US,NY,13029
US,NY,13030
US,NY,13031
US,NY,13032
US,NY,13033
US,NY,13034
US,NY,13035
US,NY,13036
US,NY,13037
US,NY,13039
US,NY,13040
US,NY,13041
US,NY,13042
US,NY,13043
US,NY,13044
US,NY,13045
US,NY,13051
US,NY,13052
US,NY,13053
US,NY,13054
US,NY,13056
US,NY,13057
US,NY,13060
US,NY,13061
US,NY,13062
US,NY,13063
US,NY,13064
US,NY,13065
US,NY,13066
US,AE,09804
US,AE,09805
US,AE,09806
US,AE,09808
US,AE,09809
US,AE,09810
US,AE,09811
US,AE,09812
US,AE,09813
US,AE,09814
US,AE,09815
US,AE,09816
US,AE,09817
US,AE,09818
US,AE,09820
US,AE,09821
US,AE,09822
US,AE,09823
US,AE,09824
US,AE,09825
US,AE,09826
US,AE,09827
US,AE,09828
US,AE,09829
US,AE,09830
US,AE,09831
US,AE,09832
US,AE,09833
US,AE,09834
US,AE,09836
US,AE,09837
US,AE,09838
US,AE,09839
US,AE,09841
US,AE,09842
US,AE,09844
US,AE,09845
US,AE,09846
US,AE,09847
US,AE,09848
US,AE,09851
US,AE,09852
US,AE,09853
US,AE,09854
US,AE,09855
US,AE,09856
US,AE,09857
US,AE,09858
US,AE,09859
US,AE,09860
US,AE,09861
US,AE,09862
US,AE,09863
US,AE,09864
US,AE,09865
US,AE,09867
US,AE,09868
US,AE,09869
US,AE,09870
US,AE,09873
US,AE,09874
US,AE,09875
US,AE,09876
US,AE,09877
US,AE,09880
US,AE,09890
US,AE,09892
US,AE,09895
US,AE,09898
US,AE,09901
US,AE,09902
US,AE,09903
US,AE,09904
US,AE,09908
US,AE,09909
US,AE,09910
US,AE,09974
US,AE,09975
US,AE,09976
US,AE,09977
US,NY,10001
US,NY,10002
US,NY,10003
US,NY,10004
US,NY,10005
US,NY,10006
US,NY,10007
US,NY,10008
US,NY,10009
US,NY,10010
US,NY,10011
US,NY,10012
US,NY,10013
US,NY,10014
US,NY,10016
US,NY,10017
US,NY,10018
US,NY,10019
US,NY,10020
US,NY,10021
US,NY,10022
US,NY,10023
US,NY,10024
US,NY,10025
US,NY,10026
US,NY,10027
US,NY,10028
US,NY,10029
US,NY,10030
US,NY,10031
US,NY,10032
US,NY,10033
US,NY,10034
US,NY,10035
US,NY,10036
US,NY,10037
US,NY,10038
US,NY,10039
US,NY,10040
US,NY,10041
US,NY,10043
US,NY,10044
US,NY,10045
US,NY,10055
US,NY,10060
US,NY,10065
US,NY,10069
US,NY,10075
US,NY,10080
US,NY,10081
US,NY,10087
US,NY,10090
US,NY,10101
US,NY,10102
US,NY,10103
US,NY,10104
US,NY,10105
US,NY,10106
US,NY,10107
US,NY,10108
US,NY,10109
US,NY,10110
US,NY,10111
US,NY,10112
US,NY,10113
US,NY,10114
US,NY,10115
US,NY,10116
US,NY,10117
US,NY,10118
US,NY,10119
US,NY,10120
US,NY,10121
US,NY,10122
US,NY,10123
US,NY,10124
US,NY,10125
US,NY,10126
US,NY,10128
US,NY,10129
US,NY,10130
US,NY,10131
US,NY,10132
US,NY,10133
US,NY,10138
US,NY,10150
US,NY,10151
US,NY,10152
US,NY,10153
US,NY,10154
US,NY,10155
US,NY,10156
US,NY,10157
US,NY,10158
US,NY,10159
US,NY,10160
US,NY,10162
US,NY,10163
US,NY,10164
US,NY,10165
US,NY,10166
US,NY,10167
US,NY,10168
US,NY,10169
US,NY,10170
US,NY,10171
US,NY,10172
US,NY,10173
US,NY,10174
US,NY,10175
US,NY,10176
US,NY,10177
US,NY,10178
US,NY,10179
US,NY,10185
US,NY,10199
US,NY,10203
US,NY,10211
US,NY,10212
US,NY,10213
US,NY,10242
US,NY,10249
US,NY,10256
US,NY,10258
US,NY,10259
US,NY,10260
US,NY,10261
US,NY,10265
US,NY,10268
US,NY,10269
US,NY,10270
US,NY,10271
US,NY,10272
US,NY,10273
US,NY,10274
US,NY,10275
US,NY,10276
US,NY,10277
US,NY,10278
US,NY,10279
US,NY,10280
US,NY,10281
US,NY,10282
US,NY,10285
US,NY,10286
US,NY,10301
US,NY,10302
US,NY,10303
US,NY,10304
US,NY,10305
US,NY,10306
US,NY,10307
US,NY,10308
US,NY,10309
US,NY,10310
US,NY,10311
US,NY,10312
US,NY,10313
US,NY,10314
US,NY,10451
US,NY,10452
US,NY,10453
US,NY,10454
US,NY,10455
US,NY,10456
US,NY,10457
US,NY,10458
US,NY,10459
US,NY,10460
US,NY,10461
US,NY,10462
US,NY,10463
US,NY,10464
US,NY,10465
US,NY,10466
US,NY,10467
US,NY,10468
US,NY,10469
US,NY,10470
US,NY,10471
US,NY,10472
US,NY,10473
US,NY,10474
US,NY,10475
US,NY,10501
US,NY,10502
US,NY,10503
US,NY,10504
US,NY,10505
US,NY,10506
US,NY,10507
US,NY,10509
US,NY,10510
US,NY,10511
US,NY,10512
US,NY,10514
US,NY,10516
US,NY,10517
US,NY,10518
US,NY,10519
US,NY,10520
US,NY,10521
US,NY,10522
US,NY,10523
US,NY,10524
US,NY,10526
US,NY,10527
US,NY,10528
US,NY,10530
US,NY,10532
US,NY,10533
US,NY,10535
US,NY,10536
US,NY,10537
US,NY,10538
US,NY,10540
US,NY,10541
US,NY,10542
US,NY,10543
US,NY,10545
US,NY,10546
US,NY,10547
US,NY,10548
US,NY,10549
US,NY,10550
US,NY,10551
US,NY,10552
US,NY,10553
US,NY,10560
US,NY,10562
US,NY,10566
US,NY,10567
US,NY,10570
US,NY,10573
US,NY,10576
US,NY,10577
US,NY,10578
US,NY,10579
US,NY,10580
US,NY,10583
US,NY,10587
US,NY,10588
US,NY,10589
US,NY,10590
US,NY,10591
US,NY,10594
US,NY,10595
US,NY,10596
US,NY,10597
US,NY,10598
US,NY,10601
US,NY,10602
US,NY,10603
US,NY,10604
US,NY,10605
US,NY,10606
US,NY,10607
US,NY,10610
US,NY,10701
US,NY,10702
US,NY,10703
US,NY,10704
US,NY,10705
US,NY,10706
US,NY,10707
US,NY,10708
US,NY,10709
US,NY,10710
US,NY,10801
US,NY,10802
US,NY,10803
US,NY,10804
US,NY,10805
US,NY,10901
US,NY,10910
US,NY,10911
US,NY,10912
US,NY,10913
US,NY,10914
US,NY,10915
US,NY,10916
US,NY,10917
US,NY,10918
US,NY,10919
US,NY,10920
US,NY,10921
US,NY,10922
US,NY,10923
US,NY,10924
US,NY,10925
US,NY,10926
US,NY,10927
US,NY,10928
US,NY,10930
US,NY,10931
US,NY,10932
US,NY,10933
US,NY,10940
US,NY,10941
US,NY,10949
US,NY,10950
US,NY,10952
US,NY,10953
US,NY,10954
US,NY,10956
US,NY,10958
US,NY,10959
US,NY,10960
US,NY,10962
US,NY,10963
US,NY,10964
US,NY,10965
US,NY,10968
US,NY,10969
US,NY,10970
US,NY,10973
US,NY,10974
US,NY,10975
US,NY,10976
US,NY,10977
US,NY,10979
US,NY,10980
US,NY,10981
US,NY,10982
US,NY,10983
US,NY,10984
US,NY,10985
US,NY,10986
US,NY,10987
US,NY,10988
US,NY,10989
US,NY,10990
US,NY,10992
US,NY,10993
US,NY,10994
US,NY,10996
US,NY,10997
US,NY,10998
US,NY,11001
US,NY,11002
US,NY,11003
US,NY,11004
US,NY,11005
US,NY,11010
US,NY,11020
US,NY,11021
US,NY,11022
US,NY,11023
US,NY,11024
US,NY,11026
US,NY,11027
US,NY,11030
US,NY,11040
US,NY,11042
US,NY,11050
US,NY,11051
US,NY,11052
US,NY,11053
US,NY,11054
US,NY,11055
US,NY,11096
US,NY,11101
US,NY,11102
US,NY,11103
US,NY,11104
US,NY,11105
US,NY,11106
US,NY,11109
US,NY,11120
US,NY,11201
US,NY,11202
US,NY,11203
US,NY,11204
US,NY,11205
US,NY,11206
US,NY,11207
US,NY,11208
US,NY,11209
US,NY,11210
US,NY,11211
US,NY,11212
US,NY,11213
US,NY,11214
US,NY,11215
US,NY,11216
US,NY,11217
US,NY,11218
US,NY,11219
US,NY,11220
US,NY,11221
US,NY,11222
US,NY,11223
US,NY,11224
US,NY,11225
US,NY,11226
US,NY,11228
US,NY,11229
US,NY,11230
US,NY,11231
US,NY,11232
US,NY,11233
US,NY,11234
US,NY,11235
US,NY,11236
US,NY,11237
US,NY,11238
US,NY,11239
US,NY,11241
US,NY,11242
US,NY,11243
US,NY,11245
US,NY,11247
US,NY,11249
US,NY,11251
US,NY,11252
US,NY,11256
US,NY,11351
US,NY,11352
US,NY,11354
US,NY,11355
US,NY,11356
US,NY,11357
US,NY,11358
US,NY,11359
US,NY,11360
US,NY,11361
US,NY,11362
US,NY,11363
US,NY,11364
US,NY,11365
US,NY,11366
US,NY,11367
US,NY,11368
US,NY,11369
US,NY,11370
US,NY,11371
US,NY,11372
US,NY,11373
US,NY,11374
US,NY,11375
US,NY,11377
US,NY,11378
US,NY,11379
US,NY,11380
US,NY,11381
US,NY,11385
US,NY,11386
US,NY,11405
US,NY,11411
US,NY,11412
US,NY,11413
US,NY,11414
US,NY,11415
US,NY,11416
US,NY,11417
US,NY,11418
US,NY,11419
US,NY,11420
US,NY,11421
US,NY,11422
US,NY,11423
US,NY,11424
US,NY,11425
US,NY,11426
US,NY,11427
US,NY,11428
US,NY,11429
US,NY,11430
US,NY,11431
US,NY,11432
US,NY,11433
US,NY,11434
US,NY,11435
US,NY,11436
US,NY,11437
US,NY,11439
US,NY,11451
US,NY,11499
US,NY,11501
US,NY,11507
US,NY,11509
US,NY,11510
US,NY,11514
US,NY,11516
US,NY,11518
US,NY,11520
US,NY,11530
US,NY,11531
US,NY,11542
US,NY,11545
US,NY,11547
US,NY,11548
US,NY,11549
US,NY,11550
US,NY,11551
US,NY,11552
US,NY,11553
US,NY,11554
US,NY,11555
US,NY,11556
US,NY,11557
US,NY,11558
US,NY,11559
US,NY,11560
US,NY,11561
US,NY,11563
US,NY,11565
US,NY,11566
US,NY,11568
US,NY,11569
US,NY,11570
US,NY,11571
US,NY,11572
US,NY,11575
US,NY,11576
US,NY,11577
US,NY,11579
US,NY,11580
US,NY,11581
US,NY,11582
US,NY,11590
US,NY,11596
US,NY,11598
US,NY,11599
US,NY,11690
US,NY,11691
US,NY,11692
US,NY,11693
US,NY,11694
US,NY,11695
US,NY,11697
US,NY,11701
US,NY,11702
US,NY,11703
US,NY,11704
US,NY,11705
US,NY,11706
US,NY,11707
US,NY,11709
US,NY,11710
US,NY,11713
US,NY,11714
US,NY,11715
US,NY,11716
US,NY,11717
US,NY,11718
US,NY,11719
US,NY,11720
US,NY,11721
US,NY,11722
US,NY,11724
US,NY,11725
US,NY,11726
US,NY,11727
US,NY,11729
US,NY,11730
US,NY,11731
US,NY,11732
US,NY,11733
US,NY,11735
US,NY,11737
US,NY,11738
US,NY,11739
US,NY,11740
US,NY,11741
US,NY,11742
US,NY,11743
US,NY,11746
US,NY,11747
US,NY,11749
US,NY,11751
US,NY,11752
US,NY,11753
US,NY,11754
US,NY,11755
US,NY,11756
US,NY,11757
US,NY,11758
US,NY,11760
US,NY,11762
US,NY,11763
US,NY,11764
US,NY,11765
US,NY,11766
US,NY,11767
US,NY,11768
US,NY,11769
US,NY,11770
US,NY,11771
US,NY,11772
US,NY,11773
US,NY,11775
US,NY,11776
US,NY,11777
US,NY,11778
US,NY,11779
US,NY,11780
US,NY,11782
US,NY,11783
US,NY,11784
US,NY,11786
US,NY,11787
US,NY,11788
US,NY,11789
US,NY,11790
US,NY,11791
US,NY,11792
US,NY,11793
US,NY,11794
US,NY,11795
US,NY,11796
US,NY,11797
US,NY,11798
US,NY,11801
US,NY,11802
US,NY,11803
US,NY,11804
US,NY,11815
US,NY,11853
US,NY,11901
US,NY,11930
US,NY,11931
US,NY,11932
US,NY,11933
US,NY,11934
US,NY,11935
US,NY,11937
US,NY,11939
US,NY,11940
US,NY,11941
US,NY,11942
US,NY,11944
US,NY,11946
US,NY,11947
US,NY,11948
US,NY,11949
US,NY,11950
US,NY,11951
US,NY,11952
US,NY,11953
US,NY,11954
US,NY,11955
US,NY,11956
US,NY,11957
US,NY,11958
US,NY,11959
US,NY,11960
US,NY,11961
US,NY,11962
US,NY,11963
US,NY,11964
US,NY,11965
US,NY,11967
US,NY,11968
US,NY,11969
US,NY,11970
US,NY,11971
US,NY,11972
US,NY,11973
US,NY,11975
US,NY,11976
US,NY,11977
US,NY,11978
US,NY,11980
US,NY,12007
US,NY,12008
US,NY,12009
US,NY,12010
US,NY,12015
US,NY,12016
US,NY,12017
US,NY,12018
US,NY,12019
US,NY,12020
US,NY,12022
US,NY,12023
US,NY,12024
US,NY,12025
US,NY,12027
US,NY,12028
US,NY,12029
US,NY,12031
US,NY,12032
US,NY,12033
US,NY,12035
US,NY,12036
US,NY,12037
US,NY,12040
US,NY,12041
US,NY,12042
US,NY,12043
US,NY,12045
US,NY,12046
US,NY,12047
US,NY,12050
US,NY,12051
US,NY,12052
US,NY,12053
US,NY,12054
US,NY,12055
US,NY,12056
US,NY,12057
US,NY,12058
US,NY,12059
US,NY,12060
US,NY,12061
US,NY,12062
US,NY,12063
US,NY,12064
US,NY,12065
US,NY,12066
US,NY,12067
US,NY,12068
US,NY,12069
US,NY,12070
US,NY,12071
US,NY,12072
US,NY,12073
US,NY,12074
US,NY,12075
US,NY,12076
US,NY,12077
US,NY,12078
US,NY,12082
US,NY,12083
US,NY,12084
US,NY,12085
US,NY,12086
US,NY,12087
US,NY,12089
US,NY,12090
US,NY,12092
US,NY,12093
US,NY,12094
US,NY,12095
US,NY,12106
US,NY,12107
US,NY,12108
US,NY,12110
US,NY,12115
US,NY,12116
US,NY,12117
US,NY,12118
US,NY,12120
US,NY,12121
US,NY,12122
US,NY,12123
US,NY,12124
US,NY,12125
US,NY,12128
US,NY,12130
US,NY,12131
US,NY,12132
US,NY,12133
US,NY,12134
US,NY,12136
US,NY,12137
US,NY,12138
US,NY,12139
US,NY,12140
US,NY,12141
US,NY,12143
US,NY,12144
US,NY,12147
US,NY,12148
US,NY,12149
US,NY,12150
US,NY,12151
US,NY,12153
US,NY,12154
US,NY,12155
US,NY,12156
US,NY,12157
US,NY,12158
US,NY,12159
US,NY,12160
US,NY,12161
US,NY,12164
US,NY,12165
US,NY,12166
US,NY,12167
US,NY,12168
US,NY,12169
US,NY,12170
US,NY,12172
US,NY,12173
US,NY,12174
US,NY,12175
US,NY,12176
US,NY,12177
US,NY,12180
US,NY,12181
US,NY,12182
US,NY,12183
US,NY,12184
US,NY,12185
US,NY,12186
US,NY,12187
US,NY,12188
US,NY,12189
US,NY,12190
US,NY,12192
US,NY,12193
US,NY,12194
US,NY,12195
US,NY,12196
US,NY,12197
US,NY,12198
US,NY,12201
US,NY,12202
US,NY,12203
US,NY,12204
US,NY,12205
US,NY,12206
US,NY,12207
US,NY,12208
US,NY,12209
US,NY,12210
US,NY,12211
US,NY,12212
US,NY,12214
US,NY,12220
US,NY,12222
US,NY,12223
US,NY,12224
US,NY,12225
US,NY,12226
US,NY,12227
US,NY,12228
US,NY,12229
US,NY,12230
US,NY,12231
US,NY,12232
US,NY,12233
US,NY,12234
US,NY,12235
US,NY,12236
US,NY,12237
US,NY,12238
US,NY,12239
US,NY,12240
US,NY,12241
US,NY,12242
US,NY,12243
US,NY,12244
US,NY,12245
US,NY,12246
US,NY,12247
US,NY,12248
US,NY,12249
US,NY,12250
US,NY,12255
US,NY,12257
US,NY,12260
US,NY,12261
US,NY,12288
US,NY,12301
US,NY,12302
US,NY,12303
US,NY,12304
US,NY,12305
US,NY,12306
US,NY,12307
US,NY,12308
US,NY,12309
US,NY,12325
US,NY,12345
US,NY,12401
US,NY,12402
US,NY,12404
US,NY,12405
US,NY,12406
US,NY,12407
US,NY,12409
US,NY,12410
US,NY,12411
US,NY,12412
US,NY,12413
US,NY,12414
US,NY,12416
US,NY,12417
US,NY,12418
US,NY,12419
US,NY,12420
US,NY,12421
US,NY,12422
US,NY,12423
US,NY,12424
US,NY,12427
US,NY,12428
US,NY,12429
US,NY,12430
US,NY,12431
US,NY,12432
US,NY,12433
US,NY,12434
US,NY,12435
US,NY,12436
US,NY,12438
US,NY,12439
US,NY,12440
US,NY,12441
US,NY,12442
US,NY,12443
US,NY,12444
US,NY,12446
US,NY,12448
US,NY,12449
US,NY,12450
US,NY,12451
US,NY,12452
US,NY,12453
US,NY,12454
US,NY,12455
US,NY,12456
US,NY,12457
US,NY,12458
US,NY,12459
US,NY,12460
US,NY,12461
US,NY,12463
US,NY,12464
US,NY,12465
US,NY,12466
US,NY,12468
US,NY,12469
US,NY,12470
US,NY,12471
US,NY,12472
US,NY,12473
US,NY,12474
US,NY,12475
US,NY,12477
US,NY,12480
US,NY,12481
US,NY,12482
US,NY,12483
US,NY,12484
US,NY,12485
US,NY,12486
US,NY,12487
US,NY,12489
US,NY,12490
US,NY,12491
US,NY,12492
US,NY,12493
US,NY,12494
US,NY,12495
US,NY,12496
US,NY,12498
US,NY,12501
US,NY,12502
US,NY,12503
US,NY,12504
US,NY,12506
US,NY,12507
US,NY,12508
US,NY,12510
US,NY,12511
US,NY,12512
US,NY,12513
US,NY,12514
US,NY,12515
US,NY,12516
US,NY,12517
US,NY,12518
US,NY,12520
US,NY,12521
US,NY,12522
US,NY,12523
US,NY,12524
US,NY,12525
US,NY,12526
US,NY,12527
US,NY,12528
US,NY,12529
US,NY,12530
US,NY,12531
US,NY,12533
US,NY,12534
US,NY,12537
US,NY,12538
US,NY,12540
US,NY,12541
US,NY,12542
US,NY,12543
US,NY,12544
US,NY,12545
US,NY,12546
US,NY,12547
US,NY,12548
US,NY,12549
US,NY,12550
US,NY,12551
US,NY,12552
US,NY,12553
US,NY,13068
US,NY,13069
US,NY,13071
US,NY,13072
US,NY,13073
US,NY,13074
US,NY,13076
US,NY,13077
US,NY,13078
US,NY,13080
US,NY,13081
US,NY,13082
US,NY,13083
US,NY,13084
US,NY,13087
US,NY,13088
US,NY,13089
US,NY,13090
US,NY,13092
US,NY,13093
US,NY,13101
US,NY,13102
US,NY,13103
US,NY,13104
US,NY,13107
US,NY,13108
US,NY,13110
US,NY,13111
US,NY,13112
US,NY,13113
US,NY,13114
US,NY,13115
US,NY,13116
US,NY,13117
US,NY,13118
US,NY,13119
US,NY,13120
US,NY,13121
US,NY,13122
US,NY,13123
US,NY,13124
US,NY,13126
US,NY,13131
US,NY,13132
US,NY,13134
US,NY,13135
US,NY,13136
US,NY,13137
US,NY,13138
US,NY,13139
US,NY,13140
US,NY,13141
US,NY,13142
US,NY,13143
US,NY,13144
US,NY,13145
US,NY,13146
US,NY,13147
US,NY,13148
US,NY,13152
US,NY,13153
US,NY,13154
US,NY,13155
US,NY,13156
US,NY,13157
US,NY,13158
US,NY,13159
US,NY,13160
US,NY,13162
US,NY,13163
US,NY,13164
US,NY,13165
US,NY,13166
US,NY,13167
US,NY,13201
US,NY,13202
US,NY,13203
US,NY,13204
US,NY,13205
US,NY,13206
US,NY,13207
US,NY,13208
US,NY,13209
US,NY,13210
US,NY,13211
US,NY,13212
US,NY,13214
US,NY,13215
US,NY,13217
US,NY,13218
US,NY,13219
US,NY,13220
US,NY,13221
US,NY,13224
US,NY,13225
US,NY,13235
US,NY,13244
US,NY,13250
US,NY,13251
US,NY,13252
US,NY,13261
US,NY,13290
US,NY,13301
US,NY,13302
US,NY,13303
US,NY,13304
US,NY,13305
US,NY,13308
US,NY,13309
US,NY,13310
US,NY,13312
US,NY,13313
US,NY,13314
US,NY,13315
US,NY,13316
US,NY,13317
US,NY,13318
US,NY,13319
US,NY,13320
US,NY,13321
US,NY,13322
US,NY,13323
US,NY,13324
US,NY,13325
US,NY,13326
US,NY,13327
US,NY,13328
US,NY,13329
US,NY,13331
US,NY,13332
US,NY,13333
US,NY,13334
US,NY,13335
US,NY,13337
US,NY,13338
US,NY,13339
US,NY,13340
US,NY,13341
US,NY,13342
US,NY,13343
US,NY,13345
US,NY,13346
US,NY,13348
US,NY,13350
US,NY,13352
US,NY,13353
US,NY,13354
US,NY,13355
US,NY,13357
US,NY,13360
US,NY,13361
US,NY,13362
US,NY,13363
US,NY,13364
US,NY,13365
US,NY,13367
US,NY,13368
US,NY,13401
US,NY,13402
US,NY,13403
US,NY,13404
US,NY,13406
US,NY,13407
US,NY,13408
US,NY,13409
US,NY,13410
US,NY,13411
US,NY,13413
US,NY,13415
US,NY,13416
US,NY,13417
US,NY,13418
US,NY,13420
US,NY,13421
US,NY,13424
US,NY,13425
US,NY,13426
US,NY,13428
US,NY,13431
US,NY,13433
US,NY,13435
US,NY,13436
US,NY,13437
US,NY,13438
US,NY,13439
US,NY,13440
US,NY,13441
US,NY,13442
US,NY,13449
US,NY,13450
US,NY,13452
US,NY,13454
US,NY,13455
US,NY,13456
US,NY,13457
US,NY,13459
US,NY,13460
US,NY,13461
US,NY,13464
US,NY,13465
US,NY,13468
US,NY,13469
US,NY,13470
US,NY,13471
US,NY,13472
US,NY,13473
US,NY,13475
US,NY,13476
US,NY,13477
US,NY,13478
US,NY,13479
US,NY,13480
US,NY,13482
US,NY,13483
US,NY,13484
US,NY,13485
US,NY,13486
US,NY,13488
US,NY,13489
US,NY,13490
US,NY,13491
US,NY,13492
US,NY,13493
US,NY,13494
US,NY,13495
US,NY,13501
US,NY,13502
US,NY,13503
US,NY,13504
US,NY,13505
US,NY,13599
US,NY,13601
US,NY,13602
US,NY,13603
US,NY,13605
US,NY,13606
US,NY,13607
US,NY,13608
US,NY,13611
US,NY,13612
US,NY,13613
US,NY,13614
US,NY,13615
US,NY,13616
US,NY,13617
US,NY,13618
US,NY,13619
US,NY,13620
US,NY,13621
US,NY,13622
US,NY,13623
US,NY,13624
US,NY,13625
US,NY,13626
US,NY,13627
US,NY,13628
US,NY,13630
US,NY,13631
US,NY,13632
US,NY,13633
US,NY,13634
US,NY,13635
US,NY,13636
US,NY,13637
US,NY,13638
US,NY,13639
US,NY,13640
US,NY,13641
US,NY,13642
US,PA,16354
US,PA,16360
US,PA,16361
US,PA,16362
US,PA,16364
US,PA,16365
US,PA,16366
US,PA,16367
US,PA,16368
US,PA,16369
US,PA,16370
US,PA,16371
US,PA,16372
US,PA,16373
US,PA,16374
US,PA,16375
US,PA,16388
US,PA,16401
US,PA,16402
US,PA,16403
US,PA,16404
US,PA,16405
US,PA,16406
US,PA,16407
US,PA,16410
US,PA,16411
US,PA,16412
US,PA,16413
US,PA,16415
US,PA,16416
US,PA,16417
US,PA,16420
US,PA,16421
US,PA,16422
US,PA,16423
US,PA,16424
US,PA,16426
US,PA,16427
US,PA,16428
US,PA,16430
US,PA,16432
US,PA,16433
US,PA,16434
US,PA,16435
US,PA,16436
US,PA,16438
US,PA,16440
US,PA,16441
US,PA,16442
US,PA,16443
US,PA,16444
US,PA,16475
US,PA,16501
US,PA,16502
US,PA,16503
US,PA,16504
US,PA,16505
US,PA,16506
US,PA,16507
US,PA,16508
US,PA,16509
US,PA,16510
US,PA,16511
US,PA,16512
US,PA,16514
US,PA,16515
US,PA,16522
US,PA,16530
US,PA,16531
US,PA,16534
US,PA,16538
US,PA,16541
US,PA,16544
US,PA,16546
US,PA,16550
US,PA,16553
US,PA,16563
US,PA,16565
US,PA,16601
US,PA,16602
US,PA,16603
US,PA,16611
US,PA,16613
US,PA,16616
US,PA,16617
US,PA,16619
US,PA,16620
US,PA,16621
US,PA,16622
US,PA,16623
US,PA,16624
US,PA,16625
US,PA,16627
US,PA,16629
US,PA,16630
US,PA,16631
US,PA,16633
US,PA,16634
US,PA,16635
US,PA,16636
US,PA,16637
US,PA,16638
US,PA,16639
US,PA,16640
US,PA,16641
US,PA,16644
US,PA,16645
US,PA,16646
US,PA,16647
US,PA,16648
US,PA,16650
US,PA,16651
US,PA,16652
US,PA,16654
US,PA,16655
US,PA,16656
US,PA,16657
US,PA,16659
US,PA,16660
US,PA,16661
US,PA,16662
US,PA,16663
US,PA,16664
US,PA,16665
US,PA,16666
US,PA,16667
US,PA,16668
US,PA,16669
US,PA,16670
US,PA,16671
US,PA,16672
US,PA,16673
US,PA,16674
US,PA,16675
US,PA,16677
US,PA,16678
US,PA,16679
US,PA,16680
US,PA,16681
US,PA,16682
US,PA,16683
US,PA,16684
US,PA,16685
US,PA,16686
US,PA,16689
US,PA,16691
US,PA,16692
US,PA,16693
US,PA,16694
US,PA,16695
US,PA,16698
US,PA,16699
US,PA,16701
US,PA,16720
US,PA,16724
US,PA,16725
US,PA,16726
US,PA,16727
US,PA,16728
US,PA,16729
US,PA,16730
US,PA,16731
US,PA,16732
US,PA,16733
US,PA,16734
US,PA,16735
US,PA,16738
US,PA,16740
US,PA,16743
US,PA,16744
US,PA,16745
US,PA,16746
US,PA,16748
US,PA,16749
US,PA,16750
US,PA,16801
US,PA,16802
US,PA,16803
US,PA,16804
US,PA,16805
US,PA,16820
US,PA,16821
US,PA,16822
US,PA,16823
US,PA,16825
US,PA,16826
US,PA,16827
US,PA,16828
US,PA,16829
US,PA,16830
US,PA,16832
US,PA,16833
US,PA,16834
US,PA,16835
US,PA,16836
US,PA,16837
US,PA,16838
US,PA,16839
US,PA,16840
US,PA,16841
US,PA,16843
US,PA,16844
US,PA,16845
US,PA,16847
US,PA,16848
US,PA,16849
US,PA,16850
US,PA,16851
US,PA,16852
US,PA,16853
US,PA,16854
US,PA,16855
US,PA,16856
US,PA,16858
US,PA,16859
US,PA,16860
US,PA,16861
US,PA,16863
US,PA,16864
US,PA,16865
US,PA,16866
US,PA,16868
US,PA,16870
US,PA,16871
US,PA,16872
US,PA,16873
US,PA,16874
US,PA,16875
US,PA,16876
US,PA,16877
US,PA,16878
US,PA,16879
US,PA,16881
US,PA,16882
US,PA,16901
US,PA,16910
US,PA,16911
US,PA,16912
US,PA,16914
US,PA,16915
US,PA,16917
US,PA,16920
US,PA,16921
US,PA,16922
US,PA,16923
US,PA,16925
US,PA,16926
US,PA,16927
US,PA,16928
US,PA,16929
US,PA,16930
US,PA,16932
US,PA,16933
US,PA,16935
US,PA,16936
US,PA,16937
US,PA,16938
US,PA,16939
US,PA,16940
US,PA,16941
US,PA,16942
US,PA,16943
US,PA,16945
US,PA,16946
US,PA,16947
US,PA,16948
US,PA,16950
US,PA,17001
US,PA,17002
US,PA,17003
US,PA,17004
US,PA,17005
US,PA,17006
US,PA,17007
US,PA,17009
US,PA,17010
US,PA,17011
US,PA,17013
US,PA,17014
US,PA,17015
US,PA,17016
US,PA,17017
US,PA,17018
US,PA,17019
US,PA,17020
US,PA,17021
US,PA,17022
US,PA,17023
US,PA,17024
US,PA,17025
US,PA,17026
US,PA,17027
US,PA,17028
US,PA,17029
US,PA,17030
US,PA,17032
US,PA,17033
US,PA,17034
US,PA,17035
US,PA,17036
US,PA,17037
US,PA,17038
US,PA,17039
US,PA,17040
US,PA,17041
US,PA,17042
US,PA,17043
US,PA,17044
US,PA,17045
US,PA,17046
US,PA,17047
US,PA,17048
US,PA,17049
US,PA,17050
US,PA,17051
US,PA,17052
US,PA,17053
US,PA,17054
US,PA,17055
US,PA,17056
US,PA,17057
US,PA,17058
US,PA,17059
US,PA,17060
US,PA,17061
US,PA,17062
US,PA,17063
US,PA,17064
US,PA,17065
US,PA,17066
US,PA,17067
US,PA,17068
US,PA,17069
US,PA,17070
US,PA,17071
US,PA,17072
US,PA,17073
US,PA,17074
US,PA,17075
US,PA,17076
US,PA,17077
US,PA,17078
US,PA,17080
US,PA,17081
US,PA,17082
US,PA,17083
US,PA,17084
US,PA,17085
US,PA,17086
US,PA,17087
US,PA,17088
US,PA,17089
US,PA,17090
US,PA,17093
US,PA,17094
US,PA,17097
US,PA,17098
US,PA,17099
US,PA,17101
US,PA,17102
US,PA,17103
US,PA,17104
US,PA,17105
US,PA,17106
US,PA,17107
US,PA,17108
US,PA,17109
US,PA,17110
US,PA,17111
US,PA,17112
US,PA,17113
US,PA,17120
US,PA,17121
US,PA,17122
US,PA,17123
US,PA,17124
US,PA,17125
US,PA,17126
US,PA,17127
US,PA,17128
US,PA,17129
US,PA,17130
US,PA,17140
US,PA,17177
US,PA,17201
US,PA,17202
US,PA,17210
US,PA,17211
US,PA,17212
US,PA,17213
US,PA,17214
US,PA,17215
US,PA,17217
US,PA,17219
US,PA,17220
US,PA,17221
US,PA,17222
US,PA,17223
US,PA,17224
US,PA,17225
US,PA,17228
US,PA,17229
US,PA,17231
US,PA,17232
US,PA,17233
US,PA,17235
US,PA,17236
US,PA,17237
US,PA,17238
US,PA,17239
US,PA,17240
US,PA,17241
US,PA,17243
US,PA,17244
US,PA,17246
US,PA,17247
US,PA,17249
US,PA,17250
US,PA,17251
US,PA,17252
US,PA,17253
US,PA,17254
US,PA,17255
US,PA,17256
US,PA,17257
US,PA,17260
US,PA,17261
US,PA,17262
US,PA,17263
US,PA,17264
US,PA,17265
US,PA,17266
US,PA,17267
US,PA,17268
US,PA,17271
US,PA,17272
US,PA,17301
US,PA,17302
US,PA,17303
US,PA,17304
US,PA,17306
US,PA,17307
US,PA,17309
US,PA,17310
US,PA,17311
US,PA,17312
US,PA,17313
US,PA,17314
US,PA,17315
US,PA,17316
US,PA,17317
US,PA,17318
US,PA,17319
US,PA,17320
US,PA,17321
US,PA,17322
US,PA,17323
US,PA,17324
US,PA,17325
US,PA,17327
US,PA,17329
US,PA,17331
US,PA,17332
US,PA,17333
US,PA,17334
US,PA,17335
US,PA,17337
US,PA,17339
US,PA,17340
US,PA,17342
US,PA,17343
US,PA,17344
US,PA,17345
US,PA,17347
US,PA,17349
US,PA,17350
US,PA,17352
US,PA,17353
US,PA,17355
US,PA,17356
US,PA,17358
US,PA,17360
US,PA,17361
US,PA,17362
US,PA,17363
US,PA,17364
US,PA,17365
US,PA,17366
US,PA,17368
US,PA,17370
US,PA,17371
US,PA,17372
US,PA,17375
US,PA,17401
US,PA,17402
US,PA,17403
US,PA,17404
US,PA,17405
US,PA,17406
US,PA,17407
US,PA,17408
US,PA,17501
US,PA,17502
US,PA,17503
US,PA,17504
US,PA,17505
US,PA,17506
US,PA,17507
US,PA,17508
US,PA,17509
US,PA,17512
US,PA,17516
US,PA,17517
US,PA,17518
US,PA,17519
US,PA,17520
US,PA,17521
US,PA,17522
US,PA,17527
US,PA,17528
US,PA,17529
US,PA,17532
US,PA,17533
US,PA,17534
US,PA,17535
US,PA,17536
US,PA,17537
US,PA,17538
US,PA,17540
US,PA,17543
US,PA,17545
US,PA,17547
US,PA,17549
US,PA,17550
US,PA,17551
US,PA,17552
US,PA,17554
US,PA,17555
US,PA,17557
US,PA,17560
US,PA,17562
US,PA,17563
US,PA,17564
US,PA,17565
US,PA,17566
US,PA,17567
US,PA,17568
US,PA,17569
US,PA,17570
US,PA,17572
US,PA,17573
US,PA,17575
US,PA,17576
US,PA,17578
US,PA,17579
US,PA,17580
US,PA,17581
US,PA,17582
US,PA,17584
US,PA,17585
US,PA,17601
US,PA,17602
US,PA,17603
US,PA,17604
US,PA,17605
US,PA,17606
US,PA,17607
US,PA,17608
US,PA,17611
US,PA,17622
US,PA,17699
US,PA,17701
US,PA,17702
US,PA,17703
US,PA,17705
US,PA,17720
US,PA,17721
US,PA,17723
US,PA,17724
US,PA,17726
US,PA,17727
US,PA,17728
US,PA,17729
US,PA,17730
US,PA,17731
US,PA,17735
US,PA,17737
US,PA,17739
US,PA,17740
US,PA,17742
US,PA,17744
US,PA,17745
US,PA,17747
US,PA,17748
US,PA,17749
US,PA,17750
US,PA,17751
US,PA,17752
US,PA,17754
US,PA,17756
US,PA,17758
US,PA,17760
US,PA,17762
US,PA,17763
US,PA,17764
US,PA,17765
US,PA,17768
US,PA,17769
US,PA,17771
US,PA,17772
US,PA,17774
US,PA,17776
US,PA,17777
US,PA,17778
US,PA,17779
US,PA,17801
US,PA,17810
US,PA,17812
US,PA,17813
US,PA,17814
US,PA,17815
US,PA,17820
US,PA,17821
US,PA,17822
US,PA,17823
US,PA,17824
US,PA,17827
US,PA,17829
US,PA,17830
US,PA,17831
US,PA,17832
US,PA,17833
US,PA,17834
US,PA,17835
US,PA,17836
US,PA,17837
US,PA,17840
US,PA,17841
US,PA,17842
US,PA,17843
US,PA,17844
US,PA,17845
US,PA,17846
US,PA,17847
US,PA,17850
US,PA,17851
US,PA,17853
US,PA,17855
US,PA,17856
US,PA,17857
US,PA,17858
US,PA,17859
US,PA,17860
US,PA,17861
US,PA,17862
US,PA,17864
US,PA,17865
US,PA,17866
US,PA,17867
US,PA,17868
US,PA,17870
US,PA,17872
US,PA,17876
US,PA,17877
US,PA,17878
US,PA,17880
US,PA,17881
US,PA,17882
US,PA,17883
US,PA,17884
US,PA,17885
US,PA,17886
US,PA,17887
US,PA,17888
US,PA,17889
US,PA,17901
US,PA,17920
US,PA,17921
US,PA,17922
US,PA,17923
US,PA,17925
US,PA,17929
US,PA,17930
US,PA,17931
US,PA,17932
US,PA,17933
US,PA,17934
US,PA,17935
US,PA,17936
US,PA,17938
US,PA,17941
US,PA,17943
US,PA,17944
US,PA,17945
US,PA,17946
US,PA,17948
US,PA,17949
US,PA,17951
US,PA,17952
US,PA,17953
US,PA,17954
US,PA,17957
US,PA,17959
US,PA,17960
US,PA,17961
US,PA,17963
US,PA,17964
US,PA,17965
US,PA,17966
US,PA,17967
US,PA,17968
US,PA,17970
US,PA,17972
US,PA,17974
US,PA,17976
US,PA,17978
US,PA,17979
US,PA,17980
US,PA,17981
US,PA,17982
US,PA,17983
US,PA,17985
US,PA,18001
US,PA,18002
US,PA,18003
US,PA,18011
US,PA,18012
US,PA,18013
US,PA,18014
US,PA,18015
US,PA,18016
US,PA,18017
US,PA,18018
US,PA,18020
US,PA,18025
US,PA,18030
US,PA,18031
US,PA,18032
US,PA,18034
US,PA,18035
US,PA,18036
US,PA,18037
US,PA,18038
US,PA,18039
US,PA,18040
US,PA,18041
US,PA,18042
US,PA,18043
US,PA,18044
US,PA,18045
US,PA,18046
US,PA,18049
US,PA,18051
US,PA,18052
US,PA,18053
US,PA,18054
US,PA,18055
US,PA,18056
US,PA,18058
US,PA,18059
US,PA,18060
US,PA,18062
US,PA,18063
US,PA,18064
US,PA,18065
US,PA,18066
US,PA,18067
US,PA,18068
US,PA,18069
US,PA,18070
US,PA,18071
US,PA,18072
US,PA,18073
US,PA,18074
US,PA,18076
US,PA,18077
US,PA,18078
US,PA,18079
US,PA,18080
US,PA,18081
US,PA,18083
US,PA,18084
US,PA,18085
US,PA,18086
US,PA,18087
US,PA,18088
US,PA,18091
US,PA,18092
US,PA,18098
US,PA,18099
US,PA,18101
US,PA,18102
US,PA,18103
US,PA,18104
US,PA,18105
US,PA,18106
US,PA,18109
US,PA,18195
US,PA,18201
US,PA,18202
US,PA,18210
US,PA,18211
US,PA,18212
US,PA,18214
US,PA,18216
US,PA,18218
US,PA,18219
US,PA,18220
US,PA,18221
US,PA,18222
US,PA,18223
US,PA,18224
US,PA,18225
US,PA,18229
US,PA,18230
US,PA,18231
US,PA,18232
US,PA,18234
US,PA,18235
US,PA,18237
US,PA,18239
US,PA,18240
US,PA,18241
US,PA,18242
US,PA,18244
US,PA,18245
US,PA,18246
US,PA,18247
US,PA,18248
US,PA,18249
US,PA,18250
US,PA,18251
US,PA,18252
US,PA,18254
US,PA,18255
US,PA,18256
US,PA,18301
US,PA,18302
US,PA,18320
US,PA,18321
US,PA,18322
US,PA,18323
US,PA,18324
US,PA,18325
US,PA,18326
US,PA,18327
US,PA,18328
US,PA,18330
US,PA,18331
US,PA,18332
US,PA,18333
US,PA,18334
US,PA,18335
US,PA,18336
US,PA,18337
US,PA,18340
US,PA,18341
US,PA,18342
US,PA,18343
US,PA,18344
US,PA,18346
US,PA,18347
US,PA,18348
US,PA,18349
US,PA,18350
US,PA,18351
US,PA,18352
US,PA,18353
US,PA,18354
US,PA,18355
US,PA,18356
US,PA,18357
US,PA,18360
US,PA,18370
US,PA,18371
US,PA,18372
US,PA,18403
US,PA,18405
US,PA,18407
US,PA,18410
US,PA,18411
US,PA,18413
US,PA,18414
US,PA,18415
US,PA,18416
US,PA,18417
US,PA,18419
US,PA,18420
US,PA,18421
US,PA,18424
US,PA,18425
US,PA,18426
US,PA,18427
US,PA,18428
US,PA,18430
US,PA,18431
US,PA,18433
US,PA,18434
US,PA,18435
US,PA,18436
US,PA,18437
US,PA,18438
US,PA,18439
US,PA,18440
US,PA,18441
US,PA,18443
US,PA,18444
US,PA,18445
US,PA,18446
US,PA,18447
US,PA,18448
US,PA,18449
US,PA,18451
US,PA,18452
US,PA,18453
US,PA,18454
US,PA,18455
US,PA,18456
US,PA,18457
US,PA,18458
US,PA,18459
US,PA,18460
US,PA,18461
US,PA,18462
US,PA,18463
US,PA,18464
US,PA,18465
US,PA,18466
US,PA,18469
US,PA,18470
US,PA,18471
US,PA,18472
US,PA,18473
US,PA,18501
US,PA,18502
US,PA,18503
US,PA,18504
US,PA,18505
US,PA,18507
US,PA,18508
US,PA,18509
US,PA,18510
US,PA,18512
US,PA,18515
US,PA,18517
US,PA,18518
US,PA,18519
US,PA,18540
US,PA,18577
US,PA,18601
US,PA,18602
US,PA,18603
US,PA,18610
US,PA,18611
US,PA,18612
US,PA,18614
US,PA,18615
US,PA,18616
US,PA,18617
US,PA,18618
US,PA,18619
US,PA,18621
US,PA,18622
US,PA,18623
US,PA,18624
US,PA,18625
US,PA,18626
US,PA,18627
US,PA,18628
US,PA,18629
US,PA,18630
US,PA,18631
US,PA,18632
US,PA,18634
US,PA,18635
US,PA,18636
US,PA,18640
US,PA,18641
US,PA,18642
US,PA,18643
US,PA,18644
US,PA,18651
US,PA,18653
US,PA,18654
US,PA,18655
US,PA,18656
US,PA,18657
US,PA,18660
US,PA,18661
US,PA,18690
US,PA,18701
US,PA,18702
US,PA,18703
US,PA,18704
US,PA,18705
US,PA,18706
US,PA,18707
US,PA,18708
US,PA,18709
US,PA,18710
US,PA,18711
US,PA,18762
US,PA,18764
US,PA,18765
US,PA,18766
US,PA,18767
US,PA,18769
US,PA,18773
US,PA,18801
US,PA,18810
US,PA,18812
US,PA,18813
US,PA,18814
US,PA,18815
US,PA,18816
US,PA,18817
US,PA,18818
US,PA,18820
US,PA,18821
US,PA,18822
US,PA,18823
US,PA,18824
US,PA,18825
US,PA,18826
US,PA,18827
US,PA,18828
US,PA,18829
US,PA,18830
US,PA,18831
US,PA,18832
US,PA,18833
US,PA,18834
US,PA,18837
US,PA,18840
US,PA,18842
US,PA,18843
US,PA,18844
US,PA,18845
US,PA,18846
US,PA,18847
US,PA,18848
US,PA,18850
US,PA,18851
US,PA,18853
US,PA,18854
US,PA,18901
US,PA,18902
US,PA,18910
US,PA,18911
US,PA,18912
US,PA,18913
US,PA,18914
US,PA,18915
US,PA,18916
US,PA,18917
US,PA,18918
US,PA,18920
US,PA,18921
US,PA,18922
US,PA,18923
US,PA,18925
US,PA,18927
US,PA,18928
US,PA,18929
US,PA,18930
US,PA,18931
US,PA,18932
US,PA,18933
US,PA,18934
US,PA,18935
US,PA,18936
US,PA,18938
US,PA,18940
US,PA,18942
US,PA,18943
US,PA,18944
US,NY,14217
US,NY,14218
US,NY,14219
US,NY,14220
US,NY,14221
US,NY,14222
US,NY,14223
US,NY,14224
US,NY,14225
US,NY,14226
US,NY,14227
US,NY,14228
US,NY,14231
US,NY,14233
US,NY,14240
US,NY,14241
US,NY,14260
US,NY,14261
US,NY,14263
US,NY,14264
US,NY,14265
US,NY,14267
US,NY,14269
US,NY,14270
US,NY,14272
US,NY,14273
US,NY,14276
US,NY,14280
US,NY,14301
US,NY,14302
US,NY,14303
US,NY,14304
US,NY,14305
US,NY,14410
US,NY,14411
US,NY,14413
US,NY,14414
US,NY,14415
US,NY,14416
US,NY,14418
US,NY,14420
US,NY,14422
US,NY,14423
US,NY,14424
US,NY,14425
US,NY,14427
US,NY,14428
US,NY,14429
US,NY,14430
US,NY,14432
US,NY,14433
US,NY,14435
US,NY,14437
US,NY,14441
US,NY,14443
US,NY,14445
US,NY,14449
US,NY,14450
US,NY,14452
US,NY,14453
US,NY,14454
US,NY,14456
US,NY,14461
US,NY,14462
US,NY,14463
US,NY,14464
US,NY,14466
US,NY,14467
US,NY,14468
US,NY,14469
US,NY,14470
US,NY,14471
US,NY,14472
US,NY,14475
US,NY,14476
US,NY,14477
US,NY,14478
US,NY,14479
US,NY,14480
US,NY,14481
US,NY,14482
US,NY,14485
US,NY,14486
US,NY,14487
US,NY,14488
US,NY,14489
US,NY,14502
US,NY,14504
US,NY,14505
US,NY,14506
US,NY,14507
US,NY,14508
US,NY,14510
US,NY,14511
US,NY,14512
US,NY,14513
US,NY,14514
US,NY,14515
US,NY,14516
US,NY,14517
US,NY,14518
US,NY,14519
US,NY,14520
US,NY,14521
US,NY,14522
US,NY,14525
US,NY,14526
US,NY,14527
US,NY,14529
US,NY,14530
US,NY,14532
US,NY,14533
US,NY,14534
US,NY,14536
US,NY,14537
US,NY,14538
US,NY,14539
US,NY,14541
US,NY,14542
US,NY,14543
US,NY,14544
US,NY,14545
US,NY,14546
US,NY,14547
US,NY,14548
US,NY,14549
US,NY,14550
US,NY,14551
US,NY,14555
US,NY,14556
US,NY,14557
US,NY,14558
US,NY,14559
US,NY,14560
US,NY,14561
US,NY,14563
US,NY,14564
US,NY,14568
US,NY,14569
US,NY,14571
US,NY,14572
US,NY,14580
US,NY,14585
US,NY,14586
US,NY,14588
US,NY,14589
US,NY,14590
US,NY,14591
US,NY,14592
US,NY,14602
US,NY,14603
US,NY,14604
US,NY,14605
US,NY,14606
US,NY,14607
US,NY,14608
US,NY,14609
US,NY,14610
US,NY,14611
US,NY,14612
US,NY,14613
US,NY,14614
US,NY,14615
US,NY,14616
US,NY,14617
US,NY,14618
US,NY,14619
US,NY,14620
US,NY,14621
US,NY,14622
US,NY,14623
US,NY,14624
US,NY,14625
US,NY,14626
US,NY,14627
US,NY,14638
US,NY,14639
US,NY,14642
US,NY,14643
US,NY,14644
US,NY,14646
US,NY,14647
US,NY,14649
US,NY,14650
US,NY,14651
US,NY,14652
US,NY,14653
US,NY,14692
US,NY,14694
US,NY,14701
US,NY,14702
US,NY,14706
US,NY,14707
US,NY,14708
US,NY,14709
US,NY,14710
US,NY,14711
US,NY,14712
US,NY,14714
US,NY,14715
US,NY,14716
US,NY,14717
US,NY,14718
US,NY,14719
US,NY,14720
US,NY,14721
US,NY,14722
US,NY,14723
US,NY,14724
US,NY,14726
US,NY,14727
US,NY,14728
US,NY,14729
US,NY,14730
US,NY,14731
US,NY,14732
US,NY,14733
US,NY,14735
US,NY,14736
US,NY,14737
US,NY,14738
US,NY,14739
US,NY,14740
US,NY,14741
US,NY,14742
US,NY,14743
US,NY,14744
US,NY,14745
US,NY,14747
US,NY,14748
US,NY,14750
US,NY,14751
US,NY,14752
US,NY,14753
US,NY,14754
US,NY,14755
US,NY,14756
US,NY,14757
US,NY,14758
US,NY,14760
US,NY,14766
US,NY,14767
US,NY,14769
US,NY,14770
US,NY,14772
US,NY,14774
US,NY,14775
US,NY,14777
US,NY,14778
US,NY,14779
US,NY,14781
US,NY,14782
US,NY,14783
US,NY,14784
US,NY,14785
US,NY,14786
US,NY,14787
US,NY,14788
US,NY,14801
US,NY,14802
US,NY,14803
US,NY,14804
US,NY,14805
US,NY,14806
US,NY,14807
US,NY,14808
US,NY,14809
US,NY,14810
US,NY,14812
US,NY,14813
US,NY,14814
US,NY,14815
US,NY,14816
US,NY,14817
US,NY,14818
US,NY,14819
US,NY,14820
US,NY,14821
US,NY,14822
US,NY,14823
US,NY,14824
US,NY,14825
US,NY,14826
US,NY,14827
US,NY,14830
US,NY,14831
US,NY,14836
US,NY,14837
US,NY,14838
US,NY,14839
US,NY,14840
US,NY,14841
US,NY,14842
US,NY,14843
US,NY,14845
US,NY,14846
US,NY,14847
US,NY,14850
US,NY,14851
US,NY,14852
US,NY,14853
US,NY,14854
US,NY,14855
US,NY,14856
US,NY,14857
US,NY,14858
US,NY,14859
US,NY,14860
US,NY,14861
US,NY,14863
US,NY,14864
US,NY,14865
US,NY,14867
US,NY,14869
US,NY,14870
US,NY,14871
US,NY,14872
US,NY,14873
US,NY,14874
US,NY,14876
US,NY,14877
US,NY,14878
US,NY,14879
US,NY,14880
US,NY,14881
US,NY,14882
US,NY,14883
US,NY,14884
US,NY,14885
US,NY,14886
US,NY,14887
US,NY,14889
US,NY,14891
US,NY,14892
US,NY,14893
US,NY,14894
US,NY,14895
US,NY,14897
US,NY,14898
US,NY,14901
US,NY,14902
US,NY,14903
US,NY,14904
US,NY,14905
US,PA,15001
US,PA,15003
US,PA,15004
US,PA,15005
US,PA,15006
US,PA,15007
US,PA,15009
US,PA,15010
US,PA,15012
US,PA,15014
US,PA,15015
US,PA,15017
US,PA,15018
US,PA,15019
US,PA,15020
US,PA,15021
US,PA,15022
US,PA,15024
US,PA,15025
US,PA,15026
US,PA,15027
US,PA,15028
US,PA,15030
US,PA,15031
US,PA,15032
US,PA,15033
US,PA,15034
US,PA,15035
US,PA,15037
US,PA,15038
US,PA,15042
US,PA,15043
US,PA,15044
US,PA,15045
US,PA,15046
US,PA,15047
US,PA,15049
US,PA,15050
US,PA,15051
US,PA,15052
US,PA,15053
US,PA,15054
US,PA,15055
US,PA,15056
US,PA,15057
US,PA,15059
US,PA,15060
US,PA,15061
US,PA,15062
US,PA,15063
US,PA,15064
US,PA,15065
US,PA,15066
US,PA,15067
US,PA,15068
US,PA,15069
US,PA,15071
US,PA,15072
US,PA,15074
US,PA,15075
US,PA,15076
US,PA,15077
US,PA,15078
US,PA,15081
US,PA,15082
US,PA,15083
US,PA,15084
US,PA,15085
US,PA,15086
US,PA,15087
US,PA,15088
US,PA,15089
US,PA,15090
US,PA,15091
US,PA,15095
US,PA,15096
US,PA,15101
US,PA,15102
US,PA,15104
US,PA,15106
US,PA,15108
US,PA,15110
US,PA,15112
US,PA,15116
US,PA,15120
US,PA,15122
US,PA,15123
US,PA,15126
US,PA,15127
US,PA,15129
US,PA,15131
US,PA,15132
US,PA,15133
US,PA,15134
US,PA,15135
US,PA,15136
US,PA,15137
US,PA,15139
US,PA,15140
US,PA,15142
US,PA,15143
US,PA,15144
US,PA,15145
US,PA,15146
US,PA,15147
US,PA,15148
US,PA,15201
US,PA,15202
US,PA,15203
US,PA,15204
US,PA,15205
US,PA,15206
US,PA,15207
US,PA,15208
US,PA,15209
US,PA,15210
US,PA,15211
US,PA,15212
US,PA,15213
US,PA,15214
US,PA,15215
US,PA,15216
US,PA,15217
US,PA,15218
US,PA,15219
US,PA,15220
US,PA,15221
US,PA,15222
US,PA,15223
US,PA,15224
US,PA,15225
US,PA,15226
US,PA,15227
US,PA,15228
US,PA,15229
US,PA,15230
US,PA,15231
US,PA,15232
US,PA,15233
US,PA,15234
US,PA,15235
US,PA,15236
US,PA,15237
US,PA,15238
US,PA,15239
US,PA,15240
US,PA,15241
US,PA,15242
US,PA,15243
US,PA,15244
US,PA,15250
US,PA,15251
US,PA,15252
US,PA,15253
US,PA,15254
US,PA,15255
US,PA,15257
US,PA,15258
US,PA,15259
US,PA,15260
US,PA,15261
US,PA,15262
US,PA,15264
US,PA,15265
US,PA,15267
US,PA,15268
US,PA,15270
US,PA,15272
US,PA,15274
US,PA,15275
US,PA,15276
US,PA,15277
US,PA,15278
US,PA,15279
US,PA,15281
US,PA,15282
US,PA,15283
US,PA,15286
US,PA,15289
US,PA,15290
US,PA,15295
US,PA,15301
US,PA,15310
US,PA,15311
US,PA,15312
US,PA,15313
US,PA,15314
US,PA,15315
US,PA,15316
US,PA,15317
US,PA,15320
US,PA,15321
US,PA,15322
US,PA,15323
US,PA,15324
US,PA,15325
US,PA,15327
US,PA,15329
US,PA,15330
US,PA,15331
US,PA,15332
US,PA,15333
US,PA,15334
US,PA,15336
US,PA,15337
US,PA,15338
US,PA,15339
US,PA,15340
US,PA,15341
US,PA,15342
US,PA,15344
US,PA,15345
US,PA,15346
US,PA,15347
US,PA,15348
US,PA,15349
US,PA,15350
US,PA,15351
US,PA,15352
US,PA,15353
US,PA,15357
US,PA,15358
US,PA,15359
US,PA,15360
US,PA,15361
US,PA,15362
US,PA,15363
US,PA,15364
US,PA,15365
US,PA,15366
US,PA,15367
US,PA,15368
US,PA,15370
US,PA,15376
US,PA,15377
US,PA,15378
US,PA,15379
US,PA,15380
US,PA,15401
US,PA,15410
US,PA,15411
US,PA,15412
US,PA,15413
US,PA,15415
US,PA,15416
US,PA,15417
US,PA,15419
US,PA,15420
US,PA,15421
US,PA,15422
US,PA,15423
US,PA,15424
US,PA,15425
US,PA,15427
US,PA,15428
US,PA,15429
US,PA,15430
US,PA,15431
US,PA,15432
US,PA,15433
US,PA,15434
US,PA,15435
US,PA,15436
US,PA,15437
US,PA,15438
US,PA,15439
US,PA,15440
US,PA,15442
US,PA,15443
US,PA,15444
US,PA,15445
US,PA,15446
US,PA,15447
US,PA,15448
US,PA,15449
US,PA,15450
US,PA,15451
US,PA,15454
US,PA,15455
US,PA,15456
US,PA,15458
US,PA,15459
US,PA,15460
US,PA,15461
US,PA,15462
US,PA,15463
US,PA,15464
US,PA,15465
US,PA,15466
US,PA,15467
US,PA,15468
US,PA,15469
US,PA,15470
US,PA,15472
US,PA,15473
US,PA,15474
US,PA,15475
US,PA,15476
US,PA,15477
US,PA,15478
US,PA,15479
US,PA,15480
US,PA,15482
US,PA,15483
US,PA,15484
US,PA,15485
US,PA,15486
US,PA,15488
US,PA,15489
US,PA,15490
US,PA,15492
US,PA,15501
US,PA,15502
US,PA,15510
US,PA,15520
US,PA,15521
US,PA,15522
US,PA,15530
US,PA,15531
US,PA,15532
US,PA,15533
US,PA,15534
US,PA,15535
US,PA,15536
US,PA,15537
US,PA,15538
US,PA,15539
US,PA,15540
US,PA,15541
US,PA,15542
US,PA,15544
US,PA,15545
US,PA,15546
US,PA,15547
US,PA,15548
US,PA,15549
US,PA,15550
US,PA,15551
US,PA,15552
US,PA,15553
US,PA,15554
US,PA,15555
US,PA,15557
US,PA,15558
US,PA,15559
US,PA,15560
US,PA,15561
US,PA,15562
US,PA,15563
US,PA,15564
US,PA,15565
US,PA,15601
US,PA,15605
US,PA,15606
US,PA,15610
US,PA,15611
US,PA,15612
US,PA,15613
US,PA,15615
US,PA,15616
US,PA,15617
US,PA,15618
US,PA,15619
US,PA,15620
US,PA,15621
US,PA,15622
US,PA,15623
US,PA,15624
US,PA,15625
US,PA,15626
US,PA,15627
US,PA,15628
US,PA,15629
US,PA,15631
US,PA,15632
US,PA,15633
US,PA,15634
US,PA,15635
US,PA,15636
US,PA,15637
US,PA,15638
US,PA,15639
US,PA,15640
US,PA,15641
US,PA,15642
US,PA,15644
US,PA,15646
US,PA,15647
US,PA,15650
US,PA,15655
US,PA,15656
US,PA,15658
US,PA,15660
US,PA,15661
US,PA,15662
US,PA,15663
US,PA,15664
US,PA,15665
US,PA,15666
US,PA,15668
US,PA,15670
US,PA,15671
US,PA,15672
US,PA,15673
US,PA,15674
US,PA,15675
US,PA,15676
US,PA,15677
US,PA,15678
US,PA,15679
US,PA,15680
US,PA,15681
US,PA,15682
US,PA,15683
US,PA,15684
US,PA,15685
US,PA,15686
US,PA,15687
US,PA,15688
US,PA,15689
US,PA,15690
US,PA,15691
US,PA,15692
US,PA,15693
US,PA,15695
US,PA,15696
US,PA,15697
US,PA,15698
US,PA,15701
US,PA,15705
US,PA,15710
US,PA,15711
US,PA,15712
US,PA,15713
US,PA,15714
US,PA,15715
US,PA,15716
US,PA,15717
US,PA,15720
US,PA,15721
US,PA,15722
US,PA,15723
US,PA,15724
US,PA,15725
US,PA,15727
US,PA,15728
US,PA,15729
US,PA,15730
US,PA,15731
US,PA,15732
US,PA,15733
US,PA,15734
US,PA,15736
US,PA,15737
US,PA,15738
US,PA,15739
US,PA,15741
US,PA,15742
US,PA,15744
US,PA,15745
US,PA,15746
US,PA,15747
US,PA,15748
US,PA,15750
US,PA,15752
US,PA,15753
US,PA,15754
US,PA,15756
US,PA,15757
US,PA,15758
US,PA,15759
US,PA,15760
US,PA,15761
US,PA,15762
US,PA,15763
US,PA,15764
US,PA,15765
US,PA,15767
US,PA,15770
US,PA,15771
US,PA,15772
US,PA,15773
US,PA,15774
US,PA,15775
US,PA,15776
US,PA,15777
US,PA,15778
US,PA,15779
US,PA,15780
US,PA,15781
US,PA,15783
US,PA,15784
US,PA,15801
US,PA,15821
US,PA,15822
US,PA,15823
US,PA,15824
US,PA,15825
US,PA,15827
US,PA,15828
US,PA,15829
US,PA,15831
US,PA,15832
US,PA,15834
US,PA,15840
US,PA,15841
US,PA,15845
US,PA,15846
US,PA,15847
US,PA,15848
US,PA,15849
US,PA,15851
US,PA,15853
US,PA,15856
US,PA,15857
US,PA,15860
US,PA,15861
US,PA,15863
US,PA,15864
US,PA,15865
US,PA,15866
US,PA,15868
US,PA,15870
US,PA,15901
US,PA,15902
US,PA,15904
US,PA,15905
US,PA,15906
US,PA,15907
US,PA,15909
US,PA,15915
US,PA,15920
US,PA,15921
US,PA,15922
US,PA,15923
US,PA,15924
US,PA,15925
US,PA,15926
US,PA,15927
US,PA,15928
US,PA,15929
US,PA,15930
US,PA,15931
US,PA,15934
US,PA,15935
US,PA,15936
US,PA,15937
US,PA,15938
US,PA,15940
US,PA,15942
US,PA,15943
US,PA,15944
US,PA,15945
US,PA,15946
US,PA,15948
US,PA,15949
US,PA,15951
US,PA,15952
US,PA,15953
US,PA,15954
US,PA,15955
US,PA,15956
US,PA,15957
US,PA,15958
US,PA,15959
US,PA,15960
US,PA,15961
US,PA,15962
US,PA,15963
US,PA,16001
US,PA,16002
US,PA,16003
US,PA,16016
US,PA,16017
US,PA,16018
US,PA,16020
US,PA,16021
US,PA,16022
US,PA,16023
US,PA,16024
US,PA,16025
US,PA,16027
US,PA,16028
US,PA,16029
US,PA,16030
US,PA,16033
US,PA,16034
US,PA,16035
US,PA,16036
US,PA,16037
US,PA,16038
US,PA,16039
US,PA,16040
US,PA,16041
US,PA,16045
US,PA,16046
US,PA,16048
US,PA,16049
US,PA,16050
US,PA,16051
US,PA,16052
US,PA,16053
US,PA,16054
US,PA,16055
US,PA,16056
US,PA,16057
US,PA,16058
US,PA,16059
US,PA,16061
US,PA,16063
US,PA,16066
US,PA,16101
US,PA,16102
US,PA,16103
US,PA,16105
US,PA,16107
US,PA,16108
US,PA,16110
US,PA,16111
US,PA,16112
US,PA,16113
US,PA,16114
US,PA,16115
US,PA,16116
US,PA,16117
US,PA,16120
US,PA,16121
US,PA,16123
US,PA,16124
US,PA,16125
US,PA,16127
US,PA,16130
US,PA,16131
US,PA,16132
US,PA,16133
US,PA,16134
US,PA,16136
US,PA,16137
US,PA,16140
US,PA,16141
US,PA,16142
US,PA,16143
US,PA,16145
US,PA,16146
US,PA,16148
US,PA,16150
US,PA,16151
US,PA,16153
US,PA,16154
US,PA,16155
US,PA,16156
US,PA,16157
US,PA,16159
US,PA,16160
US,PA,16161
US,PA,16172
US,PA,16201
US,PA,16210
US,PA,16211
US,PA,16212
US,PA,16213
US,PA,16214
US,PA,16217
US,PA,16218
US,PA,16220
US,PA,16221
US,PA,16222
US,PA,16223
US,PA,16224
US,PA,16225
US,PA,16226
US,PA,16228
US,PA,16229
US,PA,16230
US,PA,16232
US,PA,16233
US,PA,16234
US,PA,16235
US,PA,16236
US,PA,16238
US,PA,16239
US,PA,16240
US,PA,16242
US,PA,16244
US,PA,16245
US,PA,16246
US,PA,16248
US,PA,16249
US,PA,16250
US,PA,16253
US,PA,16254
US,PA,16255
US,PA,16256
US,PA,16257
US,PA,16258
US,PA,16259
US,PA,16260
US,PA,16261
US,PA,16262
US,PA,16263
US,PA,16301
US,PA,16311
US,PA,16312
US,PA,16313
US,PA,16314
US,PA,16316
US,PA,16317
US,PA,16319
US,PA,16321
US,PA,16322
US,PA,16323
US,PA,16326
US,PA,16327
US,PA,16328
US,PA,16329
US,PA,16331
US,PA,16332
US,PA,16333
US,PA,16334
US,PA,16335
US,PA,16340
US,PA,16341
US,PA,16342
US,PA,16343
US,PA,16344
US,PA,16345
US,PA,16346
US,PA,16347
US,PA,16350
US,PA,16351
US,PA,16352
US,PA,16353
US,VA,22611
US,VA,22620
US,VA,22622
US,VA,22623
US,VA,22624
US,VA,22625
US,VA,22626
US,VA,22627
US,VA,22630
US,VA,22637
US,VA,22639
US,VA,22640
US,VA,22641
US,VA,22642
US,VA,22643
US,VA,22644
US,VA,22645
US,VA,22646
US,VA,22649
US,VA,22650
US,VA,22652
US,VA,22654
US,VA,22655
US,VA,22656
US,VA,22657
US,VA,22660
US,VA,22663
US,VA,22664
US,VA,22701
US,VA,22709
US,VA,22711
US,VA,22712
US,VA,22713
US,VA,22714
US,VA,22715
US,VA,22716
US,VA,22718
US,VA,22719
US,VA,22720
US,VA,22722
US,VA,22723
US,VA,22724
US,VA,22725
US,VA,22726
US,VA,22727
US,VA,22728
US,VA,22729
US,VA,22730
US,VA,22731
US,VA,22732
US,VA,22733
US,VA,22734
US,VA,22735
US,VA,22736
US,VA,22737
US,VA,22738
US,VA,22739
US,VA,22740
US,VA,22741
US,VA,22742
US,VA,22743
US,VA,22746
US,VA,22747
US,VA,22748
US,VA,22749
US,VA,22801
US,VA,22802
US,VA,22803
US,VA,22807
US,VA,22810
US,VA,22811
US,VA,22812
US,VA,22815
US,VA,22820
US,VA,22821
US,VA,22824
US,VA,22827
US,VA,22830
US,VA,22831
US,VA,22832
US,VA,22833
US,VA,22834
US,VA,22835
US,VA,22840
US,VA,22841
US,VA,22842
US,VA,22843
US,VA,22844
US,VA,22845
US,VA,22846
US,VA,22847
US,VA,22848
US,VA,22849
US,VA,22850
US,VA,22851
US,VA,22853
US,VA,22901
US,VA,22902
US,VA,22903
US,VA,22904
US,VA,22905
US,VA,22906
US,VA,22907
US,VA,22908
US,VA,22909
US,VA,22910
US,VA,22911
US,VA,22920
US,VA,22922
US,VA,22923
US,VA,22924
US,VA,22931
US,VA,22932
US,VA,22935
US,VA,22936
US,VA,22937
US,VA,22938
US,VA,22939
US,VA,22940
US,VA,22942
US,VA,22943
US,VA,22945
US,VA,22946
US,VA,22947
US,VA,22948
US,VA,22949
US,VA,22952
US,VA,22957
US,VA,22958
US,VA,22959
US,VA,22960
US,VA,22963
US,VA,22964
US,VA,22965
US,VA,22967
US,VA,22968
US,VA,22969
US,VA,22971
US,VA,22972
US,VA,22973
US,VA,22974
US,VA,22976
US,VA,22980
US,VA,22987
US,VA,22989
US,VA,23001
US,VA,23002
US,VA,23003
US,VA,23004
US,VA,23005
US,VA,23009
US,VA,23011
US,VA,23014
US,VA,23015
US,VA,23018
US,VA,23021
US,VA,23022
US,VA,23023
US,VA,23024
US,VA,23025
US,VA,23027
US,VA,23030
US,VA,23031
US,VA,23032
US,VA,23035
US,VA,23038
US,VA,23039
US,VA,23040
US,VA,23043
US,VA,23045
US,VA,23047
US,VA,23050
US,VA,23055
US,VA,23056
US,VA,23058
US,VA,23059
US,VA,23060
US,VA,23061
US,VA,23062
US,VA,23063
US,VA,23064
US,VA,23065
US,VA,23066
US,VA,23067
US,VA,23068
US,VA,23069
US,VA,23070
US,VA,23071
US,VA,23072
US,VA,23075
US,VA,23076
US,VA,23079
US,VA,23081
US,VA,23083
US,VA,23084
US,VA,23085
US,VA,23086
US,VA,23089
US,VA,23090
US,VA,23091
US,VA,23092
US,VA,23093
US,VA,23102
US,VA,23103
US,VA,23105
US,VA,23106
US,VA,23107
US,VA,23108
US,VA,23109
US,VA,23110
US,VA,23111
US,VA,23112
US,VA,23113
US,VA,23114
US,VA,23115
US,VA,23116
US,VA,23117
US,VA,23119
US,VA,23120
US,VA,23123
US,VA,23124
US,VA,23125
US,VA,23126
US,VA,23127
US,VA,23128
US,VA,23129
US,VA,23130
US,VA,23131
US,VA,23138
US,VA,23139
US,VA,23140
US,VA,23141
US,VA,23146
US,VA,23147
US,VA,23148
US,VA,23149
US,VA,23150
US,VA,23153
US,VA,23154
US,VA,23155
US,VA,23156
US,VA,23160
US,VA,23161
US,VA,23162
US,VA,23163
US,VA,23168
US,VA,23169
US,VA,23170
US,VA,23173
US,VA,23175
US,VA,23176
US,VA,23177
US,VA,23178
US,VA,23180
US,VA,23181
US,VA,23183
US,VA,23184
US,VA,23185
US,VA,23186
US,VA,23187
US,VA,23188
US,VA,23190
US,VA,23192
US,VA,23218
US,VA,23219
US,VA,23220
US,VA,23221
US,VA,23222
US,VA,23223
US,MD,21071
US,MD,21074
US,MD,21075
US,MD,21076
US,MD,21077
US,MD,21078
US,MD,21082
US,MD,21084
US,MD,21085
US,MD,21087
US,MD,21088
US,MD,21090
US,MD,21092
US,MD,21093
US,MD,21094
US,MD,21102
US,MD,21104
US,MD,21105
US,MD,21106
US,MD,21108
US,MD,21111
US,MD,21113
US,MD,21114
US,MD,21117
US,MD,21120
US,MD,21122
US,MD,21123
US,MD,21128
US,MD,21130
US,MD,21131
US,MD,21132
US,MD,21133
US,MD,21136
US,MD,21139
US,MD,21140
US,MD,21144
US,MD,21146
US,MD,21150
US,MD,21152
US,MD,21153
US,MD,21154
US,MD,21155
US,MD,21156
US,MD,21157
US,MD,21158
US,MD,21160
US,MD,21161
US,MD,21162
US,MD,21163
US,MD,21201
US,MD,21202
US,MD,21203
US,MD,21204
US,MD,21205
US,MD,21206
US,MD,21207
US,MD,21208
US,MD,21209
US,MD,21210
US,MD,21211
US,MD,21212
US,MD,21213
US,MD,21214
US,MD,21215
US,MD,21216
US,MD,21217
US,MD,21218
US,MD,21219
US,MD,21220
US,MD,21221
US,MD,21222
US,MD,21223
US,MD,21224
US,MD,21225
US,MD,21226
US,MD,21227
US,MD,21228
US,MD,21229
US,MD,21230
US,MD,21231
US,MD,21233
US,MD,21234
US,MD,21235
US,MD,21236
US,MD,21237
US,MD,21239
US,MD,21240
US,MD,21241
US,MD,21244
US,MD,21250
US,MD,21251
US,MD,21252
US,MD,21263
US,MD,21264
US,MD,21270
US,MD,21273
US,MD,21275
US,MD,21278
US,MD,21279
US,MD,21281
US,MD,21282
US,MD,21284
US,MD,21285
US,MD,21286
US,MD,21287
US,MD,21289
US,MD,21290
US,MD,21297
US,MD,21298
US,MD,21401
US,MD,21402
US,MD,21403
US,MD,21404
US,MD,21405
US,MD,21409
US,MD,21411
US,MD,21412
US,MD,21501
US,MD,21502
US,MD,21503
US,MD,21504
US,MD,21505
US,MD,21520
US,MD,21521
US,MD,21522
US,MD,21523
US,MD,21524
US,MD,21528
US,MD,21529
US,MD,21530
US,MD,21531
US,MD,21532
US,MD,21536
US,MD,21538
US,MD,21539
US,MD,21540
US,MD,21541
US,MD,21542
US,MD,21543
US,MD,21545
US,MD,21550
US,MD,21555
US,MD,21556
US,MD,21557
US,MD,21560
US,MD,21561
US,MD,21562
US,MD,21601
US,MD,21607
US,MD,21609
US,MD,21610
US,MD,21612
US,MD,21613
US,MD,21617
US,MD,21619
US,MD,21620
US,MD,21622
US,MD,21623
US,MD,21624
US,MD,21625
US,MD,21626
US,MD,21627
US,MD,21628
US,MD,21629
US,MD,21631
US,MD,21632
US,MD,21634
US,MD,21635
US,MD,21636
US,MD,21638
US,MD,21639
US,MD,21640
US,MD,21641
US,MD,21643
US,MD,21644
US,MD,21645
US,MD,21647
US,MD,21648
US,MD,21649
US,MD,21650
US,MD,21651
US,MD,21652
US,MD,21653
US,MD,21654
US,MD,21655
US,MD,21656
US,MD,21657
US,MD,21658
US,MD,21659
US,MD,21660
US,MD,21661
US,MD,21662
US,MD,21663
US,MD,21664
US,MD,21665
US,MD,21666
US,MD,21667
US,MD,21668
US,MD,21669
US,MD,21670
US,MD,21671
US,MD,21672
US,MD,21673
US,MD,21675
US,MD,21676
US,MD,21677
US,MD,21678
US,MD,21679
US,MD,21690
US,MD,21701
US,MD,21702
US,MD,21703
US,MD,21704
US,MD,21705
US,MD,21709
US,MD,21710
US,MD,21711
US,MD,21713
US,MD,21714
US,MD,21715
US,MD,21716
US,MD,21717
US,MD,21718
US,MD,21719
US,MD,21720
US,MD,21721
US,MD,21722
US,MD,21723
US,MD,21727
US,MD,21733
US,MD,21734
US,MD,21737
US,MD,21738
US,MD,21740
US,MD,21741
US,MD,21742
US,MD,21746
US,MD,21747
US,MD,21749
US,MD,21750
US,MD,21754
US,MD,21755
US,MD,21756
US,MD,21757
US,MD,21758
US,MD,21759
US,MD,21762
US,MD,21765
US,MD,21766
US,MD,21767
US,MD,21769
US,MD,21770
US,MD,21771
US,MD,21773
US,MD,21774
US,MD,21775
US,MD,21776
US,MD,21777
US,MD,21778
US,MD,21779
US,MD,21780
US,MD,21781
US,MD,21782
US,MD,21783
US,MD,21784
US,MD,21787
US,MD,21788
US,MD,21790
US,MD,21791
US,PA,18946
US,PA,18947
US,PA,18949
US,PA,18950
US,PA,18951
US,PA,18953
US,PA,18954
US,PA,18955
US,PA,18956
US,PA,18957
US,PA,18958
US,PA,18960
US,PA,18962
US,PA,18963
US,PA,18964
US,PA,18966
US,PA,18968
US,PA,18969
US,PA,18970
US,PA,18971
US,PA,18972
US,PA,18974
US,PA,18976
US,PA,18977
US,PA,18979
US,PA,18980
US,PA,18981
US,PA,18991
US,PA,19001
US,PA,19002
US,PA,19003
US,PA,19004
US,PA,19006
US,PA,19007
US,PA,19008
US,PA,19009
US,PA,19010
US,PA,19012
US,PA,19013
US,PA,19014
US,PA,19015
US,PA,19016
US,PA,19017
US,PA,19018
US,PA,19019
US,PA,19020
US,PA,19021
US,PA,19022
US,PA,19023
US,PA,19025
US,PA,19026
US,PA,19027
US,PA,19028
US,PA,19029
US,PA,19030
US,PA,19031
US,PA,19032
US,PA,19033
US,PA,19034
US,PA,19035
US,PA,19036
US,PA,19037
US,PA,19038
US,PA,19039
US,PA,19040
US,PA,19041
US,PA,19043
US,PA,19044
US,PA,19046
US,PA,19047
US,PA,19048
US,PA,19049
US,PA,19050
US,PA,19052
US,PA,19053
US,PA,19054
US,PA,19055
US,PA,19056
US,PA,19057
US,PA,19058
US,PA,19060
US,PA,19061
US,PA,19063
US,PA,19064
US,PA,19065
US,PA,19066
US,PA,19067
US,PA,19070
US,PA,19072
US,PA,19073
US,PA,19074
US,PA,19075
US,PA,19076
US,PA,19078
US,PA,19079
US,PA,19081
US,PA,19082
US,PA,19083
US,PA,19085
US,PA,19086
US,PA,19087
US,PA,19090
US,PA,19091
US,PA,19092
US,PA,19093
US,PA,19094
US,PA,19095
US,PA,19096
US,PA,19098
US,PA,19099
US,PA,19101
US,PA,19102
US,PA,19103
US,PA,19104
US,PA,19105
US,PA,19106
US,PA,19107
US,PA,19108
US,PA,19109
US,PA,19110
US,PA,19111
US,PA,19112
US,PA,19113
US,PA,19114
US,PA,19115
US,PA,19116
US,PA,19118
US,PA,19119
US,PA,19120
US,PA,19121
US,PA,19122
US,PA,19123
US,PA,19124
US,PA,19125
US,PA,19126
US,PA,19127
US,PA,19128
US,PA,19129
US,PA,19130
US,PA,19131
US,PA,19132
US,PA,19133
US,PA,19134
US,PA,19135
US,PA,19136
US,PA,19137
US,PA,19138
US,PA,19139
US,PA,19140
US,PA,19141
US,PA,19142
US,PA,19143
US,PA,19144
US,PA,19145
US,PA,19146
US,PA,19147
US,PA,19148
US,PA,19149
US,PA,19150
US,PA,19151
US,PA,19152
US,PA,19153
US,PA,19154
US,PA,19155
US,PA,19160
US,PA,19161
US,PA,19162
US,PA,19170
US,PA,19171
US,PA,19172
US,PA,19173
US,PA,19175
US,PA,19176
US,PA,19177
US,PA,19178
US,PA,19179
US,PA,19181
US,PA,19182
US,PA,19183
US,PA,19184
US,PA,19185
US,PA,19187
US,PA,19188
US,PA,19190
US,PA,19191
US,PA,19192
US,PA,19193
US,PA,19194
US,PA,19195
US,PA,19196
US,PA,19197
US,PA,19244
US,PA,19255
US,PA,19301
US,PA,19310
US,PA,19311
US,PA,19312
US,PA,19316
US,PA,19317
US,PA,19318
US,PA,19319
US,PA,19320
US,PA,19330
US,PA,19331
US,PA,19333
US,PA,19335
US,PA,19339
US,PA,19340
US,PA,19341
US,PA,19342
US,PA,19343
US,PA,19344
US,PA,19345
US,PA,19346
US,PA,19347
US,PA,19348
US,PA,19350
US,PA,19351
US,PA,19352
US,PA,19353
US,PA,19354
US,PA,19355
US,PA,19357
US,PA,19358
US,PA,19360
US,PA,19362
US,PA,19363
US,PA,19365
US,PA,19366
US,PA,19367
US,PA,19369
US,PA,19371
US,PA,19372
US,PA,19373
US,PA,19374
US,PA,19375
US,PA,19376
US,PA,19380
US,PA,19381
US,PA,19382
US,PA,19383
US,PA,19390
US,PA,19395
US,PA,19397
US,PA,19398
US,PA,19399
US,PA,19401
US,PA,19403
US,PA,19404
US,PA,19405
US,PA,19406
US,PA,19407
US,PA,19408
US,PA,19409
US,PA,19415
US,PA,19421
US,PA,19422
US,PA,19423
US,PA,19424
US,PA,19425
US,PA,19426
US,PA,19428
US,PA,19429
US,PA,19430
US,PA,19432
US,PA,19435
US,PA,19436
US,PA,19437
US,PA,19438
US,PA,19440
US,PA,19441
US,PA,19442
US,PA,19443
US,PA,19444
US,PA,19446
US,PA,19450
US,PA,19451
US,PA,19453
US,PA,19454
US,PA,19455
US,PA,19456
US,PA,19457
US,PA,19460
US,PA,19462
US,PA,19464
US,PA,19465
US,PA,19468
US,PA,19470
US,PA,19472
US,PA,19473
US,PA,19474
US,PA,19475
US,PA,19477
US,PA,19478
US,PA,19480
US,PA,19481
US,PA,19482
US,PA,19484
US,PA,19486
US,PA,19490
US,PA,19492
US,PA,19493
US,PA,19494
US,PA,19495
US,PA,19496
US,PA,19501
US,PA,19503
US,PA,19504
US,PA,19505
US,PA,19506
US,PA,19507
US,PA,19508
US,PA,19510
US,PA,19511
US,PA,19512
US,PA,19516
US,PA,19518
US,PA,19519
US,PA,19520
US,PA,19522
US,PA,19523
US,PA,19525
US,PA,19526
US,PA,19529
US,PA,19530
US,PA,19533
US,PA,19534
US,PA,19535
US,PA,19536
US,PA,19538
US,PA,19539
US,PA,19540
US,PA,19541
US,PA,19543
US,PA,19544
US,PA,19545
US,PA,19547
US,PA,19548
US,PA,19549
US,PA,19550
US,PA,19551
US,PA,19554
US,PA,19555
US,PA,19559
US,PA,19560
US,PA,19562
US,PA,19564
US,PA,19565
US,PA,19567
US,PA,19601
US,PA,19602
US,PA,19603
US,PA,19604
US,PA,19605
US,PA,19606
US,PA,19607
US,PA,19608
US,PA,19609
US,PA,19610
US,PA,19611
US,PA,19612
US,DE,19701
US,DE,19702
US,DE,19703
US,DE,19706
US,DE,19707
US,DE,19708
US,DE,19709
US,DE,19710
US,DE,19711
US,DE,19712
US,DE,19713
US,DE,19714
US,DE,19715
US,DE,19716
US,DE,19717
US,DE,19718
US,DE,19720
US,DE,19721
US,DE,19725
US,DE,19726
US,DE,19730
US,DE,19731
US,DE,19732
US,DE,19733
US,DE,19734
US,DE,19735
US,DE,19736
US,DE,19801
US,DE,19802
US,DE,19803
US,DE,19804
US,DE,19805
US,DE,19806
US,DE,19807
US,DE,19808
US,DE,19809
US,DE,19810
US,DE,19850
US,DE,19880
US,DE,19884
US,DE,19885
US,DE,19886
US,DE,19890
US,DE,19891
US,DE,19892
US,DE,19893
US,DE,19894
US,DE,19895
US,DE,19896
US,DE,19897
US,DE,19898
US,DE,19899
US,DE,19901
US,DE,19902
US,DE,19903
US,DE,19904
US,DE,19905
US,DE,19906
US,DE,19930
US,DE,19931
US,DE,19933
US,DE,19934
US,DE,19936
US,DE,19938
US,DE,19939
US,DE,19940
US,DE,19941
US,DE,19943
US,DE,19944
US,DE,19945
US,DE,19946
US,DE,19947
US,DE,19950
US,DE,19951
US,DE,19952
US,DE,19953
US,DE,19954
US,DE,19955
US,DE,19956
US,DE,19958
US,DE,19960
US,DE,19961
US,DE,19962
US,DE,19963
US,DE,19964
US,DE,19966
US,DE,19967
US,DE,19968
US,DE,19969
US,DE,19970
US,DE,19971
US,DE,19973
US,DE,19975
US,DE,19977
US,DE,19979
US,DE,19980
US,DC,20001
US,DC,20002
US,DC,20003
US,DC,20004
US,DC,20005
US,DC,20006
US,DC,20007
US,DC,20008
US,DC,20009
US,DC,20010
US,DC,20011
US,DC,20012
US,DC,20013
US,DC,20015
US,DC,20016
US,DC,20017
US,DC,20018
US,DC,20019
US,DC,20020
US,DC,20022
US,DC,20024
US,DC,20026
US,DC,20027
US,DC,20029
US,DC,20030
US,DC,20032
US,DC,20033
US,DC,20035
US,DC,20036
US,DC,20037
US,DC,20038
US,DC,20039
US,DC,20040
US,DC,20041
US,DC,20042
US,DC,20043
US,DC,20044
US,DC,20045
US,DC,20047
US,DC,20049
US,DC,20050
US,DC,20052
US,DC,20053
US,DC,20055
US,DC,20056
US,DC,20057
US,DC,20058
US,DC,20059
US,DC,20060
US,DC,20061
US,DC,20062
US,DC,20063
US,DC,20064
US,DC,20065
US,DC,20066
US,DC,20067
US,DC,20068
US,DC,20069
US,DC,20070
US,DC,20071
US,DC,20073
US,DC,20074
US,DC,20075
US,DC,20076
US,DC,20077
US,DC,20078
US,DC,20080
US,DC,20081
US,DC,20082
US,DC,20090
US,DC,20091
US,DC,20101
US,DC,20102
US,DC,20103
US,DC,20104
US,DC,20105
US,DC,20106
US,DC,20108
US,DC,20109
US,DC,20110
US,DC,20111
US,DC,20112
US,DC,20113
US,DC,20115
US,DC,20116
US,DC,20117
US,DC,20118
US,DC,20119
US,DC,20120
US,DC,20121
US,DC,20122
US,DC,20124
US,DC,20128
US,DC,20129
US,DC,20130
US,DC,20131
US,DC,20132
US,DC,20134
US,DC,20135
US,DC,20136
US,DC,20137
US,DC,20138
US,DC,20139
US,DC,20140
US,DC,20141
US,DC,20142
US,DC,20143
US,DC,20144
US,DC,20146
US,DC,20147
US,DC,20148
US,DC,20149
US,DC,20151
US,DC,20152
US,DC,20153
US,DC,20155
US,DC,20156
US,DC,20158
US,DC,20159
US,DC,20160
US,DC,20163
US,DC,20164
US,DC,20165
US,DC,20166
US,DC,20167
US,DC,20168
US,DC,20169
US,DC,20170
US,DC,20171
US,DC,20172
US,DC,20175
US,DC,20176
US,DC,20177
US,DC,20178
US,DC,20180
US,DC,20181
US,DC,20182
US,DC,20184
US,DC,20185
US,DC,20186
US,DC,20187
US,DC,20188
US,DC,20189
US,DC,20190
US,DC,20191
US,DC,20192
US,DC,20194
US,DC,20195
US,DC,20196
US,DC,20197
US,DC,20198
US,DC,20201
US,DC,20202
US,DC,20203
US,DC,20204
US,DC,20206
US,DC,20207
US,DC,20208
US,DC,20210
US,DC,20211
US,DC,20212
US,DC,20213
US,DC,20214
US,DC,20215
US,DC,20216
US,DC,20217
US,DC,20218
US,DC,20219
US,DC,20220
US,DC,20221
US,DC,20222
US,DC,20223
US,DC,20224
US,DC,20226
US,DC,20227
US,DC,20228
US,DC,20229
US,DC,20230
US,DC,20232
US,DC,20233
US,DC,20235
US,DC,20237
US,DC,20238
US,DC,20239
US,DC,20240
US,DC,20241
US,DC,20242
US,DC,20244
US,DC,20245
US,DC,20250
US,DC,20251
US,DC,20252
US,DC,20254
US,DC,20260
US,DC,20261
US,DC,20262
US,DC,20265
US,DC,20266
US,DC,20268
US,DC,20270
US,DC,20277
US,DC,20289
US,DC,20299
US,DC,20301
US,DC,20303
US,DC,20306
US,DC,20310
US,DC,20314
US,DC,20317
US,DC,20318
US,DC,20319
US,DC,20330
US,DC,20340
US,DC,20350
US,DC,20355
US,DC,20370
US,DC,20372
US,DC,20373
US,DC,20374
US,DC,20375
US,DC,20376
US,DC,20380
US,DC,20388
US,DC,20389
US,DC,20390
US,DC,20391
US,DC,20392
US,DC,20393
US,DC,20394
US,DC,20395
US,DC,20398
US,DC,20401
US,DC,20402
US,DC,20403
US,DC,20404
US,DC,20405
US,DC,20406
US,DC,20407
US,DC,20408
US,DC,20410
US,DC,20411
US,DC,20412
US,DC,20413
US,DC,20414
US,DC,20415
US,DC,20416
US,DC,20417
US,DC,20418
US,DC,20419
US,DC,20420
US,DC,20421
US,DC,20422
US,DC,20423
US,DC,20424
US,DC,20425
US,DC,20426
US,DC,20427
US,DC,20428
US,DC,20429
US,DC,20431
US,DC,20433
US,DC,20434
US,DC,20435
US,DC,20436
US,DC,20437
US,DC,20439
US,DC,20440
US,DC,20441
US,DC,20442
US,DC,20444
US,DC,20447
US,DC,20451
US,DC,20453
US,DC,20456
US,DC,20460
US,DC,20463
US,DC,20468
US,DC,20469
US,DC,20470
US,DC,20472
US,DC,20500
US,DC,20501
US,DC,20502
US,DC,20503
US,DC,20504
US,DC,20505
US,DC,20506
US,DC,20507
US,DC,20508
US,DC,20509
US,DC,20510
US,DC,20511
US,DC,20515
US,DC,20520
US,DC,20521
US,DC,20522
US,DC,20523
US,DC,20524
US,DC,20525
US,DC,20526
US,DC,20527
US,DC,20528
US,DC,20529
US,DC,20530
US,DC,20531
US,DC,20533
US,DC,20534
US,DC,20535
US,DC,20536
US,DC,20537
US,DC,20538
US,DC,20539
US,DC,20540
US,DC,20541
US,DC,20542
US,DC,20543
US,DC,20544
US,DC,20546
US,DC,20547
US,DC,20548
US,DC,20549
US,DC,20551
US,DC,20552
US,DC,20553
US,DC,20554
US,DC,20555
US,DC,20557
US,DC,20559
US,DC,20560
US,DC,20565
US,DC,20566
US,DC,20570
US,DC,20571
US,DC,20572
US,DC,20573
US,DC,20575
US,DC,20576
US,DC,20577
US,DC,20578
US,DC,20579
US,DC,20580
US,DC,20581
US,DC,20585
US,DC,20586
US,DC,20588
US,DC,20590
US,DC,20591
US,DC,20593
US,DC,20594
US,DC,20597
US,DC,20598
US,DC,20599
US,MD,20601
US,MD,20602
US,MD,20603
US,MD,20604
US,MD,20606
US,MD,20607
US,MD,20608
US,MD,20609
US,MD,20610
US,MD,20611
US,MD,20612
US,MD,20613
US,MD,20615
US,MD,20616
US,MD,20617
US,MD,20618
US,MD,20619
US,MD,20620
US,MD,20621
US,MD,20622
US,MD,20623
US,MD,20624
US,MD,20625
US,MD,20626
US,MD,20627
US,MD,20628
US,MD,20629
US,MD,20630
US,MD,20632
US,MD,20634
US,MD,20635
US,MD,20636
US,MD,20637
US,MD,20639
US,MD,20640
US,MD,20643
US,MD,20645
US,MD,20646
US,MD,20650
US,MD,20653
US,MD,20656
US,MD,20657
US,MD,20658
US,MD,20659
US,MD,20660
US,MD,20661
US,MD,20662
US,MD,20664
US,MD,20667
US,MD,20670
US,MD,20674
US,MD,20675
US,MD,20676
US,MD,20677
US,MD,20678
US,MD,20680
US,MD,20682
US,MD,20684
US,MD,20685
US,MD,20686
US,MD,20687
US,MD,20688
US,MD,20689
US,MD,20690
US,MD,20692
US,MD,20693
US,MD,20695
US,MD,20697
US,MD,20701
US,MD,20703
US,MD,20704
US,MD,20705
US,MD,20706
US,MD,20707
US,MD,20708
US,MD,20709
US,MD,20710
US,MD,20711
US,MD,20712
US,MD,20714
US,MD,20715
US,MD,20716
US,MD,20717
US,MD,20718
US,MD,20719
US,MD,20720
US,MD,20721
US,MD,20722
US,MD,20723
US,MD,20724
US,MD,20725
US,MD,20726
US,MD,20731
US,MD,20732
US,MD,20733
US,MD,20735
US,MD,20736
US,MD,20737
US,MD,20738
US,MD,20740
US,MD,20741
US,MD,20742
US,MD,20743
US,MD,20744
US,MD,20745
US,MD,20746
US,MD,20747
US,MD,20748
US,MD,20749
US,MD,20750
US,MD,20751
US,MD,20752
US,MD,20753
US,MD,20754
US,MD,20755
US,MD,20757
US,MD,20758
US,MD,20759
US,MD,20762
US,MD,20763
US,MD,20764
US,MD,20765
US,MD,20768
US,MD,20769
US,MD,20770
US,MD,20771
US,MD,20772
US,MD,20773
US,MD,20774
US,MD,20775
US,MD,20776
US,MD,20777
US,MD,20778
US,MD,20779
US,MD,20781
US,MD,20782
US,MD,20783
US,MD,20784
US,MD,20785
US,MD,20787
US,MD,20788
US,MD,20790
US,MD,20791
US,MD,20792
US,MD,20794
US,MD,20797
US,MD,20799
US,MD,20810
US,MD,20811
US,MD,20812
US,MD,20813
US,MD,20814
US,MD,20815
US,MD,20816
US,MD,20817
US,MD,20818
US,MD,20824
US,MD,20825
US,MD,20827
US,MD,20830
US,MD,20832
US,MD,20833
US,MD,20837
US,MD,20838
US,MD,20839
US,MD,20841
US,MD,20842
US,MD,20847
US,MD,20848
US,MD,20849
US,MD,20850
US,MD,20851
US,MD,20852
US,MD,20853
US,MD,20854
US,MD,20855
US,MD,20857
US,MD,20859
US,MD,20860
US,MD,20861
US,MD,20862
US,MD,20866
US,MD,20868
US,MD,20871
US,MD,20872
US,MD,20874
US,MD,20875
US,MD,20876
US,MD,20877
US,MD,20878
US,MD,20879
US,MD,20880
US,MD,20882
US,MD,20883
US,MD,20884
US,MD,20885
US,MD,20886
US,MD,20889
US,MD,20891
US,MD,20892
US,MD,20894
US,MD,20895
US,MD,20896
US,MD,20897
US,MD,20898
US,MD,20899
US,MD,20901
US,MD,20902
US,MD,20903
US,MD,20904
US,MD,20905
US,MD,20906
US,MD,20907
US,MD,20908
US,MD,20910
US,MD,20911
US,MD,20912
US,MD,20913
US,MD,20914
US,MD,20915
US,MD,20916
US,MD,20918
US,MD,20993
US,MD,20997
US,MD,21001
US,MD,21005
US,MD,21009
US,MD,21010
US,MD,21012
US,MD,21013
US,MD,21014
US,MD,21015
US,MD,21017
US,MD,21018
US,MD,21020
US,MD,21022
US,MD,21023
US,MD,21027
US,MD,21028
US,MD,21029
US,MD,21030
US,MD,21031
US,MD,21032
US,MD,21034
US,MD,21035
US,MD,21036
US,MD,21037
US,MD,21040
US,MD,21041
US,MD,21042
US,MD,21043
US,MD,21044
US,MD,21045
US,MD,21046
US,MD,21047
US,MD,21048
US,MD,21050
US,MD,21051
US,MD,21052
US,MD,21053
US,MD,21054
US,MD,21056
US,MD,21057
US,MD,21060
US,MD,21061
US,MD,21062
US,MD,21065
US,MD,21792
US,MD,21793
US,MD,21794
US,MD,21795
US,MD,21797
US,MD,21798
US,MD,21801
US,MD,21802
US,MD,21803
US,MD,21804
US,MD,21810
US,MD,21811
US,MD,21813
US,MD,21814
US,MD,21817
US,MD,21821
US,MD,21822
US,MD,21824
US,MD,21826
US,MD,21829
US,MD,21830
US,MD,21835
US,MD,21836
US,MD,21837
US,MD,21838
US,MD,21840
US,MD,21841
US,MD,21842
US,MD,21843
US,MD,21849
US,MD,21850
US,MD,21851
US,MD,21852
US,MD,21853
US,MD,21856
US,MD,21857
US,MD,21861
US,MD,21862
US,MD,21863
US,MD,21864
US,MD,21865
US,MD,21866
US,MD,21867
US,MD,21869
US,MD,21871
US,MD,21872
US,MD,21874
US,MD,21875
US,MD,21890
US,MD,21901
US,MD,21902
US,MD,21903
US,MD,21904
US,MD,21911
US,MD,21912
US,MD,21913
US,MD,21914
US,MD,21915
US,MD,21916
US,MD,21917
US,MD,21918
US,MD,21919
US,MD,21920
US,MD,21921
US,MD,21922
US,MD,21930
US,VA,22003
US,VA,22009
US,VA,22015
US,VA,22025
US,VA,22026
US,VA,22027
US,VA,22030
US,VA,22031
US,VA,22032
US,VA,22033
US,VA,22034
US,VA,22035
US,VA,22036
US,VA,22037
US,VA,22038
US,VA,22039
US,VA,22040
US,VA,22041
US,VA,22042
US,VA,22043
US,VA,22044
US,VA,22046
US,VA,22060
US,VA,22066
US,VA,22067
US,VA,22079
US,VA,22081
US,VA,22082
US,VA,22095
US,VA,22096
US,VA,22101
US,VA,22102
US,VA,22103
US,VA,22106
US,VA,22107
US,VA,22108
US,VA,22109
US,VA,22116
US,VA,22118
US,VA,22119
US,VA,22121
US,VA,22122
US,VA,22124
US,VA,22125
US,VA,22134
US,VA,22135
US,VA,22150
US,VA,22151
US,VA,22152
US,VA,22153
US,VA,22156
US,VA,22158
US,VA,22159
US,VA,22160
US,VA,22161
US,VA,22172
US,VA,22180
US,VA,22181
US,VA,22182
US,VA,22183
US,VA,22185
US,VA,22191
US,VA,22192
US,VA,22193
US,VA,22194
US,VA,22195
US,VA,22199
US,VA,22201
US,VA,22202
US,VA,22203
US,VA,22204
US,VA,22205
US,VA,22206
US,VA,22207
US,VA,22209
US,VA,22210
US,VA,22211
US,VA,22212
US,VA,22213
US,VA,22214
US,VA,22215
US,VA,22216
US,VA,22217
US,VA,22219
US,VA,22225
US,VA,22226
US,VA,22227
US,VA,22230
US,VA,22240
US,VA,22241
US,VA,22242
US,VA,22243
US,VA,22244
US,VA,22245
US,VA,22246
US,VA,22301
US,VA,22302
US,VA,22303
US,VA,22304
US,VA,22305
US,VA,22306
US,VA,22307
US,VA,22308
US,VA,22309
US,VA,22310
US,VA,22311
US,VA,22312
US,VA,22313
US,VA,22314
US,VA,22315
US,VA,22320
US,VA,22331
US,VA,22332
US,VA,22333
US,VA,22334
US,VA,22350
US,VA,22401
US,VA,22402
US,VA,22403
US,VA,22404
US,VA,22405
US,VA,22406
US,VA,22407
US,VA,22408
US,VA,22412
US,VA,22427
US,VA,22428
US,VA,22430
US,VA,22432
US,VA,22433
US,VA,22435
US,VA,22436
US,VA,22437
US,VA,22438
US,VA,22442
US,VA,22443
US,VA,22446
US,VA,22448
US,VA,22451
US,VA,22454
US,VA,22456
US,VA,22460
US,VA,22463
US,VA,22469
US,VA,22471
US,VA,22472
US,VA,22473
US,VA,22476
US,VA,22480
US,VA,22481
US,VA,22482
US,VA,22485
US,VA,22488
US,VA,22501
US,VA,22503
US,VA,22504
US,VA,22507
US,VA,22508
US,VA,22509
US,VA,22511
US,VA,22513
US,VA,22514
US,VA,22517
US,VA,22520
US,VA,22523
US,VA,22524
US,VA,22526
US,VA,22528
US,VA,22529
US,VA,22530
US,VA,22534
US,VA,22535
US,VA,22538
US,VA,22539
US,VA,22542
US,VA,22544
US,VA,22545
US,VA,22546
US,VA,22547
US,VA,22548
US,VA,22551
US,VA,22552
US,VA,22553
US,VA,22554
US,VA,22555
US,VA,22556
US,VA,22558
US,VA,22560
US,VA,22565
US,VA,22567
US,VA,22570
US,VA,22572
US,VA,22576
US,VA,22577
US,VA,22578
US,VA,22579
US,VA,22580
US,VA,22581
US,VA,22601
US,VA,22602
US,VA,22603
US,VA,22604
US,VA,22610
US,WV,25688
US,WV,25690
US,WV,25691
US,WV,25692
US,WV,25696
US,WV,25699
US,WV,25701
US,WV,25702
US,WV,25703
US,WV,25704
US,WV,25705
US,WV,25706
US,WV,25707
US,WV,25708
US,WV,25709
US,WV,25710
US,WV,25711
US,WV,25712
US,WV,25713
US,WV,25714
US,WV,25715
US,WV,25716
US,WV,25717
US,WV,25718
US,WV,25719
US,WV,25720
US,WV,25721
US,WV,25722
US,WV,25723
US,WV,25724
US,WV,25725
US,WV,25726
US,WV,25727
US,WV,25728
US,WV,25729
US,WV,25755
US,WV,25770
US,WV,25771
US,WV,25772
US,WV,25773
US,WV,25774
US,WV,25775
US,WV,25776
US,WV,25777
US,WV,25778
US,WV,25779
US,WV,25801
US,WV,25802
US,WV,25810
US,WV,25811
US,WV,25812
US,WV,25813
US,WV,25817
US,WV,25818
US,WV,25820
US,WV,25823
US,WV,25825
US,WV,25826
US,WV,25827
US,WV,25831
US,WV,25832
US,WV,25833
US,WV,25836
US,WV,25837
US,WV,25839
US,WV,25840
US,WV,25841
US,WV,25843
US,WV,25844
US,WV,25845
US,WV,25846
US,WV,25848
US,WV,25849
US,WV,25851
US,WV,25853
US,WV,25854
US,WV,25855
US,WV,25857
US,WV,25860
US,WV,25862
US,WV,25864
US,WV,25865
US,WV,25866
US,WV,25868
US,WV,25870
US,WV,25871
US,WV,25873
US,WV,25875
US,WV,25876
US,WV,25878
US,WV,25879
US,WV,25880
US,WV,25882
US,WV,25888
US,WV,25901
US,WV,25902
US,WV,25904
US,WV,25906
US,WV,25907
US,WV,25908
US,WV,25909
US,WV,25911
US,WV,25913
US,WV,25915
US,WV,25916
US,WV,25917
US,WV,25918
US,WV,25919
US,WV,25920
US,WV,25921
US,WV,25922
US,WV,25927
US,WV,25928
US,WV,25932
US,WV,25936
US,WV,25938
US,WV,25942
US,WV,25943
US,WV,25951
US,WV,25958
US,WV,25962
US,WV,25966
US,WV,25969
US,WV,25971
US,WV,25972
US,WV,25976
US,WV,25977
US,WV,25978
US,WV,25979
US,WV,25981
US,WV,25984
US,WV,25985
US,WV,25986
US,WV,25989
US,WV,26003
US,WV,26030
US,WV,26031
US,WV,26032
US,WV,26033
US,WV,26034
US,WV,26035
US,WV,26036
US,WV,26037
US,WV,26038
US,WV,26039
US,WV,26040
US,WV,26041
US,WV,26047
US,WV,26050
US,WV,26055
US,WV,26056
US,WV,26058
US,WV,26059
US,WV,26060
US,WV,26062
US,WV,26070
US,WV,26074
US,WV,26075
US,WV,26101
US,WV,26102
US,WV,26103
US,WV,26104
US,WV,26105
US,WV,26106
US,WV,26120
US,WV,26121
US,WV,26133
US,WV,26134
US,WV,26136
US,WV,26137
US,WV,26138
US,WV,26141
US,WV,26142
US,WV,26143
US,WV,26146
US,WV,26147
US,WV,26148
US,WV,26149
US,WV,26150
US,WV,26151
US,WV,26152
US,WV,26155
US,WV,26159
US,WV,26160
US,WV,26161
US,WV,26162
US,WV,26164
US,WV,26167
US,WV,26169
US,WV,26170
US,WV,26175
US,WV,26178
US,WV,26180
US,WV,26181
US,WV,26184
US,WV,26187
US,WV,26201
US,WV,26202
US,WV,26203
US,WV,26205
US,WV,26206
US,WV,26208
US,WV,26209
US,WV,26210
US,WV,26215
US,WV,26217
US,WV,26218
US,WV,26219
US,WV,26222
US,WV,26224
US,WV,26228
US,WV,26229
US,WV,26230
US,WV,26234
US,WV,26236
US,WV,26237
US,WV,26238
US,WV,26241
US,WV,26250
US,WV,26253
US,WV,26254
US,WV,26257
US,WV,26259
US,WV,26260
US,WV,26261
US,WV,26263
US,WV,26264
US,WV,26266
US,WV,26267
US,WV,26268
US,WV,26269
US,WV,26270
US,WV,26271
US,WV,26273
US,WV,26275
US,WV,26276
US,WV,26278
US,WV,26280
US,WV,26282
US,WV,26283
US,WV,26285
US,WV,26287
US,WV,26288
US,WV,26289
US,WV,26291
US,WV,26292
US,WV,26293
US,WV,26294
US,WV,26296
US,WV,26298
US,WV,26301
US,WV,26302
US,WV,26306
US,WV,26320
US,WV,26321
US,WV,26323
US,WV,26325
US,WV,26327
US,WV,26330
US,WV,26335
US,WV,26337
US,WV,26338
US,WV,26339
US,WV,26342
US,WV,26343
US,WV,26346
US,WV,26347
US,WV,26348
US,WV,26349
US,WV,26351
US,WV,26354
US,WV,26361
US,WV,26362
US,WV,26366
US,WV,26369
US,WV,26372
US,WV,26374
US,WV,26376
US,WV,26377
US,WV,26378
US,WV,26384
US,WV,26385
US,WV,26386
US,WV,26404
US,WV,26405
US,WV,26408
US,WV,26410
US,WV,26411
US,WV,26412
US,WV,26415
US,WV,26416
US,WV,26419
US,WV,26421
US,WV,26422
US,WV,26424
US,WV,26425
US,WV,26426
US,WV,26430
US,WV,26431
US,WV,26434
US,WV,26435
US,WV,26436
US,WV,26437
US,WV,26438
US,WV,26440
US,WV,26443
US,WV,26444
US,WV,26447
US,WV,26448
US,WV,26451
US,WV,26452
US,WV,26456
US,WV,26463
US,WV,26501
US,WV,26502
US,WV,26504
US,WV,26505
US,WV,26506
US,WV,26507
US,WV,26508
US,WV,26519
US,WV,26520
US,WV,26521
US,WV,26524
US,WV,26525
US,WV,26527
US,WV,26531
US,WV,26534
US,WV,26537
US,WV,26541
US,WV,26542
US,WV,26543
US,WV,26544
US,WV,26546
US,WV,26547
US,WV,26554
US,WV,26555
US,WV,26559
US,WV,26560
US,WV,26561
US,WV,26562
US,WV,26563
US,WV,26566
US,WV,26568
US,WV,26570
US,WV,26571
US,WV,26572
US,WV,26574
US,WV,26575
US,WV,26576
US,WV,26578
US,WV,26581
US,WV,26582
US,WV,26585
US,WV,26586
US,WV,26587
US,WV,26588
US,WV,26590
US,WV,26591
US,WV,26601
US,WV,26610
US,WV,26611
US,WV,26615
US,WV,26617
US,WV,26619
US,WV,26621
US,WV,26623
US,WV,26624
US,WV,26627
US,WV,26629
US,WV,26631
US,WV,26636
US,WV,26638
US,WV,26651
US,WV,26656
US,WV,26660
US,WV,26662
US,WV,26667
US,WV,26671
US,WV,26675
US,WV,26676
US,WV,26678
US,WV,26679
US,WV,26680
US,WV,26681
US,WV,26684
US,WV,26690
US,WV,26691
US,WV,26704
US,WV,26705
US,WV,26707
US,WV,26710
US,WV,26711
US,WV,26714
US,WV,26716
US,WV,26717
US,WV,26719
US,WV,26720
US,WV,26722
US,WV,26726
US,WV,26731
US,WV,26739
US,WV,26743
US,WV,26750
US,WV,26753
US,WV,26755
US,WV,26757
US,WV,26761
US,WV,26763
US,WV,26764
US,WV,26767
US,WV,26801
US,WV,26802
US,WV,26804
US,WV,26807
US,WV,26808
US,WV,26810
US,WV,26812
US,WV,26814
US,WV,26815
US,WV,26817
US,WV,26818
US,WV,26823
US,WV,26833
US,WV,26836
US,WV,26838
US,WV,26845
US,WV,26847
US,WV,26851
US,WV,26852
US,WV,26855
US,WV,26865
US,WV,26866
US,WV,26884
US,WV,26886
US,NC,27006
US,NC,27007
US,NC,27009
US,NC,27010
US,NC,27011
US,NC,27012
US,NC,27013
US,NC,27014
US,NC,27016
US,NC,27017
US,NC,27018
US,NC,27019
US,NC,27020
US,NC,27021
US,NC,27022
US,NC,27023
US,NC,27024
US,NC,27025
US,NC,27027
US,NC,27028
US,NC,27030
US,NC,27031
US,NC,27040
US,NC,27041
US,NC,27042
US,NC,27043
US,NC,27045
US,NC,27046
US,NC,27047
US,NC,27048
US,NC,27049
US,NC,27050
US,NC,27051
US,NC,27052
US,NC,27053
US,NC,27054
US,NC,27055
US,NC,27094
US,NC,27098
US,NC,27099
US,NC,27101
US,NC,27102
US,NC,27103
US,NC,27104
US,NC,27105
US,NC,27106
US,NC,27107
US,NC,27108
US,NC,27109
US,NC,27110
US,NC,27111
US,NC,27113
US,NC,27114
US,NC,27115
US,NC,27116
US,NC,27117
US,NC,27120
US,NC,27127
US,NC,27130
US,NC,27150
US,NC,27152
US,NC,27155
US,NC,27157
US,NC,27198
US,NC,27199
US,NC,27201
US,NC,27202
US,NC,27203
US,NC,27204
US,NC,27205
US,NC,27207
US,NC,27208
US,NC,27209
US,NC,27212
US,NC,27213
US,NC,27214
US,NC,27215
US,NC,27216
US,NC,27217
US,NC,27228
US,NC,27229
US,NC,27230
US,NC,27231
US,NC,27233
US,NC,27235
US,NC,27237
US,NC,27239
US,NC,27242
US,NC,27243
US,NC,27244
US,NC,27247
US,NC,27248
US,NC,27249
US,NC,27252
US,NC,27253
US,NC,27256
US,NC,27258
US,NC,27259
US,NC,27260
US,NC,27261
US,NC,27262
US,NC,27263
US,NC,27264
US,NC,27265
US,NC,27268
US,NC,27278
US,NC,27281
US,NC,27282
US,NC,27283
US,NC,27284
US,NC,27285
US,NC,27288
US,NC,27289
US,NC,27291
US,NC,27292
US,NC,27293
US,NC,27294
US,NC,27295
US,NC,27298
US,NC,27299
US,NC,27301
US,NC,27302
US,NC,27305
US,NC,27306
US,NC,27310
US,NC,27311
US,NC,27312
US,NC,27313
US,NC,27314
US,NC,27315
US,NC,27316
US,NC,27317
US,NC,27320
US,NC,27323
US,NC,27325
US,NC,27326
US,NC,27330
US,NC,27331
US,NC,27332
US,NC,27340
US,NC,27341
US,NC,27342
US,NC,27343
US,NC,27344
US,NC,27349
US,NC,27350
US,NC,27351
US,NC,27355
US,NC,27356
US,NC,27357
US,NC,27358
US,NC,27359
US,NC,27360
US,NC,27361
US,NC,27370
US,NC,27371
US,NC,27373
US,NC,27374
US,NC,27375
US,NC,27376
US,NC,27377
US,NC,27379
US,NC,27401
US,NC,27402
US,NC,27403
US,NC,27404
US,NC,27405
US,NC,27406
US,NC,27407
US,NC,27408
US,NC,27409
US,NC,27410
US,NC,27411
US,NC,27412
US,NC,27413
US,NC,27415
US,NC,27416
US,NC,27417
US,NC,27419
US,NC,27420
US,NC,27425
US,NC,27427
US,NC,27429
US,NC,27435
US,NC,27438
US,NC,27455
US,NC,27495
US,NC,27497
US,NC,27498
US,NC,27499
US,NC,27501
US,NC,27502
US,NC,27503
US,NC,27504
US,NC,27505
US,NC,27506
US,NC,27507
US,NC,27508
US,NC,27509
US,NC,27510
US,NC,27511
US,NC,27512
US,NC,27513
US,NC,27514
US,NC,27515
US,NC,27516
US,NC,27517
US,NC,27518
US,NC,27519
US,NC,27520
US,NC,27521
US,NC,27522
US,NC,27523
US,NC,27524
US,NC,27525
US,NC,27526
US,NC,27527
US,NC,27528
US,NC,27529
US,NC,27530
US,NC,27531
US,NC,27532
US,NC,27533
US,NC,27534
US,NC,27536
US,NC,27537
US,NC,27539
US,NC,27540
US,NC,27541
US,NC,27542
US,NC,27543
US,NC,27544
US,NC,27545
US,NC,27546
US,NC,27549
US,NC,27551
US,NC,27552
US,NC,27553
US,NC,27555
US,NC,27556
US,NC,27557
US,NC,27559
US,NC,27560
US,NC,27562
US,NC,27563
US,NC,27565
US,NC,27568
US,NC,27569
US,NC,27570
US,NC,27571
US,NC,27572
US,NC,27573
US,NC,27574
US,NC,27576
US,NC,27577
US,NC,27581
US,NC,27582
US,NC,27583
US,NC,27584
US,NC,27586
US,NC,27587
US,NC,27588
US,NC,27589
US,NC,27591
US,NC,27592
US,NC,27593
US,NC,27594
US,NC,27596
US,NC,27597
US,NC,27599
US,NC,27601
US,NC,27602
US,NC,27603
US,NC,27604
US,NC,27605
US,NC,27606
US,NC,27607
US,NC,27608
US,NC,27609
US,NC,27610
US,NC,27611
US,NC,27612
US,NC,27613
US,NC,27614
US,NC,27615
US,NC,27616
US,NC,27617
US,NC,27619
US,NC,27620
US,NC,27621
US,NC,27622
US,NC,27623
US,NC,27624
US,NC,27625
US,NC,27626
US,NC,27627
US,NC,27628
US,NC,27629
US,NC,27634
US,NC,27635
US,NC,27636
US,NC,27640
US,NC,27650
US,NC,27656
US,NC,27658
US,NC,27661
US,NC,27668
US,NC,27675
US,NC,27676
US,NC,27690
US,NC,27695
US,NC,27697
US,NC,27698
US,NC,27699
US,NC,27701
US,NC,27702
US,NC,27703
US,NC,27704
US,NC,27705
US,NC,27706
US,NC,27707
US,NC,27708
US,NC,27709
US,NC,27710
US,NC,27711
US,NC,27712
US,NC,27713
US,NC,27715
US,NC,27717
US,NC,27722
US,NC,27801
US,NC,27802
US,NC,27803
US,NC,27804
US,NC,27805
US,NC,27806
US,NC,27807
US,NC,27808
US,NC,27809
US,NC,27810
US,NC,27811
US,NC,27812
US,NC,27813
US,NC,27814
US,NC,27815
US,NC,27816
US,NC,27817
US,NC,27818
US,NC,27819
US,NC,27820
US,NC,27821
US,NC,27822
US,NC,27823
US,NC,27824
US,NC,27825
US,NC,27826
US,NC,27827
US,NC,27828
US,NC,27829
US,NC,27830
US,NC,27831
US,NC,27832
US,NC,27833
US,NC,27834
US,NC,27835
US,NC,27836
US,NC,27837
US,NC,27839
US,NC,27840
US,NC,27841
US,NC,27842
US,NC,27843
US,NC,27844
US,NC,27845
US,NC,27846
US,NC,27847
US,NC,27849
US,NC,27850
US,NC,27851
US,NC,27852
US,NC,27853
US,NC,27855
US,NC,27856
US,NC,27857
US,NC,27858
US,NC,27860
US,NC,27861
US,NC,27862
US,NC,27863
US,NC,27864
US,NC,27865
US,NC,27866
US,NC,27867
US,NC,27868
US,NC,27869
US,NC,27870
US,NC,27871
US,NC,27872
US,NC,27873
US,NC,27874
US,NC,27875
US,NC,27876
US,NC,27877
US,NC,27878
US,NC,27879
US,NC,27880
US,NC,27881
US,NC,27882
US,NC,27883
US,NC,27884
US,NC,27885
US,NC,27886
US,NC,27887
US,NC,27888
US,NC,27889
US,NC,27890
US,NC,27891
US,NC,27892
US,NC,27893
US,NC,27894
US,NC,27895
US,NC,27896
US,NC,27897
US,NC,27906
US,NC,27907
US,NC,27909
US,NC,27910
US,NC,27915
US,NC,27916
US,NC,27917
US,NC,27919
US,NC,27920
US,NC,27921
US,NC,27922
US,NC,27923
US,NC,27924
US,NC,27925
US,NC,27926
US,NC,27927
US,NC,27928
US,NC,27929
US,NC,27930
US,NC,27932
US,NC,27935
US,NC,27936
US,NC,27937
US,NC,27938
US,NC,27939
US,NC,27941
US,NC,27942
US,NC,27943
US,NC,27944
US,NC,27946
US,NC,27947
US,NC,27948
US,NC,27949
US,NC,27950
US,NC,27953
US,NC,27954
US,NC,27956
US,NC,27957
US,NC,27958
US,NC,27959
US,NC,27960
US,NC,27962
US,NC,27964
US,NC,27965
US,NC,27966
US,NC,27967
US,NC,27968
US,NC,27969
US,NC,27970
US,NC,27972
US,NC,27973
US,NC,27974
US,NC,27976
US,NC,27978
US,NC,27979
US,NC,27980
US,NC,27981
US,NC,27982
US,NC,27983
US,NC,27985
US,NC,27986
US,NC,28001
US,NC,28002
US,NC,28006
US,NC,28007
US,NC,28009
US,NC,28010
US,NC,28012
US,NC,28016
US,NC,28017
US,NC,28018
US,NC,28019
US,NC,28020
US,NC,28021
US,NC,28023
US,NC,28024
US,NC,28025
US,NC,28026
US,NC,28027
US,NC,28031
US,NC,28032
US,NC,28033
US,NC,28034
US,NC,28035
US,NC,28036
US,NC,28037
US,NC,28038
US,NC,28039
US,NC,28040
US,NC,28041
US,NC,28042
US,NC,28043
US,NC,28052
US,NC,28053
US,NC,28054
US,NC,28055
US,NC,28056
US,NC,28070
US,NC,28071
US,NC,28072
US,NC,28073
US,NC,28074
US,NC,28075
US,NC,28076
US,NC,28077
US,NC,28078
US,NC,28079
US,NC,28080
US,NC,28081
US,NC,28082
US,NC,28083
US,NC,28086
US,NC,28088
US,NC,28089
US,NC,28090
US,NC,28091
US,NC,28092
US,NC,28093
US,NC,28097
US,NC,28098
US,NC,28101
US,NC,28102
US,NC,28103
US,NC,28104
US,NC,28105
US,NC,28106
US,NC,28107
US,NC,28108
US,NC,28109
US,NC,28110
US,NC,28111
US,NC,28112
US,NC,28114
US,NC,28115
US,NC,28117
US,NC,28119
US,NC,28120
US,NC,28123
US,NC,28124
US,NC,28125
US,NC,28126
US,NC,28127
US,NC,28128
US,NC,28129
US,NC,28130
US,NC,28133
US,NC,28134
US,NC,28135
US,NC,28136
US,NC,28137
US,NC,28138
US,NC,28139
US,NC,28144
US,NC,28145
US,NC,28146
US,NC,28147
US,NC,28150
US,NC,28151
US,NC,28152
US,NC,28159
US,NC,28160
US,NC,28163
US,NC,28164
US,NC,28166
US,NC,28167
US,NC,28168
US,NC,28169
US,NC,28170
US,NC,28173
US,NC,28174
US,NC,28201
US,NC,28202
US,NC,28203
US,NC,28204
US,NC,28205
US,NC,28206
US,NC,28207
US,NC,28208
US,NC,28209
US,NC,28210
US,NC,28211
US,NC,28212
US,NC,28213
US,NC,28214
US,NC,28215
US,NC,28216
US,NC,28217
US,NC,28218
US,NC,28219
US,NC,28220
US,NC,28221
US,NC,28222
US,NC,28223
US,NC,28224
US,NC,28226
US,NC,28227
US,NC,28228
US,NC,28229
US,NC,28230
US,NC,28231
US,NC,28232
US,NC,28233
US,NC,28234
US,NC,28235
US,NC,28236
US,NC,28237
US,NC,28241
US,NC,28242
US,NC,28243
US,NC,28244
US,NC,28246
US,NC,28247
US,NC,28253
US,NC,28254
US,NC,28255
US,NC,28256
US,NC,28258
US,NC,28260
US,VA,23224
US,VA,23225
US,VA,23226
US,VA,23227
US,VA,23228
US,VA,23229
US,VA,23230
US,VA,23231
US,VA,23232
US,VA,23233
US,VA,23234
US,VA,23235
US,VA,23236
US,VA,23237
US,VA,23238
US,VA,23241
US,VA,23242
US,VA,23249
US,VA,23250
US,VA,23255
US,VA,23260
US,VA,23261
US,VA,23269
US,VA,23273
US,VA,23274
US,VA,23276
US,VA,23278
US,VA,23279
US,VA,23282
US,VA,23284
US,VA,23285
US,VA,23286
US,VA,23288
US,VA,23289
US,VA,23290
US,VA,23291
US,VA,23292
US,VA,23293
US,VA,23294
US,VA,23295
US,VA,23297
US,VA,23298
US,VA,23301
US,VA,23302
US,VA,23303
US,VA,23304
US,VA,23306
US,VA,23307
US,VA,23308
US,VA,23310
US,VA,23313
US,VA,23314
US,VA,23315
US,VA,23316
US,VA,23320
US,VA,23321
US,VA,23322
US,VA,23323
US,VA,23324
US,VA,23325
US,VA,23326
US,VA,23327
US,VA,23328
US,VA,23336
US,VA,23337
US,VA,23341
US,VA,23345
US,VA,23347
US,VA,23350
US,VA,23354
US,VA,23356
US,VA,23357
US,VA,23358
US,VA,23359
US,VA,23389
US,VA,23395
US,VA,23396
US,VA,23397
US,VA,23398
US,VA,23399
US,VA,23401
US,VA,23404
US,VA,23405
US,VA,23407
US,VA,23408
US,VA,23409
US,VA,23410
US,VA,23412
US,VA,23413
US,VA,23414
US,VA,23415
US,VA,23416
US,VA,23417
US,VA,23418
US,VA,23419
US,VA,23420
US,VA,23421
US,VA,23422
US,VA,23423
US,VA,23424
US,VA,23426
US,VA,23427
US,VA,23429
US,VA,23430
US,VA,23431
US,VA,23432
US,VA,23433
US,VA,23434
US,VA,23435
US,VA,23436
US,VA,23437
US,VA,23438
US,VA,23439
US,VA,23440
US,VA,23441
US,VA,23442
US,VA,23443
US,VA,23450
US,VA,23451
US,VA,23452
US,VA,23453
US,VA,23454
US,VA,23455
US,VA,23456
US,VA,23457
US,VA,23458
US,VA,23459
US,VA,23460
US,VA,23461
US,VA,23462
US,VA,23463
US,VA,23464
US,VA,23465
US,VA,23466
US,VA,23467
US,VA,23471
US,VA,23479
US,VA,23480
US,VA,23482
US,VA,23483
US,VA,23486
US,VA,23487
US,VA,23488
US,VA,23501
US,VA,23502
US,VA,23503
US,VA,23504
US,VA,23505
US,VA,23506
US,VA,23507
US,VA,23508
US,VA,23509
US,VA,23510
US,VA,23511
US,VA,23513
US,VA,23514
US,VA,23515
US,VA,23517
US,VA,23518
US,VA,23519
US,VA,23523
US,VA,23529
US,VA,23541
US,VA,23551
US,VA,23601
US,VA,23602
US,VA,23603
US,VA,23604
US,VA,23605
US,VA,23606
US,VA,23607
US,VA,23608
US,VA,23609
US,VA,23612
US,VA,23628
US,VA,23630
US,VA,23651
US,VA,23661
US,VA,23662
US,VA,23663
US,VA,23664
US,VA,23665
US,VA,23666
US,VA,23667
US,VA,23668
US,VA,23669
US,VA,23670
US,VA,23681
US,VA,23690
US,VA,23691
US,VA,23692
US,VA,23693
US,VA,23694
US,VA,23696
US,VA,23701
US,VA,23702
US,VA,23703
US,VA,23704
US,VA,23705
US,VA,23707
US,VA,23708
US,VA,23709
US,VA,23801
US,VA,23803
US,VA,23804
US,VA,23805
US,VA,23806
US,VA,23821
US,VA,23822
US,VA,23824
US,VA,23827
US,VA,23828
US,VA,23829
US,VA,23830
US,VA,23831
US,VA,23832
US,VA,23833
US,VA,23834
US,VA,23836
US,VA,23837
US,VA,23838
US,VA,23839
US,VA,23840
US,VA,23841
US,VA,23842
US,VA,23843
US,VA,23844
US,VA,23845
US,VA,23846
US,VA,23847
US,VA,23850
US,VA,23851
US,VA,23856
US,VA,23857
US,VA,23860
US,VA,23866
US,VA,23867
US,VA,23868
US,VA,23870
US,VA,23872
US,VA,23873
US,VA,23874
US,VA,23875
US,VA,23876
US,VA,23878
US,VA,23879
US,VA,23881
US,VA,23882
US,VA,23883
US,VA,23884
US,VA,23885
US,VA,23887
US,VA,23888
US,VA,23889
US,VA,23890
US,VA,23891
US,VA,23893
US,VA,23894
US,VA,23897
US,VA,23898
US,VA,23899
US,VA,23901
US,VA,23909
US,VA,23915
US,VA,23917
US,VA,23919
US,VA,23920
US,VA,23921
US,VA,23922
US,VA,23923
US,VA,23924
US,VA,23927
US,VA,23930
US,VA,23934
US,VA,23936
US,VA,23937
US,VA,23938
US,VA,23939
US,VA,23941
US,VA,23942
US,VA,23943
US,VA,23944
US,VA,23947
US,VA,23950
US,VA,23952
US,VA,23954
US,VA,23955
US,VA,23958
US,VA,23959
US,VA,23960
US,VA,23962
US,VA,23963
US,VA,23964
US,VA,23966
US,VA,23967
US,VA,23968
US,VA,23970
US,VA,23974
US,VA,23976
US,VA,24001
US,VA,24002
US,VA,24003
US,VA,24004
US,VA,24005
US,VA,24006
US,VA,24007
US,VA,24008
US,VA,24009
US,VA,24010
US,VA,24011
US,VA,24012
US,VA,24013
US,VA,24014
US,VA,24015
US,VA,24016
US,VA,24017
US,VA,24018
US,VA,24019
US,VA,24020
US,VA,24022
US,VA,24023
US,VA,24024
US,VA,24025
US,VA,24026
US,VA,24027
US,VA,24028
US,VA,24029
US,VA,24030
US,VA,24031
US,VA,24032
US,VA,24033
US,VA,24034
US,VA,24035
US,VA,24036
US,VA,24037
US,VA,24038
US,VA,24040
US,VA,24042
US,VA,24043
US,VA,24050
US,VA,24053
US,VA,24054
US,VA,24055
US,VA,24058
US,VA,24059
US,VA,24060
US,VA,24061
US,VA,24062
US,VA,24063
US,VA,24064
US,VA,24065
US,VA,24066
US,VA,24067
US,VA,24068
US,VA,24069
US,VA,24070
US,VA,24072
US,VA,24073
US,VA,24076
US,VA,24077
US,VA,24078
US,VA,24079
US,VA,24082
US,VA,24083
US,VA,24084
US,VA,24085
US,VA,24086
US,VA,24087
US,VA,24088
US,VA,24089
US,VA,24090
US,VA,24091
US,VA,24092
US,VA,24093
US,VA,24095
US,VA,24101
US,VA,24102
US,VA,24104
US,VA,24105
US,VA,24111
US,VA,24112
US,VA,24113
US,VA,24114
US,VA,24115
US,VA,24120
US,VA,24121
US,VA,24122
US,VA,24124
US,VA,24126
US,VA,24127
US,VA,24128
US,VA,24129
US,VA,24130
US,VA,24131
US,VA,24132
US,VA,24133
US,VA,24134
US,VA,24136
US,VA,24137
US,VA,24138
US,VA,24139
US,VA,24141
US,VA,24142
US,VA,24143
US,VA,24146
US,VA,24147
US,VA,24148
US,VA,24149
US,VA,24150
US,VA,24151
US,VA,24153
US,VA,24155
US,VA,24157
US,VA,24161
US,VA,24162
US,VA,24165
US,VA,24167
US,VA,24168
US,VA,24171
US,VA,24174
US,VA,24175
US,VA,24176
US,VA,24177
US,VA,24178
US,VA,24179
US,VA,24184
US,VA,24185
US,VA,24201
US,VA,24202
US,VA,24203
US,VA,24205
US,VA,24209
US,VA,24210
US,VA,24211
US,VA,24212
US,VA,24215
US,VA,24216
US,VA,24217
US,VA,24218
US,VA,24219
US,VA,24220
US,VA,24221
US,VA,24224
US,VA,24225
US,VA,24226
US,VA,24228
US,VA,24230
US,VA,24236
US,VA,24237
US,VA,24239
US,VA,24243
US,VA,24244
US,VA,24245
US,VA,24246
US,VA,24248
US,VA,24250
US,VA,24251
US,VA,24256
US,VA,24258
US,VA,24260
US,VA,24263
US,VA,24265
US,VA,24266
US,VA,24269
US,VA,24270
US,VA,24271
US,VA,24272
US,VA,24273
US,VA,24277
US,VA,24279
US,VA,24280
US,VA,24281
US,VA,24282
US,VA,24283
US,VA,24290
US,VA,24292
US,VA,24293
US,VA,24301
US,VA,24311
US,VA,24312
US,VA,24313
US,VA,24314
US,VA,24315
US,VA,24316
US,VA,24317
US,VA,24318
US,VA,24319
US,VA,24322
US,VA,24323
US,VA,24324
US,VA,24325
US,VA,24326
US,VA,24327
US,VA,24328
US,VA,24330
US,VA,24333
US,VA,24340
US,VA,24343
US,VA,24347
US,VA,24348
US,VA,24350
US,VA,24351
US,VA,24352
US,VA,24354
US,VA,24360
US,VA,24361
US,VA,24363
US,VA,24366
US,VA,24368
US,VA,24370
US,VA,24374
US,VA,24375
US,VA,24377
US,VA,24378
US,VA,24380
US,VA,24381
US,VA,24382
US,VA,24401
US,VA,24402
US,VA,24411
US,VA,24412
US,VA,24413
US,VA,24415
US,VA,24416
US,VA,24421
US,VA,24422
US,VA,24426
US,VA,24430
US,VA,24431
US,VA,24432
US,VA,24433
US,VA,24435
US,VA,24437
US,VA,24438
US,VA,24439
US,VA,24440
US,VA,24441
US,VA,24442
US,VA,24445
US,VA,24448
US,VA,24450
US,VA,24457
US,VA,24458
US,VA,24459
US,VA,24460
US,VA,24463
US,VA,24464
US,VA,24465
US,VA,24467
US,VA,24469
US,VA,24471
US,VA,24472
US,VA,24473
US,VA,24474
US,VA,24476
US,VA,24477
US,VA,24479
US,VA,24482
US,VA,24483
US,VA,24484
US,VA,24485
US,VA,24486
US,VA,24487
US,VA,24501
US,VA,24502
US,VA,24503
US,VA,24504
US,VA,24505
US,VA,24506
US,VA,24513
US,VA,24514
US,VA,24515
US,VA,24517
US,VA,24520
US,VA,24521
US,VA,24522
US,VA,24523
US,VA,24526
US,VA,24527
US,VA,24528
US,VA,24529
US,VA,24530
US,VA,24531
US,VA,24533
US,VA,24534
US,VA,24535
US,VA,24536
US,VA,24538
US,VA,24539
US,VA,24540
US,VA,24541
US,VA,24543
US,VA,24549
US,VA,24550
US,VA,24551
US,VA,24553
US,VA,24554
US,VA,24555
US,VA,24556
US,VA,24557
US,VA,24558
US,VA,24562
US,VA,24563
US,VA,24565
US,VA,24566
US,VA,24569
US,VA,24570
US,VA,24571
US,VA,24572
US,VA,24574
US,VA,24576
US,VA,24577
US,VA,24578
US,VA,24579
US,VA,24580
US,VA,24581
US,VA,24586
US,VA,24588
US,VA,24589
US,VA,24590
US,VA,24592
US,VA,24593
US,VA,24594
US,VA,24595
US,VA,24597
US,VA,24598
US,VA,24599
US,VA,24601
US,VA,24602
US,VA,24603
US,VA,24604
US,VA,24605
US,VA,24606
US,VA,24607
US,VA,24608
US,VA,24609
US,VA,24612
US,VA,24613
US,VA,24614
US,VA,24619
US,VA,24620
US,VA,24622
US,VA,24624
US,VA,24627
US,VA,24628
US,VA,24630
US,VA,24631
US,VA,24634
US,VA,24635
US,VA,24637
US,VA,24639
US,VA,24640
US,VA,24641
US,VA,24646
US,VA,24647
US,VA,24649
US,VA,24651
US,VA,24656
US,VA,24657
US,VA,24658
US,WV,24701
US,WV,24712
US,WV,24714
US,WV,24715
US,WV,24716
US,WV,24719
US,WV,24724
US,WV,24726
US,WV,24729
US,WV,24731
US,WV,24732
US,WV,24733
US,WV,24736
US,WV,24737
US,WV,24738
US,WV,24739
US,WV,24740
US,WV,24747
US,WV,24751
US,WV,24801
US,WV,24808
US,WV,24811
US,WV,24813
US,WV,24815
US,WV,24816
US,WV,24817
US,WV,24818
US,WV,24822
US,WV,24823
US,WV,24826
US,WV,24827
US,WV,24828
US,WV,24829
US,WV,24830
US,WV,24831
US,WV,24834
US,WV,24836
US,WV,24839
US,WV,24843
US,WV,24844
US,WV,24845
US,WV,24846
US,WV,24847
US,WV,24848
US,WV,24849
US,WV,24850
US,WV,24851
US,WV,24853
US,WV,24854
US,WV,24855
US,WV,24857
US,WV,24859
US,WV,24860
US,WV,24861
US,WV,24862
US,WV,24866
US,WV,24867
US,WV,24868
US,WV,24869
US,WV,24870
US,WV,24871
US,WV,24872
US,WV,24873
US,WV,24874
US,WV,24878
US,WV,24879
US,WV,24880
US,WV,24881
US,WV,24882
US,WV,24884
US,WV,24887
US,WV,24888
US,WV,24892
US,WV,24894
US,WV,24895
US,WV,24898
US,WV,24901
US,WV,24902
US,WV,24910
US,WV,24915
US,WV,24916
US,WV,24918
US,WV,24920
US,WV,24924
US,WV,24925
US,WV,24927
US,WV,24931
US,WV,24934
US,WV,24935
US,WV,24938
US,WV,24941
US,WV,24943
US,WV,24944
US,WV,24945
US,WV,24946
US,WV,24951
US,WV,24954
US,WV,24957
US,WV,24962
US,WV,24963
US,WV,24966
US,WV,24970
US,WV,24974
US,WV,24976
US,WV,24977
US,WV,24981
US,WV,24983
US,WV,24984
US,WV,24985
US,WV,24986
US,WV,24991
US,WV,24993
US,WV,25002
US,WV,25003
US,WV,25005
US,WV,25007
US,WV,25008
US,WV,25009
US,WV,25011
US,WV,25015
US,WV,25019
US,WV,25021
US,WV,25022
US,WV,25024
US,WV,25025
US,WV,25026
US,WV,25028
US,WV,25030
US,WV,25031
US,WV,25033
US,WV,25035
US,WV,25036
US,WV,25039
US,WV,25040
US,WV,25043
US,WV,25044
US,WV,25045
US,WV,25047
US,WV,25048
US,WV,25049
US,WV,25051
US,WV,25053
US,WV,25054
US,WV,25057
US,WV,25059
US,WV,25060
US,WV,25061
US,WV,25062
US,WV,25063
US,WV,25064
US,WV,25067
US,WV,25070
US,WV,25071
US,WV,25075
US,WV,25076
US,WV,25079
US,WV,25081
US,WV,25082
US,WV,25083
US,WV,25085
US,WV,25086
US,WV,25088
US,WV,25090
US,WV,25093
US,WV,25102
US,WV,25103
US,WV,25106
US,WV,25107
US,WV,25108
US,WV,25109
US,WV,25110
US,WV,25111
US,WV,25112
US,WV,25113
US,WV,25114
US,WV,25115
US,WV,25118
US,WV,25119
US,WV,25121
US,WV,25123
US,WV,25124
US,WV,25125
US,WV,25126
US,WV,25130
US,WV,25132
US,WV,25133
US,WV,25134
US,WV,25136
US,WV,25139
US,WV,25140
US,WV,25141
US,WV,25142
US,WV,25143
US,WV,25148
US,WV,25149
US,WV,25152
US,WV,25154
US,WV,25156
US,WV,25159
US,WV,25160
US,WV,25161
US,WV,25162
US,WV,25164
US,WV,25165
US,WV,25168
US,WV,25169
US,WV,25173
US,WV,25174
US,WV,25177
US,WV,25180
US,WV,25181
US,WV,25183
US,WV,25185
US,WV,25186
US,WV,25187
US,WV,25193
US,WV,25201
US,WV,25202
US,WV,25203
US,WV,25204
US,WV,25205
US,WV,25206
US,WV,25208
US,WV,25209
US,WV,25211
US,WV,25213
US,WV,25214
US,WV,25231
US,WV,25234
US,WV,25235
US,WV,25239
US,WV,25241
US,WV,25243
US,WV,25244
US,WV,25245
US,WV,25247
US,WV,25248
US,WV,25251
US,WV,25252
US,WV,25253
US,WV,25259
US,WV,25260
US,WV,25261
US,WV,25262
US,WV,25264
US,WV,25265
US,WV,25266
US,WV,25267
US,WV,25268
US,WV,25270
US,WV,25271
US,WV,25275
US,WV,25276
US,WV,25285
US,WV,25286
US,WV,25287
US,WV,25301
US,WV,25302
US,WV,25303
US,WV,25304
US,WV,25305
US,WV,25306
US,WV,25309
US,WV,25311
US,WV,25312
US,WV,25313
US,WV,25314
US,WV,25315
US,WV,25317
US,WV,25320
US,WV,25321
US,WV,25322
US,WV,25323
US,WV,25324
US,WV,25325
US,WV,25326
US,WV,25327
US,WV,25328
US,WV,25329
US,WV,25330
US,WV,25331
US,WV,25332
US,WV,25333
US,WV,25334
US,WV,25335
US,WV,25336
US,WV,25337
US,WV,25338
US,WV,25339
US,WV,25350
US,WV,25356
US,WV,25357
US,WV,25358
US,WV,25360
US,WV,25361
US,WV,25362
US,WV,25364
US,WV,25365
US,WV,25375
US,WV,25387
US,WV,25389
US,WV,25392
US,WV,25396
US,WV,25401
US,WV,25402
US,WV,25403
US,WV,25404
US,WV,25405
US,WV,25410
US,WV,25411
US,WV,25413
US,WV,25414
US,WV,25419
US,WV,25420
US,WV,25421
US,WV,25422
US,WV,25423
US,WV,25425
US,WV,25427
US,WV,25428
US,WV,25430
US,WV,25431
US,WV,25432
US,WV,25434
US,WV,25437
US,WV,25438
US,WV,25440
US,WV,25441
US,WV,25442
US,WV,25443
US,WV,25444
US,WV,25446
US,WV,25501
US,WV,25502
US,WV,25503
US,WV,25504
US,WV,25505
US,WV,25506
US,WV,25507
US,WV,25508
US,WV,25510
US,WV,25511
US,WV,25512
US,WV,25514
US,WV,25515
US,WV,25517
US,WV,25520
US,WV,25521
US,WV,25523
US,WV,25524
US,WV,25526
US,WV,25529
US,WV,25530
US,WV,25534
US,WV,25535
US,WV,25537
US,WV,25540
US,WV,25541
US,WV,25544
US,WV,25545
US,WV,25547
US,WV,25550
US,WV,25555
US,WV,25557
US,WV,25559
US,WV,25560
US,WV,25562
US,WV,25564
US,WV,25565
US,WV,25567
US,WV,25569
US,WV,25570
US,WV,25571
US,WV,25572
US,WV,25573
US,WV,25601
US,WV,25606
US,WV,25607
US,WV,25608
US,WV,25611
US,WV,25612
US,WV,25614
US,WV,25617
US,WV,25621
US,WV,25624
US,WV,25625
US,WV,25628
US,WV,25630
US,WV,25632
US,WV,25634
US,WV,25635
US,WV,25637
US,WV,25638
US,WV,25639
US,WV,25644
US,WV,25646
US,WV,25647
US,WV,25649
US,WV,25650
US,WV,25651
US,WV,25652
US,WV,25653
US,WV,25654
US,WV,25661
US,WV,25665
US,WV,25666
US,WV,25667
US,WV,25669
US,WV,25670
US,WV,25671
US,WV,25672
US,WV,25674
US,WV,25676
US,WV,25678
US,WV,25685
US,WV,25686
US,GA,31106
US,GA,31107
US,GA,31119
US,GA,31126
US,GA,31131
US,GA,31136
US,GA,31139
US,GA,31141
US,GA,31144
US,GA,31145
US,GA,31146
US,GA,31150
US,GA,31156
US,GA,31169
US,GA,31192
US,GA,31193
US,GA,31195
US,GA,31196
US,GA,31201
US,GA,31202
US,GA,31203
US,GA,31204
US,GA,31205
US,GA,31206
US,GA,31207
US,GA,31208
US,GA,31209
US,GA,31210
US,GA,31211
US,GA,31213
US,GA,31216
US,GA,31217
US,GA,31220
US,GA,31221
US,GA,31294
US,GA,31295
US,GA,31296
US,GA,31297
US,GA,31301
US,GA,31302
US,GA,31303
US,GA,31304
US,GA,31305
US,GA,31307
US,GA,31308
US,GA,31309
US,GA,31310
US,GA,31312
US,GA,31313
US,GA,31314
US,GA,31315
US,GA,31316
US,GA,31318
US,GA,31319
US,GA,31320
US,GA,31321
US,GA,31322
US,GA,31323
US,GA,31324
US,GA,31326
US,GA,31327
US,GA,31328
US,GA,31329
US,GA,31331
US,GA,31333
US,GA,31401
US,GA,31402
US,GA,31403
US,GA,31404
US,GA,31405
US,GA,31406
US,GA,31407
US,GA,31408
US,GA,31409
US,GA,31410
US,GA,31411
US,GA,31412
US,GA,31414
US,GA,31415
US,GA,31416
US,GA,31418
US,GA,31419
US,GA,31420
US,GA,31421
US,GA,31501
US,GA,31502
US,GA,31503
US,GA,31510
US,GA,31512
US,GA,31513
US,GA,31515
US,GA,31516
US,GA,31518
US,GA,31519
US,GA,31520
US,GA,31521
US,GA,31522
US,GA,31523
US,GA,31524
US,GA,31525
US,GA,31527
US,GA,31532
US,GA,31533
US,GA,31534
US,GA,31535
US,GA,31537
US,GA,31539
US,GA,31542
US,GA,31543
US,GA,31544
US,GA,31545
US,GA,31546
US,GA,31547
US,GA,31548
US,GA,31549
US,GA,31550
US,GA,31551
US,GA,31552
US,GA,31553
US,GA,31554
US,GA,31555
US,GA,31556
US,GA,31557
US,GA,31558
US,GA,31560
US,GA,31561
US,GA,31562
US,GA,31563
US,GA,31564
US,GA,31565
US,GA,31566
US,GA,31567
US,GA,31568
US,GA,31569
US,GA,31598
US,GA,31599
US,GA,31601
US,GA,31602
US,GA,31603
US,GA,31604
US,GA,31605
US,GA,31606
US,GA,31620
US,GA,31622
US,GA,31623
US,GA,31624
US,GA,31625
US,GA,31626
US,GA,31627
US,GA,31629
US,GA,31630
US,GA,31631
US,GA,31632
US,GA,31634
US,GA,31635
US,GA,31636
US,GA,31637
US,GA,31638
US,GA,31639
US,GA,31641
US,GA,31642
US,GA,31643
US,GA,31645
US,GA,31647
US,GA,31648
US,GA,31649
US,GA,31650
US,GA,31698
US,GA,31699
US,GA,31701
US,GA,31702
US,GA,31703
US,GA,31704
US,GA,31705
US,GA,31706
US,GA,31707
US,GA,31708
US,GA,31709
US,GA,31711
US,GA,31712
US,GA,31714
US,GA,31716
US,GA,31719
US,GA,31720
US,GA,31721
US,GA,31722
US,GA,31727
US,GA,31730
US,GA,31733
US,GA,31735
US,GA,31738
US,GA,31739
US,GA,31743
US,GA,31744
US,GA,31747
US,GA,31749
US,GA,31750
US,GA,31753
US,GA,31756
US,GA,31757
US,GA,31758
US,GA,31760
US,GA,31763
US,GA,31764
US,GA,31765
US,GA,31768
US,GA,31769
US,GA,31771
US,GA,31772
US,GA,31773
US,GA,31774
US,GA,31775
US,GA,31776
US,GA,31778
US,GA,31779
US,GA,31780
US,GA,31781
US,GA,31782
US,GA,31783
US,GA,31784
US,GA,31787
US,GA,31788
US,GA,31789
US,GA,31790
US,GA,31791
US,GA,31792
US,GA,31793
US,GA,31794
US,GA,31795
US,GA,31796
US,GA,31798
US,GA,31799
US,GA,31801
US,GA,31803
US,GA,31804
US,GA,31805
US,GA,31806
US,GA,31807
US,GA,31808
US,GA,31810
US,GA,31811
US,GA,31812
US,GA,31814
US,GA,31815
US,GA,31816
US,GA,31820
US,GA,31821
US,GA,31822
US,GA,31823
US,GA,31824
US,GA,31825
US,GA,31826
US,GA,31827
US,GA,31829
US,GA,31830
US,GA,31831
US,GA,31832
US,GA,31833
US,GA,31836
US,GA,31901
US,GA,31902
US,GA,31903
US,GA,31904
US,GA,31905
US,GA,31906
US,GA,31907
US,GA,31908
US,GA,31909
US,GA,31914
US,GA,30115
US,GA,30116
US,GA,30117
US,GA,30118
US,GA,30119
US,GA,30120
US,GA,30121
US,GA,30122
US,GA,30123
US,GA,30124
US,GA,30125
US,GA,30126
US,GA,30127
US,GA,30129
US,GA,30132
US,GA,30133
US,GA,30134
US,GA,30135
US,GA,30137
US,GA,30138
US,GA,30139
US,GA,30140
US,GA,30141
US,GA,30142
US,GA,30143
US,GA,30144
US,GA,30145
US,GA,30146
US,GA,30147
US,GA,30148
US,GA,30149
US,GA,30150
US,GA,30151
US,GA,30152
US,GA,30153
US,GA,30154
US,GA,30156
US,GA,30157
US,GA,30160
US,GA,30161
US,GA,30162
US,GA,30164
US,GA,30165
US,GA,30168
US,GA,30169
US,GA,30170
US,GA,30171
US,GA,30172
US,GA,30173
US,GA,30175
US,GA,30176
US,GA,30177
US,GA,30178
US,GA,30179
US,GA,30180
US,GA,30182
US,GA,30183
US,GA,30184
US,GA,30185
US,GA,30187
US,GA,30188
US,GA,30189
US,GA,30204
US,GA,30205
US,GA,30206
US,GA,30212
US,GA,30213
US,GA,30214
US,GA,30215
US,GA,30216
US,GA,30217
US,GA,30218
US,GA,30220
US,GA,30222
US,GA,30223
US,GA,30224
US,GA,30228
US,GA,30229
US,GA,30230
US,GA,30233
US,GA,30234
US,GA,30236
US,GA,30237
US,GA,30238
US,GA,30240
US,GA,30241
US,GA,30248
US,GA,30250
US,GA,30251
US,GA,30252
US,GA,30253
US,GA,30256
US,GA,30257
US,GA,30258
US,GA,30259
US,GA,30260
US,GA,30261
US,GA,30263
US,GA,30264
US,GA,30265
US,GA,30266
US,GA,30268
US,GA,30269
US,GA,30270
US,GA,30271
US,GA,30272
US,GA,30273
US,GA,30274
US,GA,30275
US,GA,30276
US,GA,30277
US,GA,30281
US,GA,30284
US,GA,30285
US,GA,30286
US,GA,30287
US,GA,30288
US,GA,30289
US,GA,30290
US,GA,30291
US,GA,30292
US,GA,30293
US,GA,30294
US,GA,30295
US,GA,30296
US,GA,30297
US,GA,30298
US,GA,30301
US,GA,30302
US,GA,30303
US,GA,30304
US,GA,30305
US,GA,30306
US,GA,30307
US,GA,30308
US,GA,30309
US,GA,30310
US,GA,30311
US,GA,30312
US,GA,30313
US,GA,30314
US,GA,30315
US,GA,30316
US,GA,30317
US,GA,30318
US,GA,30319
US,GA,30320
US,GA,30321
US,GA,30322
US,GA,30324
US,GA,30325
US,GA,30326
US,GA,30327
US,GA,30328
US,GA,30329
US,GA,30331
US,GA,30332
US,GA,30333
US,GA,30334
US,GA,30336
US,GA,30337
US,GA,30338
US,GA,30339
US,GA,30340
US,GA,30341
US,GA,30342
US,GA,30343
US,GA,30344
US,GA,30345
US,GA,30346
US,GA,30348
US,GA,30349
US,GA,30350
US,GA,30353
US,GA,30354
US,GA,30355
US,GA,30356
US,GA,30357
US,GA,30358
US,GA,30359
US,GA,30360
US,GA,30361
US,GA,30362
US,GA,30363
US,GA,30364
US,GA,30366
US,GA,30368
US,GA,30369
US,GA,30370
US,GA,30371
US,GA,30374
US,GA,30375
US,GA,30377
US,GA,30378
US,GA,30380
US,GA,30384
US,GA,30385
US,GA,30388
US,GA,30392
US,GA,30394
US,GA,30396
US,GA,30398
US,GA,30401
US,GA,30410
US,GA,30411
US,GA,30412
US,GA,30413
US,GA,30414
US,GA,30415
US,GA,30417
US,GA,30420
US,GA,30421
US,GA,30423
US,GA,30424
US,GA,30425
US,GA,30426
US,GA,30427
US,GA,30428
US,GA,30429
US,GA,30434
US,GA,30436
US,GA,30438
US,GA,30439
US,GA,30441
US,GA,30442
US,GA,30445
US,GA,30446
US,GA,30447
US,GA,30448
US,GA,30449
US,GA,30450
US,GA,30451
US,GA,30452
US,GA,30453
US,GA,30454
US,GA,30455
US,GA,30456
US,GA,30457
US,GA,30458
US,GA,30459
US,GA,30460
US,GA,30461
US,GA,30464
US,GA,30467
US,GA,30470
US,GA,30471
US,GA,30473
US,GA,30474
US,GA,30475
US,GA,30477
US,GA,30499
US,GA,30501
US,GA,30502
US,GA,30503
US,GA,30504
US,GA,30506
US,GA,30507
US,GA,30510
US,GA,30511
US,GA,30512
US,GA,30513
US,GA,30514
US,GA,30515
US,GA,30516
US,GA,30517
US,GA,30518
US,GA,30519
US,GA,30520
US,GA,30521
US,NC,28262
US,NC,28263
US,NC,28265
US,NC,28266
US,NC,28269
US,NC,28270
US,NC,28271
US,NC,28272
US,NC,28273
US,NC,28274
US,NC,28275
US,NC,28277
US,NC,28278
US,NC,28280
US,NC,28281
US,NC,28282
US,NC,28284
US,NC,28285
US,NC,28287
US,NC,28288
US,NC,28289
US,NC,28290
US,NC,28296
US,NC,28297
US,NC,28299
US,NC,28301
US,NC,28302
US,NC,28303
US,NC,28304
US,NC,28305
US,NC,28306
US,NC,28307
US,NC,28308
US,NC,28309
US,NC,28310
US,NC,28311
US,NC,28312
US,NC,28314
US,NC,28315
US,NC,28318
US,NC,28319
US,NC,28320
US,NC,28323
US,NC,28325
US,NC,28326
US,NC,28327
US,NC,28328
US,NC,28329
US,NC,28330
US,NC,28331
US,NC,28332
US,NC,28333
US,NC,28334
US,NC,28335
US,NC,28337
US,NC,28338
US,NC,28339
US,NC,28340
US,NC,28341
US,NC,28342
US,NC,28343
US,NC,28344
US,NC,28345
US,NC,28347
US,NC,28348
US,NC,28349
US,NC,28350
US,NC,28351
US,NC,28352
US,NC,28353
US,NC,28355
US,NC,28356
US,NC,28357
US,NC,28358
US,NC,28359
US,NC,28360
US,NC,28362
US,NC,28363
US,NC,28364
US,NC,28365
US,NC,28366
US,NC,28367
US,NC,28368
US,NC,28369
US,NC,28370
US,NC,28371
US,NC,28372
US,NC,28373
US,NC,28374
US,NC,28375
US,NC,28376
US,NC,28377
US,NC,28378
US,NC,28379
US,NC,28380
US,NC,28382
US,NC,28383
US,NC,28384
US,NC,28385
US,NC,28386
US,NC,28387
US,NC,28388
US,NC,28390
US,NC,28391
US,NC,28392
US,NC,28393
US,NC,28394
US,NC,28395
US,NC,28396
US,NC,28398
US,NC,28399
US,NC,28401
US,NC,28402
US,NC,28403
US,NC,28404
US,NC,28405
US,NC,28406
US,NC,28407
US,NC,28408
US,NC,28409
US,NC,28410
US,NC,28411
US,NC,28412
US,NC,28420
US,NC,28421
US,NC,28422
US,NC,28423
US,NC,28424
US,NC,28425
US,NC,28428
US,NC,28429
US,NC,28430
US,NC,28431
US,NC,28432
US,NC,28433
US,NC,28434
US,NC,28435
US,NC,28436
US,NC,28438
US,NC,28439
US,NC,28441
US,NC,28442
US,NC,28443
US,NC,28444
US,NC,28445
US,NC,28447
US,NC,28448
US,NC,28449
US,NC,28450
US,NC,28451
US,NC,28452
US,NC,28453
US,NC,28454
US,NC,28455
US,NC,28456
US,NC,28457
US,NC,28458
US,NC,28459
US,NC,28460
US,NC,28461
US,NC,28462
US,NC,28463
US,NC,28464
US,NC,28465
US,NC,28466
US,NC,28467
US,NC,28468
US,NC,28469
US,NC,28470
US,NC,28472
US,NC,28478
US,NC,28479
US,NC,28480
US,NC,28501
US,NC,28502
US,NC,28503
US,NC,28504
US,NC,28508
US,NC,28509
US,NC,28510
US,NC,28511
US,NC,28512
US,NC,28513
US,NC,28515
US,NC,28516
US,NC,28518
US,NC,28519
US,NC,28520
US,NC,28521
US,NC,28522
US,NC,28523
US,NC,28524
US,NC,28525
US,NC,28526
US,NC,28527
US,NC,28528
US,NC,28529
US,NC,28530
US,NC,28531
US,NC,28532
US,NC,28533
US,NC,28537
US,NC,28538
US,NC,28539
US,NC,28540
US,NC,28541
US,NC,28542
US,NC,28543
US,NC,28544
US,NC,28545
US,NC,28546
US,NC,28547
US,NC,28551
US,NC,28552
US,NC,28553
US,NC,28554
US,NC,28555
US,NC,28556
US,NC,28557
US,NC,28560
US,NC,28561
US,NC,28562
US,NC,28563
US,NC,28564
US,NC,28570
US,NC,28571
US,NC,28572
US,NC,28573
US,NC,28574
US,NC,28575
US,NC,28577
US,NC,28578
US,NC,28579
US,NC,28580
US,NC,28581
US,NC,28582
US,NC,28583
US,NC,28584
US,NC,28585
US,NC,28586
US,NC,28587
US,NC,28589
US,NC,28590
US,NC,28594
US,NC,28601
US,NC,28602
US,NC,28603
US,NC,28604
US,NC,28605
US,NC,28606
US,NC,28607
US,NC,28608
US,NC,28609
US,NC,28610
US,NC,28611
US,NC,28612
US,NC,28613
US,NC,28615
US,NC,28616
US,NC,28617
US,NC,28618
US,NC,28619
US,NC,28621
US,NC,28622
US,NC,28623
US,NC,28624
US,NC,28625
US,NC,28626
US,NC,28627
US,NC,28628
US,NC,28629
US,NC,28630
US,NC,28631
US,NC,28633
US,NC,28634
US,NC,28635
US,NC,28636
US,NC,28637
US,NC,28638
US,NC,28640
US,NC,28641
US,NC,28642
US,NC,28643
US,NC,28644
US,NC,28645
US,NC,28646
US,NC,28647
US,NC,28649
US,NC,28650
US,NC,28651
US,NC,28652
US,NC,28653
US,NC,28654
US,NC,28655
US,NC,28656
US,NC,28657
US,NC,28658
US,NC,28659
US,NC,28660
US,NC,28661
US,NC,28662
US,NC,28663
US,NC,28664
US,NC,28665
US,NC,28666
US,NC,28667
US,NC,28668
US,NC,28669
US,NC,28670
US,NC,28671
US,NC,28672
US,NC,28673
US,NC,28675
US,NC,28676
US,NC,28677
US,NC,28678
US,NC,28679
US,NC,28680
US,NC,28681
US,NC,28682
US,NC,28683
US,NC,28684
US,NC,28685
US,NC,28687
US,NC,28688
US,NC,28689
US,NC,28690
US,NC,28691
US,NC,28692
US,NC,28693
US,NC,28694
US,NC,28697
US,NC,28698
US,NC,28699
US,NC,28701
US,NC,28702
US,NC,28704
US,NC,28705
US,NC,28707
US,NC,28708
US,NC,28709
US,NC,28710
US,NC,28711
US,NC,28712
US,NC,28713
US,NC,28714
US,NC,28715
US,NC,28716
US,NC,28717
US,NC,28718
US,NC,28719
US,NC,28720
US,NC,28721
US,NC,28722
US,NC,28723
US,NC,28724
US,NC,28725
US,NC,28726
US,NC,28727
US,NC,28728
US,NC,28729
US,NC,28730
US,NC,28731
US,NC,28732
US,NC,28733
US,NC,28734
US,NC,28735
US,NC,28736
US,NC,28737
US,NC,28738
US,NC,28739
US,NC,28740
US,NC,28741
US,NC,28742
US,NC,28743
US,NC,28744
US,NC,28745
US,NC,28746
US,NC,28747
US,NC,28748
US,NC,28749
US,NC,28750
US,NC,28751
US,NC,28752
US,NC,28753
US,NC,28754
US,NC,28755
US,NC,28756
US,NC,28757
US,NC,28758
US,NC,28759
US,NC,28760
US,NC,28761
US,NC,28762
US,NC,28763
US,NC,28765
US,NC,28766
US,NC,28768
US,NC,28770
US,NC,28771
US,NC,28772
US,NC,28773
US,NC,28774
US,NC,28775
US,NC,28776
US,NC,28777
US,NC,28778
US,NC,28779
US,NC,28781
US,NC,28782
US,NC,28783
US,NC,28784
US,NC,28785
US,NC,28786
US,NC,28787
US,NC,28788
US,NC,28789
US,NC,28790
US,NC,28791
US,NC,28792
US,NC,28793
US,NC,28801
US,NC,28802
US,NC,28803
US,NC,28804
US,NC,28805
US,NC,28806
US,NC,28810
US,NC,28813
US,NC,28814
US,NC,28815
US,NC,28816
US,NC,28901
US,NC,28902
US,NC,28903
US,NC,28904
US,NC,28905
US,NC,28906
US,NC,28909
US,SC,29001
US,SC,29002
US,SC,29003
US,SC,29006
US,SC,29009
US,SC,29010
US,SC,29014
US,SC,29015
US,SC,29016
US,SC,29018
US,SC,29020
US,SC,29021
US,SC,29030
US,SC,29031
US,SC,29032
US,SC,29033
US,SC,29036
US,SC,29037
US,SC,29038
US,SC,29039
US,SC,29040
US,SC,29041
US,SC,29042
US,SC,29044
US,SC,29045
US,SC,29046
US,SC,29047
US,SC,29048
US,SC,29051
US,SC,29052
US,SC,29053
US,SC,29054
US,SC,29055
US,SC,29056
US,SC,29058
US,SC,29059
US,SC,29061
US,SC,29062
US,SC,29063
US,SC,29065
US,SC,29067
US,SC,29069
US,SC,29070
US,SC,29071
US,SC,29072
US,SC,29073
US,SC,29074
US,SC,29075
US,SC,29078
US,SC,29079
US,SC,29080
US,SC,29081
US,SC,29082
US,SC,29101
US,SC,29102
US,SC,29104
US,SC,29105
US,SC,29107
US,SC,29108
US,SC,29111
US,SC,29112
US,SC,29113
US,SC,29114
US,SC,29115
US,SC,29116
US,SC,29117
US,SC,29118
US,SC,29122
US,SC,29123
US,SC,29125
US,SC,29126
US,SC,29127
US,SC,29128
US,SC,29129
US,SC,29130
US,SC,29132
US,SC,29133
US,SC,29135
US,SC,29137
US,SC,29138
US,SC,29142
US,SC,29143
US,SC,29145
US,SC,29146
US,SC,29147
US,SC,29148
US,SC,29150
US,SC,29151
US,SC,29152
US,SC,29153
US,SC,29154
US,SC,29160
US,SC,29161
US,SC,29162
US,SC,29163
US,SC,29164
US,SC,29166
US,SC,29168
US,SC,29169
US,SC,29170
US,SC,29171
US,SC,29172
US,SC,29175
US,SC,29177
US,SC,29178
US,SC,29180
US,SC,29201
US,SC,29202
US,SC,29203
US,SC,29204
US,SC,29205
US,SC,29206
US,SC,29207
US,SC,29208
US,SC,29209
US,SC,29210
US,SC,29211
US,SC,29212
US,SC,29214
US,SC,29215
US,SC,29216
US,SC,29217
US,SC,29218
US,SC,29219
US,SC,29220
US,SC,29221
US,SC,29222
US,SC,29223
US,SC,29224
US,SC,29225
US,SC,29226
US,SC,29227
US,SC,29228
US,SC,29229
US,SC,29230
US,SC,29240
US,SC,29250
US,SC,29260
US,SC,29290
US,SC,29292
US,SC,29301
US,SC,29302
US,SC,29303
US,SC,29304
US,SC,29305
US,SC,29306
US,SC,29307
US,SC,29316
US,SC,29319
US,SC,29320
US,SC,29321
US,SC,29322
US,SC,29323
US,SC,29324
US,SC,29325
US,SC,29329
US,SC,29330
US,SC,29331
US,SC,29332
US,SC,29333
US,SC,29334
US,SC,29335
US,SC,29336
US,SC,29338
US,SC,29340
US,SC,29341
US,SC,29342
US,SC,29346
US,SC,29348
US,SC,29349
US,SC,29351
US,SC,29353
US,SC,29355
US,SC,29356
US,SC,29360
US,SC,29364
US,SC,29365
US,SC,29368
US,SC,29369
US,SC,29370
US,SC,29372
US,SC,29373
US,SC,29374
US,SC,29375
US,SC,29376
US,SC,29377
US,SC,29378
US,SC,29379
US,SC,29384
US,SC,29385
US,SC,29386
US,SC,29388
US,SC,29395
US,SC,29401
US,SC,29402
US,SC,29403
US,SC,29404
US,SC,29405
US,SC,29406
US,SC,29407
US,SC,29409
US,SC,29410
US,SC,29412
US,SC,29413
US,SC,29414
US,SC,29415
US,SC,29416
US,SC,29417
US,SC,29418
US,SC,29419
US,SC,29420
US,SC,29422
US,SC,29423
US,SC,29424
US,SC,29425
US,SC,29426
US,SC,29429
US,SC,29431
US,SC,29432
US,SC,29433
US,SC,29434
US,SC,29435
US,SC,29436
US,SC,29437
US,SC,29438
US,SC,29439
US,SC,29440
US,SC,29442
US,SC,29445
US,SC,29446
US,SC,29447
US,SC,29448
US,SC,29449
US,SC,29450
US,SC,29451
US,SC,29452
US,SC,29453
US,SC,29455
US,SC,29456
US,SC,29457
US,SC,29458
US,SC,29461
US,SC,29464
US,SC,29465
US,SC,29466
US,SC,29468
US,SC,29469
US,SC,29470
US,SC,29471
US,SC,29472
US,SC,29474
US,SC,29475
US,SC,29476
US,SC,29477
US,SC,29479
US,SC,29481
US,SC,29482
US,SC,29483
US,SC,29484
US,SC,29485
US,SC,29486
US,SC,29487
US,SC,29488
US,SC,29492
US,SC,29493
US,SC,29501
US,SC,29502
US,SC,29503
US,SC,29504
US,SC,29505
US,SC,29506
US,SC,29510
US,SC,29511
US,SC,29512
US,SC,29516
US,SC,29518
US,SC,29519
US,SC,29520
US,SC,29525
US,SC,29526
US,SC,29527
US,SC,29528
US,SC,29530
US,SC,29532
US,SC,29536
US,SC,29540
US,SC,29541
US,SC,29543
US,SC,29544
US,SC,29545
US,SC,29546
US,SC,29547
US,SC,29550
US,SC,29551
US,SC,29554
US,SC,29555
US,SC,29556
US,SC,29560
US,SC,29563
US,SC,29564
US,SC,29565
US,SC,29566
US,SC,29567
US,SC,29568
US,SC,29569
US,SC,29570
US,SC,29571
US,SC,29572
US,SC,29574
US,SC,29575
US,SC,29576
US,SC,29577
US,SC,29578
US,SC,29579
US,SC,29580
US,SC,29581
US,SC,29582
US,SC,29583
US,SC,29584
US,SC,29585
US,SC,29587
US,SC,29588
US,SC,29589
US,SC,29590
US,SC,29591
US,SC,29592
US,SC,29593
US,SC,29594
US,SC,29596
US,SC,29597
US,SC,29598
US,SC,29601
US,SC,29602
US,SC,29603
US,SC,29604
US,SC,29605
US,SC,29606
US,SC,29607
US,SC,29608
US,SC,29609
US,SC,29610
US,SC,29611
US,SC,29612
US,SC,29613
US,SC,29614
US,SC,29615
US,SC,29616
US,SC,29617
US,SC,29620
US,SC,29621
US,SC,29622
US,SC,29623
US,SC,29624
US,SC,29625
US,SC,29626
US,SC,29627
US,SC,29628
US,SC,29630
US,SC,29631
US,SC,29632
US,SC,29633
US,SC,29634
US,SC,29635
US,SC,29636
US,SC,29638
US,SC,29639
US,SC,29640
US,SC,29641
US,SC,29642
US,SC,29643
US,SC,29644
US,SC,29645
US,SC,29646
US,SC,29647
US,SC,29648
US,SC,29649
US,SC,29650
US,SC,29651
US,SC,29652
US,SC,29653
US,SC,29654
US,SC,29655
US,SC,29656
US,SC,29657
US,SC,29658
US,SC,29659
US,SC,29661
US,SC,29662
US,SC,29664
US,SC,29665
US,SC,29666
US,SC,29667
US,SC,29669
US,SC,29670
US,SC,29671
US,SC,29672
US,SC,29673
US,SC,29675
US,SC,29676
US,SC,29677
US,SC,29678
US,SC,29679
US,SC,29680
US,SC,29681
US,SC,29682
US,SC,29683
US,SC,29684
US,SC,29685
US,SC,29686
US,SC,29687
US,SC,29688
US,SC,29689
US,SC,29690
US,SC,29691
US,SC,29692
US,SC,29693
US,SC,29695
US,SC,29696
US,SC,29697
US,SC,29702
US,SC,29703
US,SC,29704
US,SC,29706
US,SC,29707
US,SC,29708
US,SC,29709
US,SC,29710
US,SC,29712
US,SC,29714
US,SC,29715
US,SC,29716
US,SC,29717
US,SC,29718
US,SC,29720
US,SC,29721
US,SC,29722
US,SC,29724
US,SC,29726
US,SC,29727
US,SC,29728
US,SC,29729
US,SC,29730
US,SC,29731
US,SC,29732
US,SC,29733
US,SC,29734
US,SC,29741
US,SC,29742
US,SC,29743
US,SC,29744
US,SC,29745
US,SC,29801
US,SC,29802
US,SC,29803
US,SC,29804
US,SC,29805
US,SC,29808
US,SC,29809
US,SC,29810
US,SC,29812
US,SC,29813
US,SC,29816
US,SC,29817
US,SC,29819
US,SC,29821
US,SC,29822
US,SC,29824
US,SC,29826
US,SC,29827
US,SC,29828
US,SC,29829
US,SC,29831
US,SC,29832
US,SC,29834
US,SC,29835
US,SC,29836
US,SC,29838
US,SC,29839
US,SC,29840
US,SC,29841
US,SC,29842
US,SC,29843
US,SC,29844
US,SC,29845
US,SC,29846
US,SC,29847
US,SC,29848
US,SC,29849
US,SC,29850
US,SC,29851
US,SC,29853
US,SC,29856
US,SC,29860
US,SC,29861
US,SC,29899
US,SC,29901
US,SC,29902
US,SC,29903
US,SC,29904
US,SC,29905
US,SC,29906
US,SC,29907
US,SC,29909
US,SC,29910
US,SC,29911
US,SC,29912
US,SC,29913
US,SC,29914
US,SC,29915
US,SC,29916
US,SC,29918
US,SC,29920
US,SC,29921
US,SC,29922
US,SC,29923
US,SC,29924
US,SC,29925
US,SC,29926
US,SC,29927
US,SC,29928
US,SC,29929
US,SC,29931
US,SC,29932
US,SC,29933
US,SC,29934
US,SC,29935
US,SC,29936
US,SC,29938
US,SC,29939
US,SC,29940
US,SC,29941
US,SC,29943
US,SC,29944
US,SC,29945
US,GA,30002
US,GA,30003
US,GA,30004
US,GA,30005
US,GA,30006
US,GA,30007
US,GA,30008
US,GA,30009
US,GA,30010
US,GA,30011
US,GA,30012
US,GA,30013
US,GA,30014
US,GA,30015
US,GA,30016
US,GA,30017
US,GA,30018
US,GA,30019
US,GA,30021
US,GA,30022
US,GA,30023
US,GA,30024
US,GA,30025
US,GA,30026
US,GA,30028
US,GA,30029
US,GA,30030
US,GA,30031
US,GA,30032
US,GA,30033
US,GA,30034
US,GA,30035
US,GA,30036
US,GA,30037
US,GA,30038
US,GA,30039
US,GA,30040
US,GA,30041
US,GA,30042
US,GA,30043
US,GA,30044
US,GA,30045
US,GA,30046
US,GA,30047
US,GA,30048
US,GA,30049
US,GA,30052
US,GA,30054
US,GA,30055
US,GA,30056
US,GA,30058
US,GA,30060
US,GA,30061
US,GA,30062
US,GA,30063
US,GA,30064
US,GA,30065
US,GA,30066
US,GA,30067
US,GA,30068
US,GA,30069
US,GA,30070
US,GA,30071
US,GA,30072
US,GA,30074
US,GA,30075
US,GA,30076
US,GA,30077
US,GA,30078
US,GA,30079
US,GA,30080
US,GA,30081
US,GA,30082
US,GA,30083
US,GA,30084
US,GA,30085
US,GA,30086
US,GA,30087
US,GA,30088
US,GA,30090
US,GA,30091
US,GA,30092
US,GA,30093
US,GA,30094
US,GA,30095
US,GA,30096
US,GA,30097
US,GA,30098
US,GA,30099
US,GA,30101
US,GA,30102
US,GA,30103
US,GA,30104
US,GA,30105
US,GA,30106
US,GA,30107
US,GA,30108
US,GA,30109
US,GA,30110
US,GA,30111
US,GA,30112
US,GA,30113
US,GA,30114
US,GA,30522
US,GA,30523
US,GA,30525
US,GA,30527
US,GA,30528
US,GA,30529
US,GA,30530
US,GA,30531
US,GA,30533
US,GA,30534
US,GA,30535
US,GA,30536
US,GA,30537
US,GA,30538
US,GA,30539
US,GA,30540
US,GA,30541
US,GA,30542
US,GA,30543
US,GA,30545
US,GA,30546
US,GA,30547
US,GA,30548
US,GA,30549
US,GA,30552
US,GA,30553
US,GA,30554
US,GA,30555
US,GA,30557
US,GA,30558
US,GA,30559
US,GA,30560
US,GA,30562
US,GA,30563
US,GA,30564
US,GA,30565
US,GA,30566
US,GA,30567
US,GA,30568
US,GA,30571
US,GA,30572
US,GA,30573
US,GA,30575
US,GA,30576
US,GA,30577
US,GA,30580
US,GA,30581
US,GA,30582
US,GA,30597
US,GA,30598
US,GA,30599
US,GA,30601
US,GA,30602
US,GA,30603
US,GA,30604
US,GA,30605
US,GA,30606
US,GA,30607
US,GA,30608
US,GA,30609
US,GA,30612
US,GA,30619
US,GA,30620
US,GA,30621
US,GA,30622
US,GA,30623
US,GA,30624
US,GA,30625
US,GA,30627
US,GA,30628
US,GA,30629
US,GA,30630
US,GA,30631
US,GA,30633
US,GA,30634
US,GA,30635
US,GA,30638
US,GA,30639
US,GA,30641
US,GA,30642
US,GA,30643
US,GA,30645
US,GA,30646
US,GA,30647
US,GA,30648
US,GA,30650
US,GA,30655
US,GA,30656
US,GA,30660
US,GA,30662
US,GA,30663
US,GA,30664
US,GA,30665
US,GA,30666
US,GA,30667
US,GA,30668
US,GA,30669
US,GA,30671
US,GA,30673
US,GA,30677
US,GA,30678
US,GA,30680
US,GA,30683
US,GA,30701
US,GA,30703
US,GA,30705
US,GA,30707
US,GA,30708
US,GA,30710
US,GA,30711
US,GA,30719
US,GA,30720
US,GA,30721
US,GA,30722
US,GA,30724
US,GA,30725
US,GA,30726
US,GA,30728
US,GA,30730
US,GA,30731
US,GA,30732
US,GA,30733
US,GA,30734
US,GA,30735
US,GA,30736
US,GA,30738
US,GA,30739
US,GA,30740
US,GA,30741
US,GA,30742
US,GA,30746
US,GA,30747
US,GA,30750
US,GA,30751
US,GA,30752
US,GA,30753
US,GA,30755
US,GA,30756
US,GA,30757
US,GA,30802
US,GA,30803
US,GA,30805
US,GA,30806
US,GA,30807
US,GA,30808
US,GA,30809
US,GA,30810
US,GA,30811
US,GA,30812
US,GA,30813
US,GA,30814
US,GA,30815
US,GA,30816
US,GA,30817
US,GA,30818
US,GA,30819
US,GA,30820
US,GA,30821
US,GA,30822
US,GA,30823
US,GA,30824
US,GA,30828
US,GA,30830
US,GA,30833
US,GA,30901
US,GA,30903
US,GA,30904
US,GA,30905
US,GA,30906
US,GA,30907
US,GA,30909
US,GA,30912
US,GA,30914
US,GA,30916
US,GA,30917
US,GA,30919
US,GA,30999
US,GA,31001
US,GA,31002
US,GA,31003
US,GA,31004
US,GA,31005
US,GA,31006
US,GA,31007
US,GA,31008
US,GA,31009
US,GA,31010
US,GA,31011
US,GA,31012
US,GA,31013
US,GA,31014
US,GA,31015
US,GA,31016
US,GA,31017
US,GA,31018
US,GA,31019
US,GA,31020
US,GA,31021
US,GA,31022
US,GA,31023
US,GA,31024
US,GA,31025
US,GA,31026
US,GA,31027
US,GA,31028
US,GA,31029
US,GA,31030
US,GA,31031
US,GA,31032
US,GA,31033
US,GA,31034
US,GA,31035
US,GA,31036
US,GA,31037
US,GA,31038
US,GA,31039
US,GA,31040
US,GA,31041
US,GA,31042
US,GA,31044
US,GA,31045
US,GA,31046
US,GA,31047
US,GA,31049
US,GA,31050
US,GA,31051
US,GA,31052
US,GA,31054
US,GA,31055
US,GA,31057
US,GA,31058
US,GA,31059
US,GA,31060
US,GA,31061
US,GA,31062
US,GA,31063
US,GA,31064
US,GA,31065
US,GA,31066
US,GA,31067
US,GA,31068
US,GA,31069
US,GA,31070
US,GA,31071
US,GA,31072
US,GA,31075
US,GA,31076
US,GA,31077
US,GA,31078
US,GA,31079
US,GA,31081
US,GA,31082
US,GA,31083
US,GA,31084
US,GA,31085
US,GA,31086
US,GA,31087
US,GA,31088
US,GA,31089
US,GA,31090
US,GA,31091
US,GA,31092
US,GA,31093
US,GA,31094
US,GA,31095
US,GA,31096
US,GA,31097
US,GA,31098
US,GA,31099
US,FL,33785
US,FL,33786
US,FL,33801
US,FL,33802
US,FL,33803
US,FL,33804
US,FL,33805
US,FL,33806
US,FL,33807
US,FL,33809
US,FL,33810
US,FL,33811
US,FL,33812
US,FL,33813
US,FL,33815
US,FL,33820
US,FL,33823
US,FL,33825
US,FL,33826
US,FL,33827
US,FL,33830
US,FL,33831
US,FL,33834
US,FL,33835
US,FL,33836
US,FL,33837
US,FL,33838
US,FL,33839
US,FL,33840
US,FL,33841
US,FL,33843
US,FL,33844
US,FL,33845
US,FL,33846
US,FL,33847
US,FL,33848
US,FL,33849
US,FL,33850
US,FL,33851
US,FL,33852
US,FL,33853
US,FL,33854
US,FL,33855
US,FL,33856
US,FL,33857
US,FL,33858
US,FL,33859
US,FL,33860
US,FL,33862
US,FL,33863
US,FL,33865
US,FL,33867
US,FL,33868
US,FL,33870
US,FL,33871
US,FL,33872
US,FL,33873
US,FL,33875
US,FL,33876
US,FL,33877
US,FL,33880
US,FL,33881
US,FL,33882
US,FL,33883
US,FL,33884
US,FL,33885
US,FL,33888
US,FL,33890
US,FL,33896
US,FL,33897
US,FL,33898
US,FL,33901
US,FL,33902
US,FL,33903
US,FL,33904
US,FL,33905
US,FL,33906
US,FL,33907
US,FL,33908
US,FL,33909
US,FL,33910
US,FL,33911
US,FL,33912
US,FL,33913
US,FL,33914
US,FL,33915
US,FL,33916
US,FL,33917
US,FL,33918
US,FL,33919
US,FL,33920
US,FL,33921
US,FL,33922
US,FL,33924
US,FL,33927
US,FL,33928
US,FL,33929
US,FL,33930
US,FL,33931
US,FL,33932
US,FL,33935
US,FL,33936
US,FL,33938
US,FL,33944
US,FL,33945
US,FL,33946
US,FL,33947
US,FL,33948
US,FL,33949
US,FL,33950
US,FL,33951
US,FL,33952
US,FL,33953
US,FL,33954
US,FL,33955
US,FL,33956
US,FL,33957
US,FL,33960
US,FL,33965
US,FL,33966
US,FL,33967
US,FL,33970
US,FL,33971
US,FL,33972
US,FL,33973
US,FL,33974
US,FL,33975
US,FL,33976
US,FL,33980
US,FL,33981
US,FL,33982
US,FL,33983
US,FL,33990
US,FL,33991
US,FL,33993
US,FL,33994
US,FL,34001
US,FL,34002
US,FL,34004
US,FL,34007
US,FL,34008
US,FL,34011
US,FL,34020
US,FL,34021
US,FL,34022
US,FL,34023
US,FL,34024
US,FL,34025
US,FL,34030
US,FL,34031
US,FL,34032
US,FL,34033
US,FL,34034
US,FL,34035
US,FL,34036
US,FL,34037
US,FL,34038
US,FL,34039
US,FL,34041
US,FL,34042
US,FL,34044
US,FL,34050
US,FL,34051
US,FL,34052
US,FL,34053
US,FL,34054
US,FL,34055
US,FL,34058
US,FL,34060
US,FL,34066
US,FL,34067
US,FL,34068
US,FL,34069
US,FL,34078
US,FL,34080
US,FL,34081
US,FL,34082
US,FL,34083
US,FL,34084
US,FL,34085
US,FL,34086
US,FL,34087
US,FL,34088
US,FL,34089
US,FL,34090
US,FL,34091
US,FL,34092
US,FL,34093
US,FL,34094
US,FL,34095
US,FL,34101
US,FL,34102
US,FL,34103
US,FL,34104
US,FL,34105
US,FL,34106
US,FL,34107
US,FL,34108
US,FL,34109
US,FL,34110
US,FL,34112
US,FL,34113
US,FL,34114
US,FL,34116
US,FL,34117
US,FL,34119
US,FL,34120
US,FL,34133
US,FL,34134
US,FL,34135
US,FL,34136
US,FL,34137
US,FL,34138
US,FL,34139
US,FL,34140
US,FL,34141
US,FL,34142
US,FL,34143
US,FL,34145
US,FL,34146
US,FL,34201
US,FL,34202
US,FL,34203
US,FL,34204
US,FL,34205
US,FL,34206
US,FL,34207
US,FL,34208
US,FL,34209
US,FL,34210
US,FL,34211
US,FL,34212
US,FL,34215
US,FL,34216
US,FL,34217
US,FL,34218
US,FL,34219
US,FL,34220
US,FL,34221
US,FL,34222
US,FL,34223
US,FL,34224
US,FL,34228
US,FL,34229
US,FL,34230
US,FL,34231
US,FL,34232
US,FL,34233
US,FL,34234
US,FL,34235
US,FL,34236
US,FL,34237
US,FL,34238
US,FL,34239
US,FL,34240
US,FL,34241
US,FL,34242
US,FL,34243
US,FL,34249
US,FL,34250
US,FL,34251
US,FL,34260
US,FL,34264
US,FL,34265
US,FL,34266
US,FL,34267
US,FL,34268
US,FL,34269
US,FL,34270
US,FL,34272
US,FL,34274
US,FL,34275
US,FL,34276
US,FL,34277
US,FL,34280
US,FL,34281
US,FL,34282
US,FL,34284
US,FL,34285
US,FL,34286
US,FL,34287
US,FL,34288
US,FL,34289
US,FL,34290
US,FL,34291
US,FL,34292
US,FL,34293
US,FL,34295
US,FL,34420
US,FL,34421
US,FL,34423
US,FL,34428
US,FL,34429
US,FL,34430
US,FL,34431
US,FL,34432
US,FL,34433
US,FL,34434
US,FL,34436
US,FL,34441
US,FL,34442
US,FL,34445
US,FL,34446
US,FL,34447
US,FL,34448
US,FL,34449
US,FL,34450
US,FL,34451
US,FL,34452
US,FL,34453
US,FL,34460
US,FL,34461
US,FL,34464
US,FL,34465
US,FL,34470
US,FL,34471
US,FL,34472
US,FL,34473
US,FL,34474
US,FL,34475
US,FL,34476
US,FL,34477
US,FL,34478
US,FL,34479
US,FL,34480
US,FL,34481
US,FL,34482
US,FL,34483
US,FL,34484
US,FL,34487
US,FL,34488
US,FL,34489
US,FL,34491
US,FL,34492
US,FL,34498
US,FL,34601
US,FL,34602
US,FL,34603
US,FL,34604
US,FL,34605
US,FL,34606
US,FL,34607
US,FL,34608
US,FL,34609
US,FL,34610
US,FL,34611
US,FL,34613
US,FL,34614
US,FL,34636
US,FL,34637
US,FL,34638
US,FL,34639
US,FL,34652
US,FL,34653
US,FL,34654
US,FL,34655
US,FL,34656
US,FL,34660
US,FL,34661
US,FL,34667
US,FL,34668
US,FL,34669
US,FL,34673
US,FL,34674
US,FL,34677
US,FL,34679
US,FL,34680
US,FL,34681
US,FL,34682
US,FL,34683
US,FL,34684
US,FL,34685
US,FL,34688
US,FL,34689
US,FL,34690
US,FL,34691
US,FL,34692
US,FL,34695
US,FL,34697
US,FL,34698
US,FL,34705
US,FL,34711
US,FL,34712
US,FL,34713
US,FL,34714
US,FL,34715
US,FL,34729
US,FL,34731
US,FL,34734
US,FL,34736
US,FL,34737
US,FL,34739
US,FL,34740
US,FL,34741
US,FL,34742
US,FL,34743
US,FL,34744
US,FL,34745
US,FL,34746
US,FL,34747
US,FL,34748
US,FL,34749
US,FL,34753
US,FL,34755
US,FL,34756
US,FL,34758
US,FL,34759
US,FL,34760
US,FL,34761
US,FL,34762
US,FL,34769
US,FL,34770
US,FL,34771
US,FL,34772
US,FL,34773
US,FL,34777
US,FL,34778
US,FL,34785
US,FL,34786
US,FL,34787
US,FL,34788
US,FL,34789
US,FL,34797
US,FL,34945
US,FL,34946
US,FL,34947
US,FL,34948
US,FL,34949
US,FL,34950
US,FL,34951
US,FL,34952
US,FL,34953
US,FL,34954
US,FL,34956
US,FL,34957
US,FL,34958
US,FL,34972
US,FL,34973
US,FL,34974
US,FL,34979
US,FL,34981
US,FL,34982
US,FL,34983
US,FL,34984
US,FL,34985
US,FL,34986
US,FL,34987
US,FL,34988
US,FL,34990
US,FL,34991
US,FL,34992
US,FL,34994
US,FL,34995
US,FL,34996
US,FL,34997
US,AL,35004
US,AL,35005
US,AL,35006
US,AL,35007
US,AL,35010
US,AL,35011
US,AL,35013
US,AL,35014
US,AL,35015
US,AL,35016
US,AL,35019
US,AL,35020
US,AL,35021
US,AL,35022
US,AL,35023
US,AL,35031
US,AL,35032
US,AL,35033
US,AL,35034
US,AL,35035
US,AL,35036
US,AL,35038
US,AL,35040
US,AL,35042
US,AL,35043
US,AL,35044
US,AL,35045
US,AL,35046
US,AL,35048
US,AL,35049
US,AL,35051
US,AL,35052
US,AL,35053
US,AL,35054
US,AL,35055
US,AL,35056
US,AL,35057
US,AL,35058
US,AL,35060
US,AL,35061
US,AL,35062
US,AL,35063
US,AL,35064
US,AL,35068
US,AL,35070
US,AL,35071
US,AL,35072
US,AL,35073
US,AL,35074
US,AL,35077
US,AL,35078
US,AL,35079
US,AL,35080
US,AL,35082
US,AL,35083
US,AL,35085
US,AL,35087
US,AL,35089
US,AL,35091
US,AL,35094
US,AL,35096
US,AL,35097
US,AL,35098
US,AL,35111
US,AL,35112
US,AL,35114
US,AL,35115
US,AL,35116
US,AL,35117
US,AL,35118
US,AL,35119
US,AL,35120
US,AL,35121
US,AL,35123
US,AL,35124
US,AL,35125
US,AL,35126
US,AL,35127
US,AL,35128
US,AL,35130
US,AL,35131
US,AL,35133
US,AL,35135
US,AL,35136
US,AL,35137
US,AL,35139
US,AL,35142
US,AL,35143
US,AL,35144
US,AL,35146
US,AL,35147
US,AL,35148
US,AL,35149
US,AL,35150
US,AL,35151
US,AL,35160
US,AL,35161
US,AL,35171
US,AL,35172
US,AL,35173
US,AL,35175
US,AL,35176
US,AL,35178
US,AL,35179
US,AL,35180
US,AL,35181
US,AL,35182
US,AL,35183
US,AL,35184
US,AL,35185
US,AL,35186
US,AL,35187
US,AL,35188
US,AL,35201
US,AL,35202
US,AL,35203
US,AL,35204
US,AL,35205
US,AL,35206
US,AL,35207
US,AL,35208
US,AL,35209
US,AL,35210
US,AL,35211
US,AL,35212
US,AL,35213
US,AL,35214
US,AL,35215
US,AL,35216
US,AL,35217
US,AL,35218
US,AL,35219
US,AL,35220
US,AL,35221
US,AL,35222
US,AL,35223
US,AL,35224
US,AL,35226
US,AL,35228
US,AL,35229
US,AL,35231
US,AL,35232
US,AL,35233
US,AL,35234
US,AL,35235
US,AL,35236
US,AL,35237
US,AL,35238
US,AL,35242
US,AL,35243
US,AL,35244
US,AL,35246
US,AL,35249
US,AL,35253
US,AL,35254
US,AL,35255
US,AL,35259
US,AL,35260
US,AL,35261
US,AL,35266
US,AL,35270
US,AL,35282
US,AL,35283
US,AL,35285
US,AL,35287
US,AL,35288
US,AL,35290
US,AL,35291
US,AL,35292
US,AL,35293
US,AL,35294
US,AL,35295
US,AL,35296
US,AL,35297
US,AL,35298
US,AL,35401
US,AL,35402
US,AL,35403
US,AL,35404
US,AL,35405
US,AL,35406
US,AL,35407
US,AL,35440
US,AL,35441
US,AL,35442
US,AL,35443
US,AL,35444
US,AL,35446
US,AL,35447
US,AL,35448
US,AL,35449
US,AL,35452
US,AL,35453
US,AL,35456
US,AL,35457
US,AL,35458
US,AL,35459
US,AL,35460
US,AL,35461
US,AL,35462
US,AL,35463
US,AL,35464
US,AL,35466
US,AL,35468
US,AL,35469
US,AL,35470
US,AL,35471
US,AL,35473
US,AL,35474
US,AL,35475
US,AL,35476
US,AL,35477
US,AL,35478
US,AL,35480
US,AL,35481
US,AL,35482
US,AL,35486
US,AL,35487
US,AL,35490
US,AL,35491
US,AL,35501
US,AL,35502
US,AL,35503
US,AL,35504
US,AL,35540
US,AL,35541
US,AL,35542
US,AL,35543
US,AL,35544
US,AL,35545
US,AL,35546
US,AL,35548
US,AL,35549
US,AL,35550
US,AL,35551
US,AL,35552
US,AL,35553
US,AL,35554
US,AL,35555
US,AL,35559
US,AL,35560
US,AL,35563
US,AL,35564
US,AL,35565
US,AL,35570
US,AL,35571
US,AL,35572
US,AL,35573
US,AL,35574
US,AL,35575
US,AL,35576
US,AL,35577
US,AL,35578
US,AL,35579
US,AL,35580
US,AL,35581
US,AL,35582
US,AL,35584
US,AL,35585
US,AL,35586
US,AL,35587
US,AL,35592
US,AL,35593
US,AL,35594
US,AL,35601
US,AL,35602
US,AL,35603
US,AL,35609
US,AL,35610
US,AL,35611
US,AL,35612
US,AL,35613
US,AL,35614
US,AL,35615
US,AL,35616
US,AL,35617
US,AL,35618
US,AL,35619
US,AL,35620
US,AL,35621
US,AL,35622
US,AL,35630
US,AL,35631
US,AL,35632
US,AL,35633
US,AL,35634
US,AL,35640
US,AL,35643
US,AL,35645
US,AL,35646
US,AL,35647
US,AL,35648
US,AL,35649
US,AL,35650
US,AL,35651
US,AL,35652
US,AL,35653
US,AL,35654
US,AL,35660
US,AL,35661
US,AL,35662
US,AL,35670
US,AL,35671
US,AL,35672
US,AL,35673
US,AL,35674
US,AL,35677
US,AL,35699
US,AL,35739
US,AL,35740
US,AL,35741
US,AL,35742
US,AL,35744
US,AL,35745
US,AL,35746
US,AL,35747
US,AL,35748
US,AL,35749
US,AL,35750
US,AL,35751
US,AL,35752
US,AL,35754
US,AL,35755
US,AL,35756
US,AL,35757
US,AL,35758
US,AL,35759
US,AL,35760
US,AL,35761
US,AL,35762
US,AL,35763
US,AL,35764
US,AL,35765
US,AL,35766
US,AL,35767
US,AL,35768
US,AL,35769
US,AL,35771
US,AL,35772
US,AL,35773
US,AL,35774
US,AL,35775
US,AL,35776
US,AL,35801
US,AL,35802
US,AL,35803
US,AL,35804
US,AL,35805
US,AL,35806
US,AL,35807
US,AL,35808
US,AL,35809
US,AL,35810
US,AL,35811
US,AL,35812
US,AL,35813
US,AL,35814
US,AL,35815
US,AL,35816
US,AL,35824
US,AL,35893
US,AL,35894
US,AL,35895
US,AL,35896
US,AL,35897
US,AL,35898
US,AL,35899
US,AL,35901
US,AL,35902
US,AL,35903
US,AL,35904
US,AL,35905
US,AL,35906
US,AL,35907
US,AL,35950
US,AL,35951
US,AL,35952
US,AL,35953
US,AL,35954
US,AL,35956
US,AL,35957
US,AL,35958
US,AL,35959
US,AL,35960
US,AL,35961
US,AL,35962
US,AL,35963
US,AL,35964
US,AL,35966
US,AL,35967
US,AL,35968
US,AL,35971
US,AL,35972
US,AL,35973
US,AL,35974
US,AL,35975
US,AL,35976
US,AL,35978
US,AL,35979
US,AL,35980
US,AL,35981
US,AL,35983
US,AL,35984
US,AL,35986
US,AL,35987
US,AL,35988
US,AL,35989
US,AL,35990
US,AL,36003
US,AL,36005
US,AL,36006
US,AL,36008
US,AL,36009
US,AL,36010
US,AL,36013
US,AL,36015
US,AL,36016
US,AL,36017
US,AL,36020
US,AL,36022
US,AL,36023
US,AL,36024
US,AL,36025
US,AL,36026
US,AL,36027
US,AL,36028
US,AL,36029
US,AL,36030
US,AL,36031
US,AL,36032
US,AL,36033
US,AL,36034
US,AL,36035
US,AL,36036
US,AL,36037
US,AL,36038
US,AL,36039
US,AL,36040
US,AL,36041
US,AL,36042
US,AL,36043
US,AL,36045
US,AL,36046
US,AL,36047
US,AL,36048
US,AL,36049
US,AL,36051
US,AL,36052
US,AL,36053
US,AL,36054
US,AL,36057
US,AL,36061
US,AL,36062
US,AL,36064
US,AL,36065
US,AL,36066
US,AL,36067
US,AL,36068
US,AL,36069
US,AL,36071
US,AL,36072
US,AL,36075
US,AL,36078
US,AL,36079
US,AL,36080
US,AL,36081
US,AL,36082
US,AL,36083
US,AL,36087
US,AL,36088
US,AL,36089
US,AL,36091
US,AL,36092
US,AL,36093
US,AL,36101
US,AL,36102
US,AL,36103
US,AL,36104
US,AL,36105
US,AL,36106
US,AL,36107
US,AL,36108
US,AL,36109
US,AL,36110
US,AL,36111
US,AL,36112
US,AL,36113
US,AL,36114
US,AL,36115
US,AL,36116
US,AL,36117
US,AL,36118
US,AL,36119
US,AL,36120
US,AL,36121
US,AL,36123
US,AL,36124
US,AL,36125
US,AL,36130
US,AL,36131
US,AL,36132
US,AL,36135
US,AL,36140
US,AL,36141
US,AL,36142
US,AL,36177
US,AL,36191
US,AL,36201
US,AL,36202
US,AL,36203
US,AL,36204
US,AL,36205
US,AL,36206
US,AL,36207
US,AL,36250
US,AL,36251
US,AL,36253
US,AL,36254
US,AL,36255
US,AL,36256
US,AL,36257
US,AL,36258
US,AL,36260
US,AL,36261
US,AL,36262
US,AL,36263
US,AL,36264
US,AL,36265
US,AL,36266
US,AL,36267
US,AL,36268
US,AL,36269
US,AL,36271
US,AL,36272
US,AL,36273
US,AL,36274
US,AL,36275
US,AL,36276
US,AL,36277
US,AL,36278
US,AL,36279
US,AL,36280
US,AL,36301
US,AL,36302
US,AL,36303
US,AL,36304
US,AL,36305
US,AL,36310
US,AL,36311
US,AL,36312
US,AL,36313
US,AL,36314
US,AL,36316
US,AL,36317
US,AL,36318
US,AL,36319
US,AL,36320
US,AL,36321
US,AL,36322
US,AL,36323
US,AL,36330
US,AL,36331
US,AL,36340
US,AL,36343
US,AL,36344
US,AL,36345
US,AL,36346
US,AL,36349
US,AL,36350
US,AL,36351
US,AL,36352
US,AL,36353
US,AL,36360
US,AL,36361
US,AL,36362
US,AL,36370
US,AL,36371
US,AL,36373
US,AL,36374
US,AL,36375
US,AL,36376
US,AL,36401
US,AL,36420
US,AL,36421
US,AL,36425
US,AL,36426
US,AL,36427
US,AL,36429
US,AL,36432
US,AL,36435
US,AL,36436
US,AL,36439
US,AL,36441
US,AL,36442
US,AL,36444
US,AL,36445
US,AL,36446
US,AL,36449
US,AL,36451
US,AL,36453
US,AL,36454
US,AL,36455
US,AL,36456
US,AL,36457
US,AL,36458
US,AL,36460
US,AL,36461
US,AL,36467
US,AL,36470
US,AL,36471
US,AL,36473
US,AL,36474
US,AL,36475
US,AL,36476
US,AL,36477
US,AL,36480
US,AL,36481
US,AL,36482
US,AL,36483
US,AL,36502
US,AL,36503
US,GA,31917
US,GA,31993
US,GA,31995
US,GA,31997
US,GA,31998
US,GA,31999
US,FL,32003
US,FL,32004
US,FL,32006
US,FL,32007
US,FL,32008
US,FL,32009
US,FL,32011
US,FL,32013
US,FL,32024
US,FL,32025
US,FL,32026
US,FL,32030
US,FL,32033
US,FL,32034
US,FL,32035
US,FL,32038
US,FL,32040
US,FL,32041
US,FL,32042
US,FL,32043
US,FL,32044
US,FL,32046
US,FL,32050
US,FL,32052
US,FL,32053
US,FL,32054
US,FL,32055
US,FL,32056
US,FL,32058
US,FL,32059
US,FL,32060
US,FL,32061
US,FL,32062
US,FL,32063
US,FL,32064
US,FL,32065
US,FL,32066
US,FL,32067
US,FL,32068
US,FL,32071
US,FL,32072
US,FL,32073
US,FL,32079
US,FL,32080
US,FL,32081
US,FL,32082
US,FL,32083
US,FL,32084
US,FL,32085
US,FL,32086
US,FL,32087
US,FL,32091
US,FL,32092
US,FL,32094
US,FL,32095
US,FL,32096
US,FL,32097
US,FL,32099
US,FL,32102
US,FL,32105
US,FL,32110
US,FL,32111
US,FL,32112
US,FL,32113
US,FL,32114
US,FL,32115
US,FL,32116
US,FL,32117
US,FL,32118
US,FL,32119
US,FL,32120
US,FL,32121
US,FL,32122
US,FL,32123
US,FL,32124
US,FL,32125
US,FL,32126
US,FL,32127
US,FL,32128
US,FL,32129
US,FL,32130
US,FL,32131
US,FL,32132
US,FL,32133
US,FL,32134
US,FL,32135
US,FL,32136
US,FL,32137
US,FL,32138
US,FL,32139
US,FL,32140
US,FL,32141
US,FL,32142
US,FL,32143
US,FL,32145
US,FL,32147
US,FL,32148
US,FL,32149
US,FL,32157
US,FL,32158
US,FL,32159
US,FL,32160
US,FL,32162
US,FL,32163
US,FL,32164
US,FL,32168
US,FL,32169
US,FL,32170
US,FL,32173
US,FL,32174
US,FL,32175
US,FL,32176
US,FL,32177
US,FL,32178
US,FL,32179
US,FL,32180
US,FL,32181
US,FL,32182
US,FL,32183
US,FL,32185
US,FL,32187
US,FL,32189
US,FL,32190
US,FL,32192
US,FL,32193
US,FL,32195
US,FL,32198
US,FL,32201
US,FL,32202
US,FL,32203
US,FL,32204
US,FL,32205
US,FL,32206
US,FL,32207
US,FL,32208
US,FL,32209
US,FL,32210
US,FL,32211
US,FL,32212
US,FL,32214
US,FL,32216
US,FL,32217
US,FL,32218
US,FL,32219
US,FL,32220
US,FL,32221
US,FL,32222
US,FL,32223
US,FL,32224
US,FL,32225
US,FL,32226
US,FL,32227
US,FL,32228
US,FL,32229
US,FL,32231
US,FL,32232
US,FL,32233
US,FL,32234
US,FL,32235
US,FL,32236
US,FL,32237
US,FL,32238
US,FL,32239
US,FL,32240
US,FL,32241
US,FL,32244
US,FL,32245
US,FL,32246
US,FL,32247
US,FL,32250
US,FL,32254
US,FL,32255
US,FL,32256
US,FL,32257
US,FL,32258
US,FL,32259
US,FL,32260
US,FL,32266
US,FL,32277
US,FL,32301
US,FL,32302
US,FL,32303
US,FL,32304
US,FL,32305
US,FL,32306
US,FL,32307
US,FL,32308
US,FL,32309
US,FL,32310
US,FL,32311
US,FL,32312
US,FL,32313
US,FL,32314
US,FL,32315
US,FL,32316
US,FL,32317
US,FL,32318
US,FL,32320
US,FL,32321
US,FL,32322
US,FL,32323
US,FL,32324
US,FL,32326
US,FL,32327
US,FL,32328
US,FL,32329
US,FL,32330
US,FL,32331
US,FL,32332
US,FL,32333
US,FL,32334
US,FL,32335
US,FL,32336
US,FL,32337
US,FL,32340
US,FL,32341
US,FL,32343
US,FL,32344
US,FL,32345
US,FL,32346
US,FL,32347
US,FL,32348
US,FL,32350
US,FL,32351
US,FL,32352
US,FL,32353
US,FL,32355
US,FL,32356
US,FL,32357
US,FL,32358
US,FL,32359
US,FL,32360
US,FL,32361
US,FL,32362
US,FL,32395
US,FL,32399
US,FL,32401
US,FL,32402
US,FL,32403
US,FL,32404
US,FL,32405
US,FL,32406
US,FL,32407
US,FL,32408
US,FL,32409
US,FL,32410
US,FL,32411
US,FL,32412
US,FL,32413
US,FL,32417
US,FL,32420
US,FL,32421
US,FL,32422
US,FL,32423
US,FL,32424
US,FL,32425
US,FL,32426
US,FL,32427
US,FL,32428
US,FL,32430
US,FL,32431
US,FL,32432
US,FL,32433
US,FL,32434
US,FL,32435
US,FL,32437
US,FL,32438
US,FL,32439
US,FL,32440
US,FL,32442
US,FL,32443
US,FL,32444
US,FL,32445
US,FL,32446
US,FL,32447
US,FL,32448
US,FL,32449
US,FL,32452
US,FL,32455
US,FL,32456
US,FL,32457
US,FL,32459
US,FL,32460
US,FL,32461
US,FL,32462
US,FL,32463
US,FL,32464
US,FL,32465
US,FL,32466
US,FL,32501
US,FL,32502
US,FL,32503
US,FL,32504
US,FL,32505
US,FL,32506
US,FL,32507
US,FL,32508
US,FL,32509
US,FL,32511
US,FL,32512
US,FL,32513
US,FL,32514
US,FL,32516
US,FL,32520
US,FL,32521
US,FL,32522
US,FL,32523
US,FL,32524
US,FL,32526
US,FL,32530
US,FL,32531
US,FL,32533
US,FL,32534
US,FL,32535
US,FL,32536
US,FL,32537
US,FL,32538
US,FL,32539
US,FL,32540
US,FL,32541
US,FL,32542
US,FL,32544
US,FL,32547
US,FL,32548
US,FL,32549
US,FL,32550
US,FL,32559
US,FL,32560
US,FL,32561
US,FL,32562
US,FL,32563
US,FL,32564
US,FL,32565
US,FL,32566
US,FL,32567
US,FL,32568
US,FL,32569
US,FL,32570
US,FL,32571
US,FL,32572
US,FL,32577
US,FL,32578
US,FL,32579
US,FL,32580
US,FL,32583
US,FL,32588
US,FL,32591
US,FL,32601
US,FL,32602
US,FL,32603
US,FL,32604
US,FL,32605
US,FL,32606
US,FL,32607
US,FL,32608
US,FL,32609
US,FL,32610
US,FL,32611
US,FL,32612
US,FL,32614
US,FL,32615
US,FL,32616
US,FL,32617
US,FL,32618
US,FL,32619
US,FL,32621
US,FL,32622
US,FL,32625
US,FL,32626
US,FL,32627
US,FL,32628
US,FL,32631
US,FL,32633
US,FL,32634
US,FL,32635
US,FL,32639
US,FL,32640
US,FL,32641
US,FL,32643
US,FL,32644
US,FL,32648
US,FL,32653
US,FL,32654
US,FL,32655
US,FL,32656
US,FL,32658
US,FL,32662
US,FL,32663
US,FL,32664
US,FL,32666
US,FL,32667
US,FL,32668
US,FL,32669
US,FL,32680
US,FL,32681
US,FL,32683
US,FL,32686
US,FL,32692
US,FL,32693
US,FL,32694
US,FL,32696
US,FL,32697
US,FL,32701
US,FL,32702
US,FL,32703
US,FL,32704
US,FL,32706
US,FL,32707
US,FL,32708
US,FL,32709
US,FL,32710
US,FL,32712
US,FL,32713
US,FL,32714
US,FL,32715
US,FL,32716
US,FL,32718
US,FL,32719
US,FL,32720
US,FL,32721
US,FL,32722
US,FL,32723
US,FL,32724
US,FL,32725
US,FL,32726
US,FL,32727
US,FL,32728
US,FL,32730
US,FL,32732
US,FL,32733
US,FL,32735
US,FL,32736
US,FL,32738
US,FL,32739
US,FL,32744
US,FL,32745
US,FL,32746
US,FL,32747
US,FL,32750
US,FL,32751
US,FL,32752
US,FL,32753
US,FL,32754
US,FL,32756
US,FL,32757
US,FL,32759
US,FL,32762
US,FL,32763
US,FL,32764
US,FL,32765
US,FL,32766
US,FL,32767
US,FL,32768
US,FL,32771
US,FL,32772
US,FL,32773
US,FL,32774
US,FL,32775
US,FL,32776
US,FL,32777
US,FL,32778
US,FL,32779
US,FL,32780
US,FL,32781
US,FL,32783
US,FL,32784
US,FL,32789
US,FL,32790
US,FL,32791
US,FL,32792
US,FL,32793
US,FL,32794
US,FL,32795
US,FL,32796
US,FL,32798
US,FL,32799
US,FL,32801
US,FL,32802
US,FL,32803
US,FL,32804
US,FL,32805
US,FL,32806
US,FL,32807
US,FL,32808
US,FL,32809
US,FL,32810
US,FL,32811
US,FL,32812
US,FL,32814
US,FL,32815
US,FL,32816
US,FL,32817
US,FL,32818
US,FL,32819
US,FL,32820
US,FL,32821
US,FL,32822
US,FL,32824
US,FL,32825
US,FL,32826
US,FL,32827
US,FL,32828
US,FL,32829
US,FL,32830
US,FL,32831
US,FL,32832
US,FL,32833
US,FL,32834
US,FL,32835
US,FL,32836
US,FL,32837
US,FL,32839
US,FL,32853
US,FL,32854
US,FL,32855
US,FL,32856
US,FL,32857
US,FL,32858
US,FL,32859
US,FL,32860
US,FL,32861
US,FL,32862
US,FL,32867
US,FL,32868
US,FL,32869
US,FL,32872
US,FL,32877
US,FL,32878
US,FL,32885
US,FL,32886
US,FL,32887
US,FL,32891
US,FL,32896
US,FL,32897
US,FL,32899
US,FL,32901
US,FL,32902
US,FL,32903
US,FL,32904
US,FL,32905
US,FL,32906
US,FL,32907
US,FL,32908
US,FL,32909
US,FL,32910
US,FL,32911
US,FL,32912
US,FL,32919
US,FL,32920
US,FL,32922
US,FL,32923
US,FL,32924
US,FL,32925
US,FL,32926
US,FL,32927
US,FL,32931
US,FL,32932
US,FL,32934
US,FL,32935
US,FL,32936
US,FL,32937
US,FL,32940
US,FL,32941
US,FL,32948
US,FL,32949
US,FL,32950
US,FL,32951
US,FL,32952
US,FL,32953
US,FL,32954
US,FL,32955
US,FL,32956
US,FL,32957
US,FL,32958
US,FL,32959
US,FL,32960
US,FL,32961
US,FL,32962
US,FL,32963
US,FL,32964
US,FL,32965
US,FL,32966
US,FL,32967
US,FL,32968
US,FL,32969
US,FL,32970
US,FL,32971
US,FL,32976
US,FL,32978
US,FL,33001
US,FL,33002
US,FL,33004
US,FL,33008
US,FL,33009
US,FL,33010
US,FL,33011
US,FL,33012
US,FL,33013
US,FL,33014
US,FL,33015
US,FL,33016
US,FL,33017
US,FL,33018
US,FL,33019
US,FL,33020
US,FL,33021
US,FL,33022
US,FL,33023
US,FL,33024
US,FL,33025
US,FL,33026
US,FL,33027
US,FL,33028
US,FL,33029
US,FL,33030
US,FL,33031
US,FL,33032
US,FL,33033
US,FL,33034
US,FL,33035
US,FL,33036
US,FL,33037
US,FL,33039
US,FL,33040
US,FL,33041
US,FL,33042
US,FL,33043
US,FL,33045
US,FL,33050
US,FL,33051
US,FL,33052
US,FL,33054
US,FL,33055
US,FL,33056
US,FL,33060
US,FL,33061
US,FL,33062
US,FL,33063
US,FL,33064
US,FL,33065
US,FL,33066
US,FL,33067
US,FL,33068
US,FL,33069
US,FL,33070
US,FL,33071
US,FL,33072
US,FL,33073
US,FL,33074
US,FL,33075
US,FL,33076
US,FL,33077
US,FL,33081
US,FL,33082
US,FL,33083
US,FL,33084
US,FL,33090
US,FL,33092
US,FL,33093
US,FL,33097
US,FL,33101
US,FL,33102
US,FL,33106
US,FL,33109
US,FL,33111
US,FL,33112
US,FL,33114
US,FL,33116
US,FL,33119
US,FL,33122
US,FL,33124
US,FL,33125
US,FL,33126
US,FL,33127
US,FL,33128
US,FL,33129
US,FL,33130
US,FL,33131
US,FL,33132
US,FL,33133
US,FL,33134
US,FL,33135
US,FL,33136
US,FL,33137
US,FL,33138
US,FL,33139
US,FL,33140
US,FL,33141
US,FL,33142
US,FL,33143
US,FL,33144
US,FL,33145
US,FL,33146
US,FL,33147
US,FL,33149
US,FL,33150
US,FL,33151
US,FL,33152
US,FL,33153
US,FL,33154
US,FL,33155
US,FL,33156
US,FL,33157
US,FL,33158
US,FL,33160
US,FL,33161
US,FL,33162
US,FL,33163
US,FL,33164
US,FL,33165
US,FL,33166
US,FL,33167
US,FL,33168
US,FL,33169
US,FL,33170
US,FL,33172
US,FL,33173
US,FL,33174
US,FL,33175
US,FL,33176
US,FL,33177
US,FL,33178
US,FL,33179
US,FL,33180
US,FL,33181
US,FL,33182
US,FL,33183
US,FL,33184
US,FL,33185
US,FL,33186
US,FL,33187
US,FL,33188
US,FL,33189
US,FL,33190
US,FL,33191
US,FL,33192
US,FL,33193
US,FL,33194
US,FL,33195
US,FL,33196
US,FL,33197
US,FL,33198
US,FL,33199
US,FL,33206
US,FL,33222
US,FL,33231
US,FL,33233
US,FL,33234
US,FL,33238
US,FL,33239
US,FL,33242
US,FL,33243
US,FL,33245
US,FL,33247
US,FL,33255
US,FL,33256
US,FL,33257
US,FL,33261
US,FL,33265
US,FL,33266
US,FL,33269
US,FL,33280
US,FL,33283
US,FL,33296
US,FL,33299
US,FL,33301
US,FL,33302
US,FL,33303
US,FL,33304
US,FL,33305
US,FL,33306
US,FL,33307
US,FL,33308
US,FL,33309
US,FL,33310
US,FL,33311
US,FL,33312
US,FL,33313
US,FL,33314
US,FL,33315
US,FL,33316
US,FL,33317
US,FL,33318
US,FL,33319
US,FL,33320
US,FL,33321
US,FL,33322
US,FL,33323
US,FL,33324
US,FL,33325
US,FL,33326
US,FL,33327
US,FL,33328
US,FL,33329
US,FL,33330
US,FL,33331
US,FL,33332
US,FL,33334
US,FL,33335
US,FL,33336
US,FL,33337
US,FL,33338
US,FL,33339
US,FL,33340
US,FL,33345
US,FL,33346
US,FL,33348
US,FL,33349
US,FL,33351
US,FL,33355
US,FL,33359
US,FL,33388
US,FL,33394
US,FL,33401
US,FL,33402
US,FL,33403
US,FL,33404
US,FL,33405
US,FL,33406
US,FL,33407
US,FL,33408
US,FL,33409
US,FL,33410
US,FL,33411
US,FL,33412
US,FL,33413
US,FL,33414
US,FL,33415
US,FL,33416
US,FL,33417
US,FL,33418
US,FL,33419
US,FL,33420
US,FL,33421
US,FL,33422
US,FL,33424
US,FL,33425
US,FL,33426
US,FL,33427
US,FL,33428
US,FL,33429
US,FL,33430
US,FL,33431
US,FL,33432
US,FL,33433
US,FL,33434
US,FL,33435
US,FL,33436
US,FL,33437
US,FL,33438
US,FL,33440
US,FL,33441
US,FL,33442
US,FL,33443
US,FL,33444
US,FL,33445
US,FL,33446
US,FL,33448
US,FL,33449
US,FL,33454
US,FL,33455
US,FL,33458
US,FL,33459
US,FL,33460
US,FL,33461
US,FL,33462
US,FL,33463
US,FL,33464
US,FL,33465
US,FL,33466
US,FL,33467
US,FL,33468
US,FL,33469
US,FL,33470
US,FL,33471
US,FL,33472
US,FL,33473
US,FL,33474
US,FL,33475
US,FL,33476
US,FL,33477
US,FL,33478
US,FL,33480
US,FL,33481
US,FL,33482
US,FL,33483
US,FL,33484
US,FL,33486
US,FL,33487
US,FL,33488
US,FL,33493
US,FL,33496
US,FL,33497
US,FL,33498
US,FL,33499
US,FL,33503
US,FL,33508
US,FL,33509
US,FL,33510
US,FL,33511
US,FL,33513
US,FL,33514
US,FL,33521
US,FL,33523
US,FL,33524
US,FL,33525
US,FL,33526
US,FL,33527
US,FL,33530
US,FL,33534
US,FL,33537
US,FL,33538
US,FL,33539
US,FL,33540
US,FL,33541
US,FL,33542
US,FL,33543
US,FL,33544
US,FL,33545
US,FL,33547
US,FL,33548
US,FL,33549
US,FL,33550
US,FL,33556
US,FL,33558
US,FL,33559
US,FL,33563
US,FL,33564
US,FL,33565
US,FL,33566
US,FL,33567
US,FL,33568
US,FL,33569
US,FL,33570
US,FL,33571
US,FL,33572
US,FL,33573
US,FL,33574
US,FL,33575
US,FL,33576
US,FL,33578
US,FL,33579
US,FL,33583
US,FL,33584
US,FL,33585
US,FL,33586
US,FL,33587
US,FL,33592
US,FL,33593
US,FL,33594
US,FL,33595
US,FL,33596
US,FL,33597
US,FL,33598
US,FL,33601
US,FL,33602
US,FL,33603
US,FL,33604
US,FL,33605
US,FL,33606
US,FL,33607
US,FL,33608
US,FL,33609
US,FL,33610
US,FL,33611
US,FL,33612
US,FL,33613
US,FL,33614
US,FL,33615
US,FL,33616
US,FL,33617
US,FL,33618
US,FL,33619
US,FL,33620
US,FL,33621
US,FL,33622
US,FL,33623
US,FL,33624
US,FL,33625
US,FL,33626
US,FL,33629
US,FL,33630
US,FL,33631
US,FL,33633
US,FL,33634
US,FL,33635
US,FL,33637
US,FL,33646
US,FL,33647
US,FL,33650
US,FL,33655
US,FL,33660
US,FL,33661
US,FL,33662
US,FL,33663
US,FL,33664
US,FL,33672
US,FL,33673
US,FL,33674
US,FL,33675
US,FL,33677
US,FL,33679
US,FL,33680
US,FL,33681
US,FL,33682
US,FL,33684
US,FL,33685
US,FL,33686
US,FL,33687
US,FL,33688
US,FL,33689
US,FL,33694
US,FL,33701
US,FL,33702
US,FL,33703
US,FL,33704
US,FL,33705
US,FL,33706
US,FL,33707
US,FL,33708
US,FL,33709
US,FL,33710
US,FL,33711
US,FL,33712
US,FL,33713
US,FL,33714
US,FL,33715
US,FL,33716
US,FL,33729
US,FL,33730
US,FL,33731
US,FL,33732
US,FL,33733
US,FL,33734
US,FL,33736
US,FL,33738
US,FL,33740
US,FL,33741
US,FL,33742
US,FL,33743
US,FL,33744
US,FL,33747
US,FL,33755
US,FL,33756
US,FL,33757
US,FL,33758
US,FL,33759
US,FL,33760
US,FL,33761
US,FL,33762
US,FL,33763
US,FL,33764
US,FL,33765
US,FL,33766
US,FL,33767
US,FL,33769
US,FL,33770
US,FL,33771
US,FL,33772
US,FL,33773
US,FL,33774
US,FL,33775
US,FL,33776
US,FL,33777
US,FL,33778
US,FL,33779
US,FL,33780
US,FL,33781
US,FL,33782
US,FL,33784
US,KY,40150
US,KY,40152
US,KY,40153
US,KY,40155
US,KY,40157
US,KY,40159
US,KY,40160
US,KY,40161
US,KY,40162
US,KY,40165
US,KY,40166
US,KY,40170
US,KY,40171
US,KY,40175
US,KY,40176
US,KY,40177
US,KY,40178
US,KY,40201
US,KY,40202
US,KY,40203
US,KY,40204
US,KY,40205
US,KY,40206
US,KY,40207
US,KY,40208
US,KY,40209
US,KY,40210
US,KY,40211
US,KY,40212
US,KY,40213
US,KY,40214
US,KY,40215
US,KY,40216
US,KY,40217
US,KY,40218
US,KY,40219
US,KY,40220
US,KY,40221
US,KY,40222
US,KY,40223
US,KY,40224
US,KY,40225
US,KY,40228
US,KY,40229
US,KY,40231
US,KY,40232
US,KY,40233
US,KY,40241
US,KY,40242
US,KY,40243
US,KY,40245
US,KY,40250
US,KY,40251
US,KY,40252
US,KY,40253
US,KY,40255
US,KY,40256
US,KY,40257
US,KY,40258
US,KY,40259
US,KY,40261
US,KY,40266
US,KY,40268
US,KY,40269
US,KY,40270
US,KY,40272
US,KY,40280
US,KY,40281
US,KY,40282
US,KY,40283
US,KY,40285
US,KY,40287
US,KY,40289
US,KY,40290
US,KY,40291
US,KY,40292
US,KY,40293
US,KY,40294
US,KY,40295
US,KY,40296
US,KY,40297
US,KY,40298
US,KY,40299
US,KY,40310
US,KY,40311
US,KY,40312
US,KY,40313
US,KY,40316
US,KY,40317
US,KY,40319
US,KY,40322
US,KY,40324
US,KY,40328
US,KY,40330
US,KY,40334
US,KY,40336
US,KY,40337
US,KY,40339
US,KY,40340
US,KY,40342
US,KY,40346
US,KY,40347
US,KY,40348
US,KY,40350
US,KY,40351
US,KY,40353
US,KY,40355
US,KY,40356
US,KY,40357
US,KY,40358
US,KY,40359
US,KY,40360
US,KY,40361
US,KY,40362
US,KY,40363
US,KY,40370
US,KY,40371
US,KY,40372
US,KY,40374
US,KY,40376
US,KY,40379
US,KY,40380
US,KY,40383
US,KY,40384
US,KY,40385
US,KY,40387
US,KY,40390
US,KY,40391
US,KY,40392
US,KY,40402
US,KY,40403
US,KY,40404
US,KY,40405
US,KY,40409
US,KY,40410
US,KY,40419
US,KY,40422
US,KY,40423
US,KY,40434
US,KY,40437
US,KY,40440
US,KY,40442
US,KY,40444
US,KY,40445
US,KY,40447
US,KY,40448
US,KY,40452
US,KY,40456
US,KY,40460
US,KY,40461
US,KY,40464
US,KY,40468
US,KY,40472
US,KY,40473
US,KY,40475
US,KY,40476
US,KY,40481
US,KY,40484
US,KY,40486
US,KY,40488
US,KY,40489
US,KY,40492
US,KY,40502
US,KY,40503
US,KY,40504
US,KY,40505
US,KY,40506
US,KY,40507
US,KY,40508
US,KY,40509
US,KY,40510
US,KY,40511
US,KY,40512
US,KY,40513
US,KY,40514
US,KY,40515
US,KY,40516
US,KY,40517
US,KY,40522
US,KY,40523
US,KY,40524
US,KY,40526
US,KY,40533
US,KY,40536
US,KY,40544
US,KY,40546
US,KY,40550
US,KY,40555
US,KY,40574
US,KY,40575
US,KY,40576
US,KY,40577
US,KY,40578
US,KY,40579
US,KY,40580
US,KY,40581
US,KY,40582
US,KY,40583
US,KY,40588
US,KY,40591
US,KY,40598
US,KY,40601
US,KY,40602
US,KY,40603
US,KY,40604
US,KY,40618
US,KY,40619
US,KY,40620
US,KY,40621
US,KY,40622
US,KY,40701
US,KY,40702
US,KY,40724
US,KY,40729
US,KY,40730
US,KY,40734
US,KY,40737
US,KY,40740
US,KY,40741
US,KY,40742
US,KY,40743
US,KY,40744
US,KY,40745
US,KY,40750
US,KY,40755
US,KY,40759
US,KY,40763
US,KY,40769
US,KY,40771
US,KY,40801
US,KY,40803
US,KY,40806
US,KY,40807
US,KY,40808
US,KY,40810
US,KY,40813
US,KY,40815
US,KY,40816
US,KY,40818
US,KY,40819
US,KY,40820
US,KY,40823
US,KY,40824
US,KY,40826
US,KY,40827
US,KY,40828
US,KY,40829
US,KY,40830
US,KY,40831
US,KY,40840
US,KY,40843
US,KY,40844
US,KY,40845
US,KY,40847
US,KY,40849
US,KY,40854
US,KY,40855
US,KY,40856
US,KY,40858
US,KY,40862
US,KY,40863
US,KY,40865
US,KY,40868
US,KY,40870
US,KY,40873
US,KY,40874
US,KY,40902
US,KY,40903
US,KY,40906
US,MS,38771
US,MS,38772
US,MS,38773
US,MS,38774
US,MS,38776
US,MS,38778
US,MS,38780
US,MS,38781
US,MS,38782
US,MS,38801
US,MS,38802
US,MS,38803
US,MS,38804
US,MS,38820
US,MS,38821
US,MS,38824
US,MS,38825
US,MS,38826
US,MS,38827
US,MS,38828
US,MS,38829
US,MS,38833
US,MS,38834
US,MS,38835
US,MS,38838
US,MS,38839
US,MS,38841
US,MS,38843
US,MS,38844
US,MS,38846
US,MS,38847
US,MS,38848
US,MS,38849
US,MS,38850
US,MS,38851
US,MS,38852
US,MS,38855
US,MS,38856
US,MS,38857
US,MS,38858
US,MS,38859
US,MS,38860
US,MS,38862
US,MS,38863
US,MS,38864
US,MS,38865
US,MS,38866
US,MS,38868
US,MS,38869
US,MS,38870
US,MS,38871
US,MS,38873
US,MS,38874
US,MS,38875
US,MS,38876
US,MS,38877
US,MS,38878
US,MS,38879
US,MS,38880
US,MS,38901
US,MS,38902
US,MS,38913
US,MS,38914
US,MS,38915
US,MS,38916
US,MS,38917
US,MS,38920
US,MS,38921
US,MS,38922
US,MS,38923
US,MS,38924
US,MS,38925
US,MS,38926
US,MS,38927
US,MS,38928
US,MS,38929
US,MS,38930
US,MS,38935
US,MS,38940
US,MS,38941
US,MS,38943
US,MS,38944
US,MS,38945
US,MS,38946
US,MS,38947
US,MS,38948
US,MS,38949
US,MS,38950
US,MS,38951
US,MS,38952
US,MS,38953
US,MS,38954
US,MS,38955
US,MS,38957
US,MS,38958
US,MS,38959
US,MS,38960
US,MS,38961
US,MS,38962
US,MS,38963
US,MS,38964
US,MS,38965
US,MS,38966
US,MS,38967
US,MS,39038
US,MS,39039
US,MS,39040
US,MS,39041
US,MS,39042
US,MS,39043
US,MS,39044
US,MS,39045
US,MS,39046
US,MS,39047
US,MS,39051
US,MS,39054
US,MS,39056
US,MS,39057
US,MS,39058
US,MS,39059
US,MS,39060
US,MS,39061
US,MS,39062
US,MS,39063
US,MS,39066
US,MS,39067
US,MS,39069
US,MS,39071
US,MS,39073
US,MS,39074
US,MS,39077
US,MS,39078
US,MS,39079
US,MS,39080
US,MS,39081
US,MS,39082
US,MS,39083
US,MS,39086
US,MS,39087
US,MS,39088
US,MS,39090
US,MS,39092
US,MS,39094
US,MS,39095
US,MS,39096
US,MS,39097
US,MS,39098
US,MS,39107
US,MS,39108
US,MS,39109
US,MS,39110
US,MS,39111
US,MS,39113
US,MS,39114
US,MS,39115
US,MS,39116
US,MS,39117
US,MS,39119
US,MS,39120
US,MS,39121
US,MS,39122
US,MS,39130
US,MS,39140
US,MS,39144
US,MS,39145
US,MS,39146
US,MS,39148
US,MS,39149
US,MS,39150
US,MS,39151
US,MS,39152
US,MS,39153
US,MS,39154
US,MS,39156
US,MS,39157
US,MS,39158
US,MS,39159
US,MS,39160
US,MS,39161
US,MS,39162
US,MS,39163
US,MS,39165
US,MS,39166
US,MS,39167
US,MS,39168
US,MS,39169
US,MS,39170
US,MS,39171
US,MS,39173
US,MS,39174
US,MS,39175
US,MS,39176
US,MS,39177
US,MS,39179
US,MS,39180
US,MS,39181
US,MS,39182
US,MS,39183
US,MS,39189
US,MS,39190
US,MS,39191
US,MS,39192
US,MS,39193
US,MS,39194
US,MS,39201
US,MS,39202
US,MS,39203
US,MS,39204
US,MS,39205
US,MS,39206
US,MS,39207
US,MS,39208
US,MS,39209
US,MS,39210
US,MS,39211
US,MS,39212
US,MS,39213
US,MS,39215
US,MS,39216
US,MS,39217
US,MS,39218
US,MS,39225
US,MS,39232
US,MS,39236
US,MS,39250
US,MS,39269
US,MS,39271
US,MS,39272
US,MS,39282
US,MS,39283
US,MS,39284
US,MS,39286
US,MS,39288
US,MS,39289
US,MS,39296
US,MS,39298
US,MS,39301
US,MS,39302
US,MS,39303
US,MS,39304
US,MS,39305
US,MS,39307
US,MS,39309
US,MS,39320
US,MS,39322
US,MS,39323
US,MS,39324
US,MS,39325
US,MS,39326
US,MS,39327
US,MS,39328
US,MS,39330
US,MS,39332
US,MS,39335
US,MS,39336
US,MS,39337
US,MS,39338
US,MS,39339
US,MS,39341
US,MS,39342
US,MS,39345
US,MS,39346
US,MS,39347
US,MS,39348
US,MS,39350
US,MS,39352
US,MS,39354
US,MS,39355
US,MS,39356
US,AL,36504
US,AL,36505
US,AL,36507
US,AL,36509
US,AL,36511
US,AL,36512
US,AL,36513
US,AL,36518
US,AL,36521
US,AL,36522
US,AL,36523
US,AL,36524
US,AL,36525
US,AL,36526
US,AL,36527
US,AL,36528
US,AL,36529
US,AL,36530
US,AL,36532
US,AL,36533
US,AL,36535
US,AL,36536
US,AL,36538
US,AL,36539
US,AL,36540
US,AL,36541
US,AL,36542
US,AL,36543
US,AL,36544
US,AL,36545
US,AL,36547
US,AL,36548
US,AL,36549
US,AL,36550
US,AL,36551
US,AL,36553
US,AL,36555
US,AL,36556
US,AL,36558
US,AL,36559
US,AL,36560
US,AL,36561
US,AL,36562
US,AL,36564
US,AL,36567
US,AL,36568
US,AL,36569
US,AL,36571
US,AL,36572
US,AL,36574
US,AL,36575
US,AL,36576
US,AL,36577
US,AL,36578
US,AL,36579
US,AL,36580
US,AL,36581
US,AL,36582
US,AL,36583
US,AL,36584
US,AL,36585
US,AL,36587
US,AL,36590
US,AL,36601
US,AL,36602
US,AL,36603
US,AL,36604
US,AL,36605
US,AL,36606
US,AL,36607
US,AL,36608
US,AL,36609
US,AL,36610
US,AL,36611
US,AL,36612
US,AL,36613
US,AL,36615
US,AL,36616
US,AL,36617
US,AL,36618
US,AL,36619
US,AL,36628
US,AL,36633
US,AL,36640
US,AL,36641
US,AL,36644
US,AL,36652
US,AL,36660
US,AL,36663
US,AL,36670
US,AL,36671
US,AL,36675
US,AL,36685
US,AL,36688
US,AL,36689
US,AL,36691
US,AL,36693
US,AL,36695
US,AL,36701
US,AL,36702
US,AL,36703
US,AL,36720
US,AL,36722
US,AL,36723
US,AL,36726
US,AL,36727
US,AL,36728
US,AL,36732
US,AL,36736
US,AL,36738
US,AL,36740
US,AL,36741
US,AL,36742
US,AL,36744
US,AL,36745
US,AL,36748
US,AL,36749
US,AL,36750
US,AL,36751
US,AL,36752
US,AL,36753
US,AL,36754
US,AL,36756
US,AL,36758
US,AL,36759
US,AL,36761
US,AL,36763
US,AL,36764
US,AL,36765
US,AL,36766
US,AL,36767
US,AL,36768
US,AL,36769
US,AL,36773
US,AL,36775
US,AL,36776
US,AL,36782
US,AL,36783
US,AL,36784
US,AL,36785
US,AL,36786
US,AL,36790
US,AL,36792
US,AL,36793
US,AL,36801
US,AL,36802
US,AL,36803
US,AL,36804
US,AL,36830
US,AL,36831
US,AL,36832
US,AL,36849
US,AL,36850
US,AL,36851
US,AL,36852
US,AL,36853
US,AL,36854
US,AL,36855
US,AL,36856
US,AL,36858
US,AL,36859
US,AL,36860
US,AL,36861
US,AL,36862
US,AL,36863
US,AL,36865
US,AL,36866
US,AL,36867
US,AL,36868
US,AL,36869
US,AL,36870
US,AL,36871
US,AL,36872
US,AL,36874
US,AL,36875
US,AL,36877
US,AL,36879
US,AL,36901
US,AL,36904
US,AL,36907
US,AL,36908
US,AL,36910
US,AL,36912
US,AL,36913
US,AL,36915
US,AL,36916
US,AL,36919
US,AL,36921
US,AL,36922
US,AL,36925
US,TN,37010
US,TN,37011
US,TN,37012
US,TN,37013
US,TN,37014
US,TN,37015
US,TN,37016
US,TN,37018
US,TN,37019
US,TN,37020
US,TN,37022
US,TN,37023
US,TN,37024
US,TN,37025
US,TN,37026
US,TN,37027
US,TN,37028
US,TN,37029
US,TN,37030
US,TN,37031
US,TN,37032
US,TN,37033
US,TN,37034
US,TN,37035
US,TN,37036
US,TN,37037
US,TN,37040
US,TN,37041
US,TN,37042
US,TN,37043
US,TN,37044
US,TN,37046
US,TN,37047
US,TN,37048
US,TN,37049
US,TN,37050
US,TN,37051
US,TN,37052
US,TN,37055
US,TN,37056
US,TN,37057
US,TN,37058
US,TN,37059
US,TN,37060
US,TN,37061
US,TN,37062
US,TN,37063
US,TN,37064
US,TN,37065
US,TN,37066
US,TN,37067
US,TN,37068
US,TN,37069
US,TN,37070
US,TN,37071
US,TN,37072
US,TN,37073
US,TN,37074
US,TN,37075
US,TN,37076
US,TN,37077
US,TN,37078
US,TN,37079
US,TN,37080
US,TN,37082
US,TN,37083
US,TN,37085
US,TN,37086
US,TN,37087
US,TN,37088
US,TN,37089
US,TN,37090
US,TN,37091
US,TN,37095
US,TN,37096
US,TN,37097
US,TN,37098
US,TN,37101
US,TN,37110
US,TN,37111
US,TN,37115
US,TN,37116
US,TN,37118
US,TN,37119
US,TN,37121
US,TN,37122
US,TN,37127
US,TN,37128
US,TN,37129
US,TN,37130
US,TN,37131
US,TN,37132
US,TN,37133
US,TN,37134
US,TN,37135
US,TN,37136
US,TN,37137
US,TN,37138
US,TN,37140
US,TN,37141
US,TN,37142
US,TN,37143
US,TN,37144
US,TN,37145
US,TN,37146
US,TN,37148
US,TN,37149
US,TN,37150
US,TN,37151
US,TN,37152
US,TN,37153
US,TN,37160
US,TN,37161
US,TN,37162
US,TN,37165
US,TN,37166
US,TN,37167
US,TN,37171
US,TN,37172
US,TN,37174
US,TN,37175
US,TN,37178
US,TN,37179
US,TN,37180
US,TN,37181
US,TN,37183
US,TN,37184
US,TN,37185
US,TN,37186
US,TN,37187
US,TN,37188
US,TN,37189
US,TN,37190
US,TN,37191
US,TN,37201
US,TN,37202
US,TN,37203
US,TN,37204
US,TN,37205
US,TN,37206
US,TN,37207
US,TN,37208
US,TN,37209
US,TN,37210
US,TN,37211
US,TN,37212
US,TN,37213
US,TN,37214
US,TN,37215
US,TN,37216
US,TN,37217
US,TN,37218
US,TN,37219
US,TN,37220
US,TN,37221
US,TN,37222
US,TN,37224
US,TN,37227
US,TN,37228
US,TN,37229
US,TN,37230
US,TN,37232
US,TN,37234
US,TN,37235
US,TN,37236
US,TN,37238
US,TN,37240
US,TN,37241
US,TN,37242
US,TN,37243
US,TN,37244
US,TN,37246
US,TN,37250
US,TN,37301
US,TN,37302
US,TN,37303
US,TN,37304
US,TN,37305
US,TN,37306
US,TN,37307
US,TN,37308
US,TN,37309
US,TN,37310
US,TN,37311
US,TN,37312
US,TN,37313
US,TN,37314
US,TN,37315
US,TN,37316
US,TN,37317
US,TN,37318
US,TN,37320
US,TN,37321
US,TN,37322
US,TN,37323
US,TN,37324
US,TN,37325
US,TN,37326
US,TN,37327
US,TN,37328
US,TN,37329
US,TN,37330
US,TN,37331
US,TN,37332
US,TN,37333
US,TN,37334
US,TN,37335
US,TN,37336
US,TN,37337
US,TN,37338
US,TN,37339
US,TN,37340
US,TN,37341
US,TN,37342
US,TN,37343
US,TN,37345
US,TN,37347
US,TN,37348
US,TN,37349
US,TN,37350
US,TN,37351
US,TN,37352
US,TN,37353
US,TN,37354
US,TN,37355
US,TN,37356
US,TN,37357
US,TN,37359
US,TN,37360
US,TN,37361
US,TN,37362
US,TN,37363
US,TN,37364
US,TN,37365
US,TN,37366
US,TN,37367
US,TN,37369
US,TN,37370
US,TN,37371
US,TN,37373
US,TN,37374
US,TN,37375
US,TN,37376
US,TN,37377
US,TN,37378
US,TN,37379
US,TN,37380
US,TN,37381
US,TN,37382
US,TN,37383
US,TN,37384
US,TN,37385
US,TN,37387
US,TN,37388
US,TN,37389
US,TN,37391
US,TN,37394
US,TN,37396
US,TN,37397
US,TN,37398
US,TN,37401
US,TN,37402
US,TN,37403
US,TN,37404
US,TN,37405
US,TN,37406
US,TN,37407
US,TN,37408
US,TN,37409
US,TN,37410
US,TN,37411
US,TN,37412
US,TN,37414
US,TN,37415
US,TN,37416
US,TN,37419
US,TN,37421
US,TN,37422
US,TN,37424
US,TN,37450
US,TN,37501
US,TN,37544
US,TN,37601
US,TN,37602
US,TN,37604
US,TN,37605
US,TN,37614
US,TN,37615
US,TN,37616
US,TN,37617
US,TN,37618
US,TN,37620
US,TN,37621
US,TN,37625
US,TN,37640
US,TN,37641
US,TN,37642
US,TN,37643
US,TN,37644
US,TN,37645
US,TN,37650
US,TN,37656
US,TN,37657
US,TN,37658
US,TN,37659
US,TN,37660
US,TN,37662
US,TN,37663
US,TN,37664
US,TN,37665
US,TN,37669
US,TN,37680
US,TN,37681
US,TN,37682
US,TN,37683
US,TN,37684
US,TN,37686
US,TN,37687
US,TN,37688
US,TN,37690
US,TN,37691
US,TN,37692
US,TN,37694
US,TN,37699
US,TN,37701
US,TN,37705
US,TN,37707
US,TN,37708
US,TN,37709
US,TN,37710
US,TN,37711
US,TN,37713
US,TN,37714
US,TN,37715
US,TN,37716
US,TN,37717
US,TN,37719
US,TN,37721
US,TN,37722
US,TN,37723
US,TN,37724
US,TN,37725
US,TN,37726
US,TN,37727
US,TN,37729
US,TN,37730
US,TN,37731
US,TN,37732
US,TN,37733
US,TN,37737
US,TN,37738
US,TN,37742
US,TN,37743
US,TN,37744
US,TN,37745
US,TN,37748
US,TN,37752
US,TN,37753
US,TN,37754
US,TN,37755
US,TN,37756
US,TN,37757
US,TN,37760
US,TN,37762
US,TN,37763
US,TN,37764
US,TN,37765
US,TN,37766
US,TN,37769
US,TN,37770
US,TN,37771
US,TN,37772
US,TN,37773
US,TN,37774
US,TN,37777
US,TN,37778
US,TN,37779
US,TN,37801
US,TN,37802
US,TN,37803
US,TN,37804
US,TN,37806
US,TN,37807
US,TN,37809
US,TN,37810
US,TN,37811
US,TN,37813
US,TN,37814
US,TN,37815
US,TN,37816
US,TN,37818
US,TN,37819
US,TN,37820
US,TN,37821
US,TN,37822
US,TN,37824
US,TN,37825
US,TN,37826
US,TN,37828
US,TN,37829
US,TN,37830
US,TN,37831
US,TN,37840
US,TN,37841
US,TN,37843
US,TN,37845
US,TN,37846
US,TN,37847
US,TN,37848
US,TN,37849
US,TN,37851
US,TN,37852
US,TN,37853
US,TN,37854
US,TN,37857
US,TN,37860
US,TN,37861
US,TN,37862
US,TN,37863
US,TN,37864
US,TN,37865
US,TN,37866
US,TN,37867
US,TN,37868
US,TN,37869
US,TN,37870
US,TN,37871
US,TN,37872
US,TN,37873
US,TN,37874
US,TN,37876
US,TN,37877
US,TN,37878
US,TN,37879
US,TN,37880
US,TN,37881
US,TN,37882
US,TN,37885
US,TN,37886
US,TN,37887
US,TN,37888
US,TN,37890
US,TN,37891
US,TN,37892
US,TN,37901
US,TN,37902
US,TN,37909
US,TN,37912
US,TN,37914
US,TN,37915
US,TN,37916
US,TN,37917
US,TN,37918
US,TN,37919
US,TN,37920
US,TN,37921
US,TN,37922
US,TN,37923
US,TN,37924
US,TN,37927
US,TN,37928
US,TN,37929
US,TN,37930
US,TN,37931
US,TN,37932
US,TN,37933
US,TN,37934
US,TN,37938
US,TN,37939
US,TN,37940
US,TN,37950
US,TN,37995
US,TN,37996
US,TN,37997
US,TN,37998
US,TN,38001
US,TN,38002
US,TN,38004
US,TN,38006
US,TN,38007
US,TN,38008
US,TN,38010
US,TN,38011
US,TN,38012
US,TN,38014
US,TN,38015
US,TN,38016
US,TN,38017
US,TN,38018
US,TN,38019
US,TN,38021
US,TN,38023
US,TN,38024
US,TN,38025
US,TN,38027
US,TN,38028
US,TN,38029
US,TN,38030
US,TN,38034
US,TN,38036
US,TN,38037
US,TN,38039
US,TN,38040
US,TN,38041
US,TN,38042
US,TN,38044
US,TN,38045
US,TN,38046
US,TN,38047
US,TN,38048
US,TN,38049
US,TN,38050
US,TN,38052
US,TN,38053
US,TN,38054
US,TN,38055
US,TN,38057
US,TN,38058
US,TN,38059
US,TN,38060
US,TN,38061
US,TN,38063
US,TN,38066
US,TN,38067
US,TN,38068
US,TN,38069
US,TN,38070
US,TN,38071
US,TN,38075
US,TN,38076
US,TN,38077
US,TN,38079
US,TN,38080
US,TN,38083
US,TN,38088
US,TN,38101
US,TN,38103
US,TN,38104
US,TN,38105
US,TN,38106
US,TN,38107
US,TN,38108
US,TN,38109
US,TN,38111
US,TN,38112
US,TN,38113
US,TN,38114
US,TN,38115
US,TN,38116
US,TN,38117
US,TN,38118
US,TN,38119
US,TN,38120
US,TN,38122
US,TN,38124
US,TN,38125
US,TN,38126
US,TN,38127
US,TN,38128
US,TN,38130
US,TN,38131
US,TN,38132
US,TN,38133
US,TN,38134
US,TN,38135
US,TN,38136
US,TN,38137
US,TN,38138
US,TN,38139
US,TN,38141
US,TN,38145
US,TN,38148
US,TN,38150
US,TN,38151
US,TN,38152
US,TN,38157
US,TN,38159
US,TN,38161
US,TN,38163
US,TN,38166
US,TN,38167
US,TN,38168
US,TN,38173
US,TN,38174
US,TN,38175
US,TN,38177
US,TN,38181
US,TN,38182
US,TN,38183
US,TN,38184
US,TN,38186
US,TN,38187
US,TN,38188
US,TN,38190
US,TN,38193
US,TN,38194
US,TN,38197
US,TN,38201
US,TN,38220
US,TN,38221
US,TN,38222
US,TN,38223
US,TN,38224
US,TN,38225
US,TN,38226
US,TN,38229
US,TN,38230
US,TN,38231
US,TN,38232
US,TN,38233
US,TN,38235
US,TN,38236
US,TN,38237
US,TN,38238
US,TN,38240
US,TN,38241
US,TN,38242
US,TN,38251
US,TN,38253
US,TN,38254
US,TN,38255
US,TN,38256
US,TN,38257
US,TN,38258
US,TN,38259
US,TN,38260
US,TN,38261
US,TN,38271
US,TN,38281
US,TN,38301
US,TN,38302
US,TN,38303
US,TN,38305
US,TN,38308
US,TN,38310
US,TN,38311
US,TN,38313
US,TN,38314
US,TN,38315
US,TN,38316
US,TN,38317
US,TN,38318
US,TN,38320
US,TN,38321
US,TN,38324
US,TN,38326
US,TN,38327
US,TN,38328
US,TN,38329
US,TN,38330
US,TN,38331
US,TN,38332
US,TN,38333
US,TN,38334
US,TN,38336
US,TN,38337
US,TN,38338
US,TN,38339
US,TN,38340
US,TN,38341
US,TN,38342
US,TN,38343
US,TN,38344
US,TN,38345
US,TN,38346
US,TN,38347
US,TN,38348
US,TN,38351
US,TN,38352
US,TN,38355
US,TN,38356
US,TN,38357
US,TN,38358
US,TN,38359
US,TN,38361
US,TN,38362
US,TN,38363
US,TN,38365
US,TN,38366
US,TN,38367
US,TN,38368
US,TN,38369
US,TN,38370
US,TN,38371
US,TN,38372
US,TN,38374
US,TN,38375
US,TN,38376
US,TN,38377
US,TN,38378
US,TN,38379
US,TN,38380
US,TN,38381
US,TN,38382
US,TN,38387
US,TN,38388
US,TN,38389
US,TN,38390
US,TN,38391
US,TN,38392
US,TN,38393
US,TN,38401
US,TN,38402
US,TN,38425
US,TN,38449
US,TN,38450
US,TN,38451
US,TN,38452
US,TN,38453
US,TN,38454
US,TN,38455
US,TN,38456
US,TN,38457
US,TN,38459
US,TN,38460
US,TN,38461
US,TN,38462
US,TN,38463
US,TN,38464
US,TN,38468
US,TN,38469
US,TN,38471
US,TN,38472
US,TN,38473
US,TN,38474
US,TN,38475
US,TN,38476
US,TN,38477
US,TN,38478
US,TN,38481
US,TN,38482
US,TN,38483
US,TN,38485
US,TN,38486
US,TN,38487
US,TN,38488
US,TN,38501
US,TN,38502
US,TN,38503
US,TN,38504
US,TN,38505
US,TN,38506
US,TN,38541
US,TN,38542
US,TN,38543
US,TN,38544
US,TN,38545
US,TN,38547
US,TN,38548
US,TN,38549
US,TN,38550
US,TN,38551
US,TN,38552
US,TN,38553
US,TN,38554
US,TN,38555
US,TN,38556
US,TN,38557
US,TN,38558
US,TN,38559
US,TN,38560
US,TN,38562
US,TN,38563
US,TN,38564
US,TN,38565
US,TN,38567
US,TN,38568
US,TN,38569
US,TN,38570
US,TN,38571
US,TN,38572
US,TN,38573
US,TN,38574
US,TN,38575
US,TN,38577
US,TN,38578
US,TN,38579
US,TN,38580
US,TN,38581
US,TN,38582
US,TN,38583
US,TN,38585
US,TN,38587
US,TN,38588
US,TN,38589
US,MS,38601
US,MS,38602
US,MS,38603
US,MS,38606
US,MS,38609
US,MS,38610
US,MS,38611
US,MS,38614
US,MS,38617
US,MS,38618
US,MS,38619
US,MS,38620
US,MS,38621
US,MS,38622
US,MS,38623
US,MS,38625
US,MS,38626
US,MS,38627
US,MS,38628
US,MS,38629
US,MS,38630
US,MS,38631
US,MS,38632
US,MS,38633
US,MS,38634
US,MS,38635
US,MS,38637
US,MS,38638
US,MS,38639
US,MS,38641
US,MS,38642
US,MS,38643
US,MS,38644
US,MS,38645
US,MS,38646
US,MS,38647
US,MS,38649
US,MS,38650
US,MS,38651
US,MS,38652
US,MS,38654
US,MS,38655
US,MS,38658
US,MS,38659
US,MS,38661
US,MS,38663
US,MS,38664
US,MS,38665
US,MS,38666
US,MS,38668
US,MS,38669
US,MS,38670
US,MS,38671
US,MS,38672
US,MS,38673
US,MS,38674
US,MS,38675
US,MS,38676
US,MS,38677
US,MS,38679
US,MS,38680
US,MS,38683
US,MS,38685
US,MS,38686
US,MS,38701
US,MS,38702
US,MS,38703
US,MS,38704
US,MS,38720
US,MS,38721
US,MS,38722
US,MS,38723
US,MS,38725
US,MS,38726
US,MS,38730
US,MS,38731
US,MS,38732
US,MS,38733
US,MS,38736
US,MS,38737
US,MS,38738
US,MS,38739
US,MS,38740
US,MS,38744
US,MS,38745
US,MS,38746
US,MS,38748
US,MS,38749
US,MS,38751
US,MS,38753
US,MS,38754
US,MS,38756
US,MS,38759
US,MS,38760
US,MS,38761
US,MS,38762
US,MS,38764
US,MS,38765
US,MS,38767
US,MS,38768
US,MS,38769
US,MS,39358
US,MS,39359
US,MS,39360
US,MS,39361
US,MS,39362
US,MS,39363
US,MS,39364
US,MS,39365
US,MS,39366
US,MS,39367
US,MS,39401
US,MS,39402
US,MS,39403
US,MS,39404
US,MS,39406
US,MS,39407
US,MS,39421
US,MS,39422
US,MS,39423
US,MS,39425
US,MS,39426
US,MS,39427
US,MS,39428
US,MS,39429
US,MS,39436
US,MS,39437
US,MS,39439
US,MS,39440
US,MS,39441
US,MS,39442
US,MS,39443
US,MS,39451
US,MS,39452
US,MS,39455
US,MS,39456
US,MS,39457
US,MS,39459
US,MS,39460
US,MS,39461
US,MS,39462
US,MS,39463
US,MS,39464
US,MS,39465
US,MS,39466
US,MS,39470
US,MS,39474
US,MS,39475
US,MS,39476
US,MS,39477
US,MS,39478
US,MS,39479
US,MS,39480
US,MS,39481
US,MS,39482
US,MS,39483
US,MS,39501
US,MS,39502
US,MS,39503
US,MS,39505
US,MS,39506
US,MS,39507
US,MS,39520
US,MS,39521
US,MS,39522
US,MS,39525
US,MS,39529
US,MS,39530
US,MS,39531
US,MS,39532
US,MS,39533
US,MS,39534
US,MS,39535
US,MS,39540
US,MS,39552
US,MS,39553
US,MS,39555
US,MS,39556
US,MS,39558
US,MS,39560
US,MS,39561
US,MS,39562
US,MS,39563
US,MS,39564
US,MS,39565
US,MS,39566
US,MS,39567
US,MS,39568
US,MS,39569
US,MS,39571
US,MS,39572
US,MS,39573
US,MS,39574
US,MS,39576
US,MS,39577
US,MS,39581
US,MS,39595
US,MS,39601
US,MS,39602
US,MS,39603
US,MS,39629
US,MS,39630
US,MS,39631
US,MS,39632
US,MS,39633
US,MS,39635
US,MS,39638
US,MS,39641
US,MS,39643
US,MS,39645
US,MS,39647
US,MS,39648
US,MS,39649
US,MS,39652
US,MS,39653
US,MS,39654
US,MS,39656
US,MS,39657
US,MS,39661
US,MS,39662
US,MS,39663
US,MS,39664
US,MS,39665
US,MS,39666
US,MS,39667
US,MS,39668
US,MS,39669
US,MS,39701
US,MS,39702
US,MS,39703
US,MS,39704
US,MS,39705
US,MS,39710
US,MS,39730
US,MS,39735
US,MS,39736
US,MS,39737
US,MS,39739
US,MS,39740
US,MS,39741
US,MS,39743
US,MS,39744
US,MS,39745
US,MS,39746
US,MS,39747
US,MS,39750
US,MS,39751
US,MS,39752
US,MS,39753
US,MS,39754
US,MS,39755
US,MS,39756
US,MS,39759
US,MS,39760
US,MS,39762
US,MS,39766
US,MS,39767
US,MS,39769
US,MS,39771
US,MS,39772
US,MS,39773
US,MS,39776
US,GA,39813
US,GA,39815
US,GA,39817
US,GA,39818
US,GA,39819
US,GA,39823
US,GA,39824
US,GA,39825
US,GA,39826
US,GA,39827
US,GA,39828
US,GA,39829
US,GA,39832
US,GA,39834
US,GA,39836
US,GA,39837
US,GA,39840
US,GA,39841
US,GA,39842
US,GA,39845
US,GA,39846
US,GA,39851
US,GA,39852
US,GA,39854
US,GA,39859
US,GA,39861
US,GA,39862
US,GA,39866
US,GA,39867
US,GA,39870
US,GA,39877
US,GA,39885
US,GA,39886
US,GA,39897
US,GA,39901
US,KY,40003
US,KY,40004
US,KY,40006
US,KY,40007
US,KY,40008
US,KY,40009
US,KY,40010
US,KY,40011
US,KY,40012
US,KY,40013
US,KY,40014
US,KY,40018
US,KY,40019
US,KY,40020
US,KY,40022
US,KY,40023
US,KY,40025
US,KY,40026
US,KY,40027
US,KY,40031
US,KY,40032
US,KY,40033
US,KY,40036
US,KY,40037
US,KY,40040
US,KY,40041
US,KY,40045
US,KY,40046
US,KY,40047
US,KY,40048
US,KY,40049
US,KY,40050
US,KY,40051
US,KY,40052
US,KY,40055
US,KY,40056
US,KY,40057
US,KY,40058
US,KY,40059
US,KY,40060
US,KY,40061
US,KY,40062
US,KY,40063
US,KY,40065
US,KY,40066
US,KY,40067
US,KY,40068
US,KY,40069
US,KY,40070
US,KY,40071
US,KY,40075
US,KY,40076
US,KY,40077
US,KY,40078
US,KY,40104
US,KY,40107
US,KY,40108
US,KY,40109
US,KY,40110
US,KY,40111
US,KY,40115
US,KY,40117
US,KY,40118
US,KY,40119
US,KY,40121
US,KY,40122
US,KY,40129
US,KY,40140
US,KY,40142
US,KY,40143
US,KY,40144
US,KY,40145
US,KY,40146
US,OH,43985
US,OH,43986
US,OH,43988
US,OH,44001
US,OH,44003
US,OH,44004
US,OH,44005
US,OH,44010
US,OH,44011
US,OH,44012
US,OH,44017
US,OH,44021
US,OH,44022
US,OH,44023
US,OH,44024
US,OH,44026
US,OH,44028
US,OH,44030
US,OH,44032
US,OH,44033
US,OH,44035
US,OH,44036
US,OH,44039
US,OH,44040
US,OH,44041
US,OH,44044
US,OH,44045
US,OH,44046
US,OH,44047
US,OH,44048
US,OH,44049
US,OH,44050
US,OH,44052
US,OH,44053
US,OH,44054
US,OH,44055
US,OH,44056
US,OH,44057
US,OH,44060
US,OH,44061
US,OH,44062
US,OH,44064
US,OH,44065
US,OH,44067
US,OH,44068
US,OH,44070
US,OH,44072
US,OH,44073
US,OH,44074
US,OH,44076
US,OH,44077
US,OH,44080
US,OH,44081
US,OH,44082
US,OH,44084
US,OH,44085
US,OH,44086
US,OH,44087
US,OH,44088
US,OH,44089
US,OH,44090
US,OH,44092
US,OH,44093
US,OH,44094
US,OH,44095
US,OH,44096
US,OH,44097
US,OH,44099
US,OH,44101
US,OH,44102
US,OH,44103
US,OH,44104
US,OH,44105
US,OH,44106
US,OH,44107
US,OH,44108
US,OH,44109
US,OH,44110
US,OH,44111
US,OH,44112
US,OH,44113
US,OH,44114
US,OH,44115
US,OH,44116
US,OH,44117
US,OH,44118
US,OH,44119
US,OH,44120
US,OH,44121
US,OH,44122
US,OH,44123
US,OH,44124
US,OH,44125
US,OH,44126
US,OH,44127
US,OH,44128
US,OH,44129
US,OH,44130
US,OH,44131
US,OH,44132
US,OH,44133
US,OH,44134
US,OH,44135
US,OH,44136
US,OH,44137
US,OH,44138
US,OH,44139
US,OH,44140
US,OH,44141
US,OH,44142
US,OH,44143
US,OH,44144
US,OH,44145
US,OH,44146
US,OH,44147
US,OH,44149
US,OH,44181
US,OH,44188
US,OH,44190
US,OH,44191
US,OH,44192
US,OH,44193
US,OH,44194
US,OH,44195
US,OH,44197
US,OH,44198
US,OH,44199
US,OH,44201
US,OH,44202
US,OH,44203
US,OH,44210
US,OH,44211
US,OH,44212
US,OH,44214
US,OH,44215
US,OH,44216
US,OH,44217
US,OH,44221
US,OH,44222
US,OH,44223
US,OH,44224
US,OH,44230
US,OH,44231
US,OH,44232
US,OH,44233
US,OH,44234
US,OH,44235
US,OH,44236
US,OH,44237
US,OH,44240
US,OH,44241
US,OH,44242
US,OH,44243
US,OH,44250
US,OH,44251
US,OH,44253
US,OH,44254
US,OH,44255
US,OH,44256
US,OH,44258
US,OH,44260
US,OH,44262
US,OH,44264
US,OH,44265
US,OH,44266
US,OH,44270
US,OH,44272
US,OH,44273
US,OH,44274
US,OH,44275
US,OH,44276
US,OH,44278
US,OH,44280
US,OH,44281
US,OH,44282
US,OH,44285
US,OH,44286
US,OH,44287
US,OH,44288
US,OH,44301
US,OH,44302
US,OH,44303
US,OH,44304
US,OH,44305
US,OH,44306
US,OH,44307
US,OH,44308
US,OH,44309
US,OH,44310
US,OH,44311
US,OH,44312
US,OH,44313
US,OH,44314
US,OH,44315
US,OH,44316
US,OH,44317
US,OH,44319
US,OH,44320
US,OH,44321
US,OH,44325
US,OH,44326
US,OH,44328
US,OH,44333
US,OH,44334
US,OH,44372
US,OH,44396
US,OH,44398
US,OH,44401
US,OH,44402
US,OH,44403
US,OH,44404
US,OH,44405
US,OH,44406
US,OH,44408
US,OH,44410
US,OH,44411
US,OH,44412
US,OH,44413
US,OH,44415
US,OH,44416
US,OH,44417
US,OH,44418
US,OH,44420
US,OH,44422
US,OH,44423
US,OH,44424
US,OH,44425
US,OH,44427
US,OH,44428
US,OH,44429
US,OH,44430
US,OH,44431
US,OH,44432
US,OH,44436
US,OH,44437
US,OH,44438
US,OH,44439
US,OH,44440
US,OH,44441
US,OH,44442
US,OH,44443
US,OH,44444
US,OH,44445
US,OH,44446
US,OH,44449
US,OH,44450
US,OH,44451
US,OH,44452
US,OH,44453
US,OH,44454
US,OH,44455
US,OH,44460
US,OH,44470
US,OH,44471
US,OH,44473
US,OH,44481
US,OH,44482
US,OH,44483
US,OH,44484
US,OH,44485
US,OH,44486
US,OH,44490
US,OH,44491
US,OH,44492
US,OH,44493
US,OH,44501
US,OH,44502
US,OH,44503
US,OH,44504
US,OH,44505
US,OH,44506
US,OH,44507
US,OH,44509
US,OH,44510
US,OH,44511
US,OH,44512
US,OH,44513
US,OH,44514
US,OH,44515
US,OH,44555
US,OH,44601
US,OH,44606
US,OH,44607
US,OH,44608
US,OH,44609
US,OH,44610
US,OH,44611
US,OH,44612
US,OH,44613
US,OH,44614
US,OH,44615
US,OH,44617
US,OH,44618
US,OH,44619
US,OH,44620
US,OH,44621
US,OH,44622
US,OH,44624
US,OH,44625
US,OH,44626
US,OH,44627
US,OH,44628
US,OH,44629
US,OH,44630
US,OH,44632
US,OH,44633
US,OH,44634
US,OH,44636
US,OH,44637
US,OH,44638
US,OH,44639
US,OH,44640
US,OH,44641
US,OH,44643
US,OH,44644
US,OH,44645
US,OH,44646
US,OH,44647
US,OH,44648
US,OH,44650
US,OH,44651
US,OH,44652
US,OH,44653
US,OH,44654
US,OH,44656
US,OH,44657
US,OH,44659
US,OH,44660
US,OH,44661
US,OH,44662
US,OH,44663
US,OH,44665
US,OH,44666
US,OH,44667
US,OH,44669
US,OH,44670
US,OH,44671
US,OH,44672
US,OH,44675
US,OH,44676
US,OH,44677
US,OH,44678
US,OH,44679
US,OH,44680
US,OH,44681
US,OH,44682
US,OH,44683
US,OH,44685
US,OH,44687
US,OH,44688
US,OH,44689
US,OH,44690
US,OH,44691
US,OH,44693
US,OH,44695
US,OH,44697
US,OH,44699
US,OH,44701
US,OH,44702
US,OH,44703
US,OH,44704
US,OH,44705
US,OH,44706
US,OH,44707
US,OH,44708
US,OH,44709
US,OH,44710
US,OH,44711
US,OH,44714
US,OH,44718
US,OH,44720
US,OH,44721
US,OH,44730
US,OH,44735
US,OH,44750
US,OH,44767
US,OH,44799
US,OH,44802
US,OH,44804
US,OH,44805
US,OH,44807
US,OH,44809
US,OH,44811
US,OH,44813
US,OH,44814
US,OH,44815
US,OH,44816
US,OH,44817
US,OH,44818
US,OH,44820
US,OH,44822
US,OH,44824
US,OH,44825
US,OH,44826
US,OH,44827
US,OH,44828
US,OH,44830
US,OH,44833
US,OH,44836
US,OH,44837
US,OH,44838
US,OH,44839
US,OH,44840
US,OH,44841
US,OH,44842
US,OH,44843
US,OH,44844
US,OH,44845
US,OH,44846
US,OH,44847
US,OH,44848
US,OH,44849
US,OH,44850
US,OH,44851
US,OH,44853
US,OH,44854
US,OH,44855
US,OH,44856
US,OH,44857
US,OH,44859
US,OH,44860
US,OH,44861
US,OH,44862
US,OH,44864
US,OH,44865
US,OH,44866
US,OH,44867
US,OH,44870
US,OH,44871
US,OH,44874
US,OH,44875
US,OH,44878
US,OH,44880
US,OH,44881
US,OH,44882
US,OH,44883
US,OH,44887
US,OH,44888
US,OH,44889
US,OH,44890
US,OH,44901
US,OH,44902
US,OH,44903
US,OH,44904
US,OH,44905
US,OH,44906
US,OH,44907
US,OH,45001
US,OH,45002
US,OH,45003
US,OH,45004
US,OH,45005
US,OH,45011
US,OH,45012
US,OH,45013
US,OH,45014
US,OH,45015
US,OH,45018
US,OH,45030
US,OH,45032
US,OH,45033
US,OH,45034
US,OH,45036
US,OH,45039
US,OH,45040
US,OH,45041
US,OH,45042
US,OH,45044
US,OH,45050
US,OH,45051
US,OH,45052
US,OH,45053
US,OH,45054
US,OH,45055
US,OH,45056
US,OH,45061
US,OH,45062
US,OH,45063
US,OH,45064
US,OH,45065
US,OH,45066
US,OH,45067
US,OH,45068
US,OH,45069
US,OH,45070
US,OH,45071
US,OH,45101
US,OH,45102
US,OH,45103
US,OH,45105
US,OH,45106
US,OH,45107
US,OH,45111
US,OH,45112
US,OH,45113
US,OH,45114
US,OH,45115
US,OH,45118
US,OH,45119
US,OH,45120
US,OH,45121
US,OH,45122
US,OH,45123
US,OH,45130
US,OH,45131
US,OH,45132
US,OH,45133
US,OH,45135
US,OH,45140
US,OH,45142
US,OH,45144
US,OH,45146
US,OH,45147
US,OH,45148
US,OH,45150
US,OH,45152
US,OH,45153
US,OH,45154
US,OH,45155
US,OH,45156
US,OH,45157
US,OH,45158
US,OH,45159
US,OH,45160
US,OH,45162
US,OH,45164
US,OH,45166
US,OH,45167
US,OH,45168
US,OH,45169
US,OH,45171
US,OH,45172
US,OH,45174
US,OH,45176
US,OH,45177
US,OH,45201
US,OH,45202
US,OH,45203
US,OH,45204
US,OH,45205
US,OH,45206
US,OH,45207
US,OH,45208
US,OH,45209
US,OH,45211
US,OH,45212
US,OH,45213
US,OH,45214
US,OH,45215
US,OH,45216
US,OH,45217
US,OH,45218
US,OH,45219
US,OH,45220
US,OH,45221
US,OH,45222
US,OH,45223
US,OH,45224
US,OH,45225
US,OH,45226
US,OH,45227
US,OH,45229
US,OH,45230
US,OH,45231
US,OH,45232
US,OH,45233
US,OH,45234
US,OH,45235
US,OH,45236
US,OH,45237
US,OH,45238
US,OH,45239
US,OH,45240
US,OH,45241
US,OH,45242
US,OH,45243
US,OH,45244
US,OH,45245
US,OH,45246
US,OH,45247
US,OH,45248
US,OH,45249
US,OH,45250
US,OH,45251
US,OH,45252
US,OH,45253
US,OH,45254
US,OH,45255
US,OH,45258
US,OH,45262
US,OH,45263
US,OH,45264
US,OH,45267
US,OH,45268
US,OH,45269
US,OH,45270
US,OH,45271
US,OH,45273
US,OH,45274
US,OH,45275
US,OH,45277
US,OH,45280
US,OH,45296
US,OH,45298
US,OH,45299
US,OH,45301
US,OH,45302
US,OH,45303
US,OH,45304
US,OH,45305
US,OH,45306
US,OH,45307
US,OH,45308
US,OH,45309
US,OH,45310
US,OH,45311
US,OH,45312
US,OH,45314
US,OH,45315
US,OH,45316
US,OH,45317
US,OH,45318
US,OH,45319
US,OH,45320
US,OH,45321
US,OH,45322
US,OH,45323
US,OH,45324
US,OH,45325
US,OH,45326
US,OH,45327
US,OH,45328
US,OH,45330
US,OH,45331
US,OH,45332
US,OH,45333
US,OH,45334
US,OH,45335
US,OH,45336
US,OH,45337
US,OH,45338
US,OH,45339
US,OH,45340
US,OH,45341
US,OH,45342
US,OH,45343
US,OH,45344
US,OH,45345
US,OH,45346
US,OH,45347
US,OH,45348
US,OH,45349
US,OH,45350
US,OH,45351
US,OH,45352
US,OH,45353
US,OH,45354
US,OH,45356
US,OH,45358
US,OH,45359
US,OH,45360
US,OH,45361
US,OH,45362
US,OH,45363
US,OH,45365
US,OH,45367
US,OH,45368
US,OH,45369
US,OH,45370
US,OH,45371
US,OH,45372
US,OH,45373
US,OH,45374
US,OH,45377
US,OH,45378
US,OH,45380
US,OH,45381
US,OH,45382
US,OH,45383
US,OH,45384
US,OH,45385
US,OH,45387
US,OH,45388
US,OH,45389
US,OH,45390
US,OH,45401
US,OH,45402
US,OH,45403
US,OH,45404
US,OH,45405
US,OH,45406
US,OH,45409
US,OH,45410
US,OH,45412
US,OH,45413
US,OH,45414
US,OH,45415
US,OH,45416
US,OH,45417
US,OH,45419
US,OH,45420
US,OH,45422
US,OH,45423
US,OH,45424
US,OH,45426
US,OH,45428
US,OH,45429
US,OH,45430
US,OH,45431
US,OH,45432
US,OH,45433
US,OH,45434
US,OH,45435
US,OH,45437
US,OH,45439
US,OH,45440
US,OH,45441
US,OH,45448
US,OH,45449
US,OH,45458
US,OH,45459
US,OH,45469
US,OH,45470
US,OH,45475
US,OH,45479
US,OH,45481
US,OH,45482
US,OH,45490
US,OH,45501
US,OH,45502
US,OH,45503
US,OH,45504
US,OH,45505
US,OH,45506
US,OH,45601
US,OH,45612
US,OH,45613
US,OH,45614
US,OH,45616
US,OH,45617
US,OH,45618
US,OH,45619
US,OH,45620
US,OH,45621
US,OH,45622
US,OH,45623
US,OH,45624
US,OH,45628
US,OH,45629
US,OH,45630
US,OH,45631
US,OH,45633
US,OH,45634
US,OH,45636
US,OH,45638
US,OH,45640
US,OH,45642
US,OH,45643
US,OH,45644
US,OH,45645
US,OH,45646
US,OH,45647
US,OH,45648
US,OH,45650
US,OH,45651
US,OH,45652
US,OH,45653
US,OH,45654
US,OH,45656
US,OH,45657
US,OH,45658
US,OH,45659
US,OH,45660
US,OH,45661
US,OH,45662
US,OH,45663
US,OH,45669
US,OH,45671
US,OH,45672
US,OH,45673
US,OH,45674
US,OH,45675
US,OH,45677
US,OH,45678
US,OH,45679
US,OH,45680
US,OH,45681
US,OH,45682
US,OH,45683
US,OH,45684
US,OH,45685
US,OH,45686
US,OH,45687
US,OH,45688
US,OH,45690
US,OH,45692
US,OH,45693
US,OH,45694
US,OH,45695
US,OH,45696
US,OH,45697
US,OH,45698
US,OH,45699
US,OH,45701
US,OH,45710
US,OH,45711
US,OH,45712
US,OH,45713
US,OH,45714
US,OH,45715
US,OH,45716
US,OH,45717
US,OH,45719
US,OH,45720
US,OH,45721
US,OH,45723
US,OH,45724
US,OH,45727
US,OH,45729
US,OH,45732
US,OH,45734
US,OH,45735
US,OH,45739
US,OH,45740
US,OH,45741
US,OH,45742
US,OH,45743
US,OH,45744
US,OH,45745
US,OH,45746
US,OH,45750
US,OH,45760
US,OH,45761
US,OH,45764
US,OH,45766
US,OH,45767
US,OH,45768
US,OH,45769
US,OH,45770
US,OH,45771
US,OH,45772
US,OH,45773
US,OH,45775
US,OH,45776
US,OH,45777
US,OH,45778
US,OH,45779
US,OH,45780
US,OH,45782
US,OH,45783
US,OH,45784
US,OH,45786
US,OH,45787
US,OH,45788
US,OH,45789
US,OH,45801
US,OH,45802
US,OH,45804
US,OH,45805
US,OH,45806
US,OH,45807
US,OH,45808
US,OH,45809
US,OH,45810
US,OH,45812
US,OH,45813
US,OH,45814
US,OH,45815
US,OH,45816
US,OH,45817
US,OH,45819
US,OH,45820
US,OH,45821
US,OH,45822
US,OH,45826
US,OH,45827
US,OH,45828
US,OH,45830
US,OH,45831
US,OH,45832
US,OH,45833
US,OH,45835
US,OH,45836
US,OH,45837
US,OH,45838
US,OH,45839
US,OH,45840
US,OH,45841
US,OH,45843
US,OH,45844
US,OH,45845
US,OH,45846
US,OH,45848
US,OH,45849
US,OH,45850
US,OH,45851
US,OH,45853
US,OH,45854
US,OH,45855
US,OH,45856
US,OH,45858
US,OH,45859
US,OH,45860
US,OH,45861
US,OH,45862
US,OH,45863
US,OH,45864
US,OH,45865
US,OH,45866
US,OH,45867
US,OH,45868
US,OH,45869
US,OH,45870
US,OH,45871
US,OH,45872
US,OH,45873
US,OH,45874
US,OH,45875
US,OH,45876
US,OH,45877
US,OH,45879
US,OH,45880
US,OH,45881
US,OH,45882
US,OH,45883
US,OH,45884
US,OH,45885
US,OH,45886
US,OH,45887
US,OH,45888
US,OH,45889
US,OH,45890
US,OH,45891
US,OH,45893
US,OH,45894
US,OH,45895
US,OH,45896
US,OH,45897
US,OH,45898
US,OH,45899
US,OH,45999
US,IN,46001
US,IN,46011
US,IN,46012
US,IN,46013
US,IN,46014
US,IN,46015
US,IN,46016
US,IN,46017
US,IN,46018
US,IN,46030
US,IN,46031
US,IN,46032
US,IN,46033
US,IN,46034
US,IN,46035
US,IN,46036
US,IN,46037
US,IN,46038
US,IN,46039
US,IN,46040
US,IN,46041
US,IN,46044
US,IN,46045
US,IN,46047
US,IN,46048
US,IN,46049
US,IN,46050
US,IN,46051
US,IN,46052
US,IN,46055
US,IN,46056
US,IN,46057
US,IN,46058
US,IN,46060
US,IN,46061
US,IN,46062
US,IN,46063
US,IN,46064
US,IN,46065
US,IN,46067
US,IN,46068
US,IN,46069
US,IN,46070
US,IN,46071
US,IN,46072
US,IN,46074
US,IN,46075
US,IN,46076
US,IN,46077
US,IN,46082
US,IN,46085
US,IN,46102
US,IN,46103
US,IN,46104
US,IN,46105
US,IN,46106
US,IN,46107
US,IN,46110
US,IN,46111
US,IN,46112
US,IN,46113
US,IN,46115
US,IN,46117
US,IN,46118
US,IN,46120
US,IN,46121
US,IN,46122
US,IN,46123
US,IN,46124
US,IN,46125
US,IN,46126
US,IN,46127
US,IN,46128
US,IN,46129
US,IN,46130
US,IN,46131
US,IN,46133
US,IN,46135
US,IN,46140
US,IN,46142
US,IN,46143
US,IN,46144
US,IN,46146
US,IN,46147
US,IN,46148
US,IN,46149
US,IN,46150
US,IN,46151
US,IN,46154
US,IN,46155
US,IN,46156
US,IN,46157
US,IN,46158
US,IN,46160
US,IN,46161
US,IN,46162
US,IN,46163
US,IN,46164
US,IN,46165
US,IN,46166
US,IN,46167
US,IN,46168
US,IN,46170
US,IN,46171
US,IN,46172
US,IN,46173
US,IN,46175
US,IN,46176
US,IN,46180
US,IN,46181
US,IN,46182
US,IN,46183
US,IN,46184
US,IN,46186
US,IN,46201
US,IN,46202
US,IN,46203
US,IN,46204
US,IN,46205
US,IN,46206
US,IN,46207
US,IN,46208
US,IN,46209
US,IN,46213
US,IN,46214
US,IN,46216
US,IN,46217
US,IN,46218
US,IN,46219
US,IN,46220
US,IN,46221
US,IN,46222
US,IN,46224
US,IN,46225
US,IN,46226
US,KY,40913
US,KY,40914
US,KY,40915
US,KY,40921
US,KY,40923
US,KY,40927
US,KY,40930
US,KY,40932
US,KY,40935
US,KY,40939
US,KY,40940
US,KY,40941
US,KY,40943
US,KY,40944
US,KY,40946
US,KY,40949
US,KY,40951
US,KY,40953
US,KY,40955
US,KY,40958
US,KY,40962
US,KY,40964
US,KY,40965
US,KY,40972
US,KY,40977
US,KY,40979
US,KY,40981
US,KY,40982
US,KY,40983
US,KY,40988
US,KY,40995
US,KY,40997
US,KY,41001
US,KY,41002
US,KY,41003
US,KY,41004
US,KY,41005
US,KY,41006
US,KY,41007
US,KY,41008
US,KY,41010
US,KY,41011
US,KY,41012
US,KY,41014
US,KY,41015
US,KY,41016
US,KY,41017
US,KY,41018
US,KY,41019
US,KY,41021
US,KY,41022
US,KY,41025
US,KY,41030
US,KY,41031
US,KY,41033
US,KY,41034
US,KY,41035
US,KY,41037
US,KY,41039
US,KY,41040
US,KY,41041
US,KY,41042
US,KY,41043
US,KY,41044
US,KY,41045
US,KY,41046
US,KY,41048
US,KY,41049
US,KY,41051
US,KY,41052
US,KY,41053
US,KY,41054
US,KY,41055
US,KY,41056
US,KY,41059
US,KY,41061
US,KY,41062
US,KY,41063
US,KY,41064
US,KY,41071
US,KY,41072
US,KY,41073
US,KY,41074
US,KY,41075
US,KY,41076
US,KY,41080
US,KY,41081
US,KY,41083
US,KY,41085
US,KY,41086
US,KY,41091
US,KY,41092
US,KY,41093
US,KY,41094
US,KY,41095
US,KY,41096
US,KY,41097
US,KY,41098
US,KY,41099
US,KY,41101
US,KY,41102
US,KY,41105
US,KY,41114
US,KY,41121
US,KY,41124
US,KY,41128
US,KY,41129
US,KY,41132
US,KY,41135
US,KY,41139
US,KY,41141
US,KY,41142
US,KY,41143
US,KY,41144
US,KY,41146
US,KY,41149
US,KY,41159
US,KY,41160
US,KY,41164
US,KY,41166
US,KY,41168
US,KY,41169
US,KY,41171
US,KY,41173
US,KY,41174
US,KY,41175
US,KY,41179
US,KY,41180
US,KY,41181
US,KY,41183
US,KY,41189
US,KY,41201
US,KY,41203
US,KY,41204
US,KY,41214
US,KY,41216
US,KY,41219
US,KY,41222
US,KY,41224
US,KY,41226
US,KY,41230
US,KY,41231
US,KY,41232
US,KY,41234
US,KY,41238
US,KY,41240
US,KY,41250
US,KY,41254
US,KY,41255
US,KY,41256
US,KY,41257
US,KY,41260
US,KY,41262
US,KY,41263
US,KY,41264
US,KY,41265
US,KY,41267
US,KY,41268
US,KY,41271
US,KY,41274
US,KY,41301
US,KY,41310
US,KY,41311
US,KY,41314
US,KY,41317
US,KY,41332
US,KY,41339
US,KY,41347
US,KY,41348
US,KY,41351
US,KY,41352
US,KY,41360
US,KY,41364
US,KY,41365
US,KY,41366
US,KY,41367
US,KY,41368
US,KY,41385
US,KY,41386
US,KY,41390
US,KY,41397
US,KY,41408
US,KY,41413
US,KY,41421
US,KY,41425
US,KY,41426
US,KY,41451
US,KY,41464
US,KY,41465
US,KY,41472
US,KY,41477
US,KY,41501
US,KY,41502
US,KY,41503
US,KY,41512
US,KY,41513
US,KY,41514
US,KY,41517
US,KY,41519
US,KY,41520
US,KY,41522
US,KY,41524
US,KY,41526
US,KY,41527
US,KY,41528
US,KY,41531
US,KY,41534
US,KY,41535
US,KY,41537
US,KY,41538
US,KY,41539
US,KY,41540
US,KY,41542
US,KY,41543
US,KY,41544
US,KY,41547
US,KY,41548
US,KY,41549
US,KY,41553
US,KY,41554
US,KY,41555
US,KY,41557
US,KY,41558
US,KY,41559
US,KY,41560
US,KY,41561
US,KY,41562
US,KY,41563
US,KY,41564
US,KY,41566
US,KY,41567
US,KY,41568
US,KY,41571
US,KY,41572
US,KY,41601
US,KY,41602
US,KY,41603
US,KY,41604
US,KY,41605
US,KY,41606
US,KY,41607
US,KY,41612
US,KY,41615
US,KY,41616
US,KY,41619
US,KY,41621
US,KY,41622
US,KY,41630
US,KY,41631
US,KY,41632
US,KY,41635
US,KY,41636
US,KY,41640
US,KY,41642
US,KY,41643
US,KY,41645
US,KY,41647
US,KY,41649
US,KY,41650
US,KY,41651
US,KY,41653
US,KY,41655
US,KY,41659
US,KY,41660
US,KY,41663
US,KY,41666
US,KY,41667
US,KY,41669
US,KY,41701
US,KY,41702
US,KY,41712
US,KY,41713
US,KY,41714
US,KY,41719
US,KY,41721
US,KY,41722
US,KY,41723
US,KY,41725
US,KY,41727
US,KY,41729
US,KY,41731
US,KY,41735
US,KY,41736
US,KY,41739
US,KY,41740
US,KY,41743
US,KY,41745
US,KY,41746
US,KY,41749
US,KY,41751
US,KY,41754
US,KY,41759
US,KY,41760
US,KY,41762
US,KY,41763
US,KY,41764
US,KY,41766
US,KY,41772
US,KY,41773
US,KY,41774
US,KY,41775
US,KY,41776
US,KY,41777
US,KY,41778
US,KY,41804
US,KY,41810
US,KY,41812
US,KY,41815
US,KY,41817
US,KY,41819
US,KY,41821
US,KY,41822
US,KY,41824
US,KY,41825
US,KY,41826
US,KY,41828
US,KY,41831
US,KY,41832
US,KY,41833
US,KY,41834
US,KY,41835
US,KY,41836
US,KY,41837
US,KY,41838
US,KY,41839
US,KY,41840
US,KY,41843
US,KY,41844
US,KY,41845
US,KY,41847
US,KY,41848
US,KY,41849
US,KY,41855
US,KY,41858
US,KY,41859
US,KY,41861
US,KY,41862
US,KY,42001
US,KY,42002
US,KY,42003
US,KY,42020
US,KY,42021
US,KY,42022
US,KY,42023
US,KY,42024
US,KY,42025
US,KY,42027
US,KY,42028
US,KY,42029
US,KY,42031
US,KY,42032
US,KY,42033
US,KY,42035
US,KY,42036
US,KY,42037
US,KY,42038
US,KY,42039
US,KY,42040
US,KY,42041
US,KY,42044
US,KY,42045
US,KY,42047
US,KY,42048
US,KY,42049
US,KY,42050
US,KY,42051
US,KY,42053
US,KY,42054
US,KY,42055
US,KY,42056
US,KY,42058
US,KY,42060
US,KY,42061
US,KY,42063
US,KY,42064
US,KY,42066
US,KY,42069
US,KY,42070
US,KY,42071
US,KY,42076
US,KY,42078
US,KY,42079
US,KY,42081
US,KY,42082
US,KY,42083
US,KY,42085
US,KY,42086
US,KY,42087
US,KY,42088
US,KY,42101
US,KY,42102
US,KY,42103
US,KY,42104
US,KY,42120
US,KY,42122
US,KY,42123
US,KY,42124
US,KY,42127
US,KY,42128
US,KY,42129
US,KY,42130
US,KY,42131
US,KY,42133
US,KY,42134
US,KY,42135
US,KY,42140
US,KY,42141
US,KY,42142
US,KY,42151
US,KY,42152
US,KY,42153
US,KY,42154
US,KY,42156
US,KY,42157
US,KY,42159
US,KY,42160
US,KY,42163
US,KY,42164
US,KY,42166
US,KY,42167
US,KY,42170
US,KY,42171
US,KY,42201
US,KY,42202
US,KY,42204
US,KY,42206
US,KY,42207
US,KY,42210
US,KY,42211
US,KY,42214
US,KY,42215
US,KY,42216
US,KY,42217
US,KY,42219
US,KY,42220
US,KY,42221
US,KY,42223
US,KY,42232
US,KY,42234
US,KY,42236
US,KY,42240
US,KY,42241
US,KY,42252
US,KY,42254
US,KY,42256
US,KY,42259
US,KY,42261
US,KY,42262
US,KY,42265
US,KY,42266
US,KY,42273
US,KY,42274
US,KY,42275
US,KY,42276
US,KY,42280
US,KY,42285
US,KY,42286
US,KY,42288
US,KY,42301
US,KY,42302
US,KY,42303
US,KY,42304
US,KY,42320
US,KY,42321
US,KY,42322
US,KY,42323
US,KY,42324
US,KY,42325
US,KY,42326
US,KY,42327
US,KY,42328
US,KY,42330
US,KY,42332
US,KY,42333
US,KY,42334
US,KY,42337
US,KY,42338
US,KY,42339
US,KY,42343
US,KY,42344
US,KY,42345
US,KY,42347
US,KY,42348
US,KY,42349
US,KY,42350
US,KY,42351
US,KY,42352
US,KY,42354
US,KY,42355
US,KY,42356
US,KY,42361
US,KY,42364
US,KY,42366
US,KY,42367
US,KY,42368
US,KY,42369
US,KY,42370
US,KY,42371
US,KY,42372
US,KY,42374
US,KY,42376
US,KY,42377
US,KY,42378
US,KY,42402
US,KY,42404
US,KY,42406
US,KY,42408
US,KY,42409
US,KY,42410
US,KY,42411
US,KY,42413
US,KY,42419
US,KY,42420
US,KY,42431
US,KY,42436
US,KY,42437
US,KY,42440
US,KY,42441
US,KY,42442
US,KY,42444
US,KY,42445
US,KY,42450
US,KY,42451
US,KY,42452
US,KY,42453
US,KY,42455
US,KY,42456
US,KY,42457
US,KY,42458
US,KY,42459
US,KY,42460
US,KY,42461
US,KY,42462
US,KY,42463
US,KY,42464
US,KY,42501
US,KY,42502
US,KY,42503
US,KY,42516
US,KY,42518
US,KY,42519
US,KY,42528
US,KY,42533
US,KY,42539
US,KY,42541
US,KY,42544
US,KY,42553
US,KY,42558
US,KY,42564
US,KY,42565
US,KY,42566
US,KY,42567
US,KY,42602
US,KY,42603
US,KY,42629
US,KY,42631
US,KY,42633
US,KY,42634
US,KY,42635
US,KY,42638
US,KY,42642
US,KY,42647
US,KY,42649
US,KY,42653
US,KY,42701
US,KY,42702
US,KY,42712
US,KY,42713
US,KY,42715
US,KY,42716
US,KY,42717
US,KY,42718
US,KY,42719
US,KY,42720
US,KY,42721
US,KY,42722
US,KY,42724
US,KY,42726
US,KY,42728
US,KY,42729
US,KY,42732
US,KY,42733
US,KY,42740
US,KY,42741
US,KY,42742
US,KY,42743
US,KY,42746
US,KY,42748
US,KY,42749
US,KY,42753
US,KY,42754
US,KY,42755
US,KY,42757
US,KY,42758
US,KY,42759
US,KY,42762
US,KY,42764
US,KY,42765
US,KY,42776
US,KY,42782
US,KY,42784
US,KY,42788
US,OH,43001
US,OH,43002
US,OH,43003
US,OH,43004
US,OH,43005
US,OH,43006
US,OH,43007
US,OH,43008
US,OH,43009
US,OH,43010
US,OH,43011
US,OH,43013
US,OH,43014
US,OH,43015
US,OH,43016
US,OH,43017
US,OH,43018
US,OH,43019
US,OH,43021
US,OH,43022
US,OH,43023
US,OH,43025
US,OH,43026
US,OH,43027
US,OH,43028
US,OH,43029
US,OH,43030
US,OH,43031
US,OH,43032
US,OH,43033
US,OH,43035
US,OH,43036
US,OH,43037
US,OH,43040
US,OH,43041
US,OH,43044
US,OH,43045
US,OH,43046
US,OH,43047
US,OH,43048
US,OH,43050
US,OH,43054
US,OH,43055
US,OH,43056
US,OH,43058
US,OH,43060
US,OH,43061
US,OH,43062
US,OH,43064
US,OH,43065
US,OH,43066
US,OH,43067
US,OH,43068
US,OH,43069
US,OH,43070
US,OH,43071
US,OH,43072
US,OH,43073
US,OH,43074
US,OH,43076
US,OH,43077
US,OH,43078
US,OH,43080
US,OH,43081
US,OH,43082
US,OH,43083
US,OH,43084
US,OH,43085
US,OH,43086
US,OH,43093
US,OH,43101
US,OH,43102
US,OH,43103
US,OH,43105
US,OH,43106
US,OH,43107
US,OH,43109
US,OH,43110
US,OH,43111
US,OH,43112
US,OH,43113
US,OH,43115
US,OH,43116
US,OH,43117
US,OH,43119
US,OH,43123
US,OH,43125
US,OH,43126
US,OH,43127
US,OH,43128
US,OH,43130
US,OH,43135
US,OH,43136
US,OH,43137
US,OH,43138
US,OH,43140
US,OH,43142
US,OH,43143
US,OH,43144
US,OH,43145
US,OH,43146
US,OH,43147
US,OH,43148
US,OH,43149
US,OH,43150
US,OH,43151
US,OH,43152
US,OH,43153
US,OH,43154
US,OH,43155
US,OH,43156
US,OH,43157
US,OH,43158
US,OH,43160
US,OH,43162
US,OH,43164
US,OH,43194
US,OH,43195
US,OH,43199
US,OH,43201
US,OH,43202
US,OH,43203
US,OH,43204
US,OH,43205
US,OH,43206
US,OH,43207
US,OH,43209
US,OH,43210
US,OH,43211
US,OH,43212
US,OH,43213
US,OH,43214
US,OH,43215
US,OH,43216
US,OH,43217
US,OH,43218
US,OH,43219
US,OH,43220
US,OH,43221
US,OH,43222
US,OH,43223
US,OH,43224
US,OH,43226
US,OH,43227
US,OH,43228
US,OH,43229
US,OH,43230
US,OH,43231
US,OH,43232
US,OH,43234
US,OH,43235
US,OH,43236
US,OH,43240
US,OH,43251
US,OH,43260
US,OH,43266
US,OH,43268
US,OH,43270
US,OH,43271
US,OH,43272
US,OH,43279
US,OH,43287
US,OH,43291
US,OH,43301
US,OH,43302
US,OH,43310
US,OH,43311
US,OH,43314
US,OH,43315
US,OH,43316
US,OH,43317
US,OH,43318
US,OH,43319
US,OH,43320
US,OH,43321
US,OH,43322
US,OH,43323
US,OH,43324
US,OH,43325
US,OH,43326
US,OH,43330
US,OH,43331
US,OH,43332
US,OH,43333
US,OH,43334
US,OH,43335
US,OH,43336
US,OH,43337
US,OH,43338
US,OH,43340
US,OH,43341
US,OH,43342
US,OH,43343
US,OH,43344
US,OH,43345
US,OH,43346
US,OH,43347
US,OH,43348
US,OH,43349
US,OH,43350
US,OH,43351
US,OH,43356
US,OH,43357
US,OH,43358
US,OH,43359
US,OH,43360
US,OH,43402
US,OH,43403
US,OH,43406
US,OH,43407
US,OH,43408
US,OH,43410
US,OH,43412
US,OH,43413
US,OH,43414
US,OH,43416
US,OH,43420
US,OH,43430
US,OH,43431
US,OH,43432
US,OH,43433
US,OH,43434
US,OH,43435
US,OH,43436
US,OH,43437
US,OH,43438
US,OH,43439
US,OH,43440
US,OH,43441
US,OH,43442
US,OH,43443
US,OH,43445
US,OH,43446
US,OH,43447
US,OH,43449
US,OH,43450
US,OH,43451
US,OH,43452
US,OH,43456
US,OH,43457
US,OH,43458
US,OH,43460
US,OH,43462
US,OH,43463
US,OH,43464
US,OH,43465
US,OH,43466
US,OH,43467
US,OH,43468
US,OH,43469
US,OH,43501
US,OH,43502
US,OH,43504
US,OH,43505
US,OH,43506
US,OH,43510
US,OH,43511
US,OH,43512
US,OH,43515
US,OH,43516
US,OH,43517
US,OH,43518
US,OH,43519
US,OH,43520
US,OH,43521
US,OH,43522
US,OH,43523
US,OH,43524
US,OH,43525
US,OH,43526
US,OH,43527
US,OH,43528
US,OH,43529
US,OH,43530
US,OH,43531
US,OH,43532
US,OH,43533
US,OH,43534
US,OH,43535
US,OH,43536
US,OH,43537
US,OH,43540
US,OH,43541
US,OH,43542
US,OH,43543
US,OH,43545
US,OH,43547
US,OH,43548
US,OH,43549
US,OH,43550
US,OH,43551
US,OH,43552
US,OH,43553
US,OH,43554
US,OH,43555
US,OH,43556
US,OH,43557
US,OH,43558
US,OH,43560
US,OH,43565
US,OH,43566
US,OH,43567
US,OH,43569
US,OH,43570
US,OH,43571
US,OH,43601
US,OH,43603
US,OH,43604
US,OH,43605
US,OH,43606
US,OH,43607
US,OH,43608
US,OH,43609
US,OH,43610
US,OH,43611
US,OH,43612
US,OH,43613
US,OH,43614
US,OH,43615
US,OH,43616
US,OH,43617
US,OH,43619
US,OH,43620
US,OH,43623
US,OH,43635
US,OH,43652
US,OH,43654
US,OH,43656
US,OH,43657
US,OH,43659
US,OH,43660
US,OH,43661
US,OH,43666
US,OH,43667
US,OH,43681
US,OH,43682
US,OH,43697
US,OH,43699
US,OH,43701
US,OH,43702
US,OH,43711
US,OH,43713
US,OH,43716
US,OH,43717
US,OH,43718
US,OH,43719
US,OH,43720
US,OH,43721
US,OH,43722
US,OH,43723
US,OH,43724
US,OH,43725
US,OH,43727
US,OH,43728
US,OH,43730
US,OH,43731
US,OH,43732
US,OH,43733
US,OH,43734
US,OH,43735
US,OH,43736
US,OH,43738
US,OH,43739
US,OH,43740
US,OH,43746
US,OH,43747
US,OH,43748
US,OH,43749
US,OH,43750
US,OH,43752
US,OH,43754
US,OH,43755
US,OH,43756
US,OH,43757
US,OH,43758
US,OH,43759
US,OH,43760
US,OH,43761
US,OH,43762
US,OH,43764
US,OH,43766
US,OH,43767
US,OH,43768
US,OH,43771
US,OH,43772
US,OH,43773
US,OH,43777
US,OH,43778
US,OH,43779
US,OH,43780
US,OH,43782
US,OH,43783
US,OH,43786
US,OH,43787
US,OH,43788
US,OH,43791
US,OH,43793
US,OH,43802
US,OH,43803
US,OH,43804
US,OH,43805
US,OH,43811
US,OH,43812
US,OH,43821
US,OH,43822
US,OH,43824
US,OH,43828
US,OH,43830
US,OH,43832
US,OH,43836
US,OH,43837
US,OH,43840
US,OH,43842
US,OH,43843
US,OH,43844
US,OH,43845
US,OH,43901
US,OH,43902
US,OH,43903
US,OH,43905
US,OH,43906
US,OH,43907
US,OH,43908
US,OH,43909
US,OH,43910
US,OH,43912
US,OH,43913
US,OH,43914
US,OH,43915
US,OH,43916
US,OH,43917
US,OH,43920
US,OH,43925
US,OH,43926
US,OH,43927
US,OH,43928
US,OH,43930
US,OH,43931
US,OH,43932
US,OH,43933
US,OH,43934
US,OH,43935
US,OH,43937
US,OH,43938
US,OH,43939
US,OH,43940
US,OH,43941
US,OH,43942
US,OH,43943
US,OH,43944
US,OH,43945
US,OH,43946
US,OH,43947
US,OH,43948
US,OH,43950
US,OH,43951
US,OH,43952
US,OH,43953
US,OH,43961
US,OH,43962
US,OH,43963
US,OH,43964
US,OH,43967
US,OH,43968
US,OH,43970
US,OH,43971
US,OH,43972
US,OH,43973
US,OH,43974
US,OH,43976
US,OH,43977
US,OH,43981
US,OH,43983
US,OH,43984
US,MI,49333
US,MI,49335
US,MI,49336
US,MI,49337
US,MI,49338
US,MI,49339
US,MI,49340
US,MI,49341
US,MI,49342
US,MI,49343
US,MI,49344
US,MI,49345
US,MI,49346
US,MI,49347
US,MI,49348
US,MI,49349
US,MI,49351
US,MI,49355
US,MI,49356
US,MI,49357
US,MI,49401
US,MI,49402
US,MI,49403
US,MI,49404
US,MI,49405
US,MI,49406
US,MI,49408
US,MI,49409
US,MI,49410
US,MI,49411
US,MI,49412
US,MI,49413
US,MI,49415
US,MI,49416
US,MI,49417
US,MI,49418
US,MI,49419
US,MI,49420
US,MI,49421
US,MI,49422
US,MI,49423
US,MI,49424
US,MI,49425
US,MI,49426
US,MI,49427
US,MI,49428
US,MI,49429
US,MI,49430
US,MI,49431
US,MI,49434
US,MI,49435
US,MI,49436
US,MI,49437
US,MI,49440
US,MI,49441
US,MI,49442
US,MI,49443
US,MI,49444
US,MI,49445
US,MI,49446
US,MI,49448
US,MI,49449
US,MI,49450
US,MI,49451
US,MI,49452
US,MI,49453
US,MI,49454
US,MI,49455
US,MI,49456
US,MI,49457
US,MI,49458
US,MI,49459
US,MI,49460
US,MI,49461
US,MI,49463
US,MI,49464
US,MI,49468
US,MI,49501
US,MI,49502
US,MI,49503
US,MI,49504
US,MI,49505
US,MI,49506
US,MI,49507
US,MI,49508
US,MI,49509
US,MI,49510
US,MI,49512
US,MI,49514
US,MI,49515
US,MI,49516
US,MI,49518
US,MI,49519
US,MI,49523
US,MI,49525
US,MI,49528
US,MI,49530
US,MI,49534
US,MI,49544
US,MI,49546
US,MI,49548
US,MI,49555
US,MI,49560
US,MI,49588
US,MI,49599
US,MI,49601
US,MI,49610
US,MI,49611
US,MI,49612
US,MI,49613
US,MI,49614
US,MI,49615
US,MI,49616
US,MI,49617
US,MI,49618
US,MI,49619
US,MI,49620
US,MI,49621
US,MI,49622
US,MI,49623
US,MI,49625
US,MI,49626
US,MI,49627
US,MI,49628
US,MI,49629
US,MI,49630
US,MI,49631
US,MI,49632
US,MI,49633
US,MI,49634
US,MI,49635
US,MI,49636
US,MI,49637
US,MI,49638
US,MI,49639
US,MI,49640
US,MI,49642
US,MI,49643
US,MI,49644
US,MI,49645
US,MI,49646
US,MI,49648
US,MI,49649
US,MI,49650
US,MI,49651
US,MI,49653
US,MI,49654
US,MI,49655
US,MI,49656
US,MI,49657
US,MI,49659
US,MI,49660
US,MI,49663
US,MI,49664
US,MI,49665
US,MI,49666
US,MI,49667
US,MI,49668
US,MI,49670
US,MI,49673
US,MI,49674
US,MI,49675
US,MI,49676
US,MI,49677
US,MI,49679
US,MI,49680
US,MI,49682
US,MI,49683
US,MI,49684
US,MI,49685
US,MI,49686
US,MI,49688
US,MI,49689
US,MI,49690
US,MI,49696
US,MI,49701
US,MI,49705
US,MI,49706
US,MI,49707
US,MI,49709
US,MI,49710
US,MI,49711
US,MI,49712
US,MI,49713
US,MI,49715
US,MI,49716
US,MI,49717
US,MI,49718
US,MI,49719
US,MI,49720
US,MI,49721
US,MI,49722
US,MI,49723
US,MI,49724
US,MI,49725
US,MI,49726
US,MI,49727
US,MI,49728
US,MI,49729
US,MI,49730
US,MI,49733
US,MI,49734
US,MI,49735
US,MI,49736
US,MI,49737
US,MI,49738
US,MI,49739
US,MI,49740
US,MI,49743
US,MI,49744
US,MI,49745
US,MI,49746
US,MI,49747
US,MI,49748
US,MI,49749
US,MI,49751
US,MI,49752
US,MI,49753
US,MI,49755
US,MI,49756
US,MI,49757
US,MI,49759
US,MI,49760
US,MI,49761
US,MI,49762
US,MI,49764
US,MI,49765
US,MI,49766
US,MI,49768
US,MI,49769
US,MI,49770
US,MI,49774
US,MI,49775
US,MI,49776
US,MI,49777
US,MI,49779
US,MI,49780
US,MI,49781
US,MI,49782
US,MI,49783
US,MI,49784
US,MI,49785
US,MI,49786
US,MI,49788
US,MI,49791
US,MI,49792
US,MI,49793
US,MI,49795
US,MI,49796
US,MI,49797
US,MI,49799
US,MI,49801
US,MI,49802
US,MI,49805
US,MI,49806
US,MI,49807
US,MI,49808
US,MI,49812
US,MI,49814
US,MI,49815
US,MI,49816
US,MI,49817
US,MI,49818
US,MI,49819
US,MI,49820
US,MI,49821
US,MI,49822
US,MI,49825
US,MI,49826
US,MI,48342
US,MI,48343
US,MI,48346
US,MI,48347
US,MI,48348
US,MI,48350
US,MI,48353
US,MI,48356
US,MI,48357
US,MI,48359
US,MI,48360
US,MI,48361
US,MI,48362
US,MI,48363
US,MI,48366
US,MI,48367
US,MI,48370
US,MI,48371
US,MI,48374
US,MI,48375
US,MI,48376
US,MI,48377
US,MI,48380
US,MI,48381
US,MI,48382
US,MI,48383
US,MI,48386
US,MI,48387
US,MI,48390
US,MI,48393
US,MI,48397
US,MI,48401
US,MI,48410
US,MI,48411
US,MI,48412
US,MI,48413
US,MI,48414
US,MI,48415
US,MI,48416
US,MI,48417
US,MI,48418
US,MI,48419
US,MI,48420
US,MI,48421
US,MI,48422
US,MI,48423
US,MI,48426
US,MI,48427
US,MI,48428
US,MI,48429
US,MI,48430
US,MI,48432
US,MI,48433
US,MI,48434
US,MI,48435
US,MI,48436
US,MI,48437
US,MI,48438
US,MI,48439
US,MI,48440
US,MI,48441
US,MI,48442
US,MI,48444
US,MI,48445
US,MI,48446
US,MI,48449
US,MI,48450
US,MI,48451
US,MI,48453
US,MI,48454
US,MI,48455
US,MI,48456
US,MI,48457
US,MI,48458
US,MI,48460
US,MI,48461
US,MI,48462
US,MI,48463
US,MI,48464
US,MI,48465
US,MI,48466
US,MI,48467
US,MI,48468
US,MI,48469
US,MI,48470
US,MI,48471
US,MI,48472
US,MI,48473
US,MI,48475
US,MI,48476
US,MI,48480
US,MI,48501
US,MI,48502
US,MI,48503
US,MI,48504
US,MI,48505
US,MI,48506
US,MI,48507
US,MI,48509
US,MI,48519
US,MI,48529
US,MI,48531
US,MI,48532
US,MI,48550
US,MI,48551
US,MI,48552
US,MI,48553
US,MI,48554
US,MI,48555
US,MI,48556
US,MI,48557
US,MI,48601
US,MI,48602
US,MI,48603
US,MI,48604
US,MI,48605
US,MI,48606
US,MI,48607
US,MI,48608
US,MI,48609
US,MI,48610
US,MI,48611
US,MI,48612
US,MI,48613
US,MI,48614
US,MI,48615
US,MI,48616
US,MI,48617
US,MI,48618
US,MI,48619
US,MI,48620
US,MI,48621
US,MI,48622
US,MI,48623
US,MI,48624
US,MI,48625
US,MI,48626
US,MI,48627
US,MI,48628
US,MI,48629
US,MI,48630
US,MI,48631
US,MI,48632
US,MI,48633
US,MI,48634
US,MI,48635
US,MI,48636
US,MI,48637
US,MI,48638
US,MI,48640
US,MI,48641
US,MI,48642
US,MI,48647
US,MI,48649
US,MI,48650
US,MI,48651
US,MI,48652
US,MI,48653
US,MI,48654
US,MI,48655
US,MI,48656
US,MI,48657
US,MI,48658
US,MI,48659
US,MI,48661
US,MI,48662
US,MI,48663
US,MI,48667
US,MI,48670
US,MI,48674
US,MI,48686
US,MI,48701
US,MI,48703
US,MI,48705
US,MI,48706
US,MI,48707
US,MI,48708
US,MI,48710
US,MI,48720
US,MI,48721
US,MI,48722
US,MI,48723
US,MI,48724
US,MI,48725
US,MI,48726
US,MI,48727
US,MI,48728
US,MI,48729
US,MI,48730
US,MI,48731
US,MI,48732
US,MI,48733
US,MI,48734
US,MI,48735
US,MI,48737
US,MI,48738
US,MI,48739
US,MI,48740
US,MI,48741
US,MI,48742
US,MI,48743
US,MI,48744
US,MI,48745
US,MI,48746
US,MI,48747
US,MI,48748
US,MI,48749
US,MI,48750
US,MI,48754
US,MI,48755
US,MI,48756
US,MI,48757
US,MI,48758
US,MI,48759
US,MI,48760
US,MI,48761
US,MI,48762
US,MI,48763
US,MI,48764
US,MI,48765
US,MI,48766
US,MI,48767
US,MI,48768
US,MI,48770
US,MI,48787
US,MI,48801
US,MI,48804
US,MI,48805
US,MI,48806
US,MI,48807
US,MI,48808
US,MI,48809
US,MI,48811
US,MI,48812
US,MI,48813
US,MI,48815
US,MI,48816
US,MI,48817
US,MI,48818
US,MI,48819
US,MI,48820
US,MI,48821
US,MI,48822
US,MI,48823
US,MI,48824
US,MI,48825
US,MI,48826
US,MI,48827
US,MI,48829
US,MI,48830
US,MI,48831
US,MI,48832
US,MI,48833
US,MI,48834
US,MI,48835
US,MI,48836
US,MI,48837
US,MI,48838
US,MI,48840
US,MI,48841
US,MI,48842
US,MI,48843
US,MI,48844
US,MI,48845
US,MI,48846
US,MI,48847
US,MI,48848
US,MI,48849
US,MI,48850
US,IN,46227
US,IN,46228
US,IN,46229
US,IN,46230
US,IN,46231
US,IN,46234
US,IN,46235
US,IN,46236
US,IN,46237
US,IN,46239
US,IN,46240
US,IN,46241
US,IN,46242
US,IN,46244
US,IN,46247
US,IN,46249
US,IN,46250
US,IN,46251
US,IN,46253
US,IN,46254
US,IN,46255
US,IN,46256
US,IN,46259
US,IN,46260
US,IN,46262
US,IN,46268
US,IN,46277
US,IN,46278
US,IN,46280
US,IN,46282
US,IN,46283
US,IN,46285
US,IN,46288
US,IN,46290
US,IN,46298
US,IN,46301
US,IN,46302
US,IN,46303
US,IN,46304
US,IN,46307
US,IN,46308
US,IN,46310
US,IN,46311
US,IN,46312
US,IN,46319
US,IN,46320
US,IN,46321
US,IN,46322
US,IN,46323
US,IN,46324
US,IN,46325
US,IN,46327
US,IN,46340
US,IN,46341
US,IN,46342
US,IN,46345
US,IN,46346
US,IN,46347
US,IN,46348
US,IN,46349
US,IN,46350
US,IN,46352
US,IN,46355
US,IN,46356
US,IN,46360
US,IN,46361
US,IN,46365
US,IN,46366
US,IN,46368
US,IN,46371
US,IN,46372
US,IN,46373
US,IN,46374
US,IN,46375
US,IN,46376
US,IN,46377
US,IN,46379
US,IN,46380
US,IN,46381
US,IN,46382
US,IN,46383
US,IN,46384
US,IN,46385
US,IN,46390
US,IN,46391
US,IN,46392
US,IN,46393
US,IN,46394
US,IN,46401
US,IN,46402
US,IN,46403
US,IN,46404
US,IN,46405
US,IN,46406
US,IN,46407
US,IN,46408
US,IN,46409
US,IN,46410
US,IN,46411
US,IN,46501
US,IN,46502
US,IN,46504
US,IN,46506
US,IN,46507
US,IN,46508
US,IN,46510
US,IN,46511
US,IN,46513
US,IN,46514
US,IN,46515
US,IN,46516
US,IN,46517
US,IN,46524
US,IN,46526
US,IN,46527
US,IN,46528
US,IN,46530
US,IN,46531
US,IN,46532
US,IN,46534
US,IN,46536
US,IN,46537
US,IN,46538
US,IN,46539
US,IN,46540
US,IN,46542
US,IN,46543
US,IN,46544
US,IN,46545
US,IN,46546
US,IN,46550
US,IN,46552
US,IN,46553
US,IN,46554
US,IN,46555
US,IN,46556
US,IN,46561
US,IN,46562
US,IN,46563
US,IN,46565
US,IN,46567
US,IN,46570
US,IN,46571
US,IN,46572
US,IN,46573
US,IN,46574
US,IN,46580
US,IN,46581
US,IN,46582
US,IN,46590
US,IN,46595
US,IN,46601
US,IN,46613
US,IN,46614
US,IN,46615
US,IN,46616
US,IN,46617
US,IN,46619
US,IN,46624
US,IN,46626
US,IN,46628
US,IN,46634
US,IN,46635
US,IN,46637
US,IN,46660
US,IN,46680
US,IN,46699
US,IN,46701
US,IN,46702
US,IN,46703
US,IN,46704
US,IN,46705
US,IN,46706
US,IN,46710
US,IN,46711
US,IN,46713
US,IN,46714
US,IN,46721
US,IN,46723
US,IN,46725
US,IN,46730
US,IN,46731
US,IN,46732
US,IN,46733
US,IN,46737
US,IN,46738
US,IN,46740
US,IN,46741
US,IN,46742
US,IN,46743
US,IN,46745
US,IN,46746
US,IN,46747
US,IN,46748
US,IN,46750
US,IN,46755
US,IN,46759
US,IN,46760
US,IN,46761
US,IN,46763
US,IN,46764
US,IN,46765
US,IN,46766
US,IN,46767
US,IN,46769
US,IN,46770
US,IN,46771
US,IN,46772
US,IN,46773
US,IN,46774
US,IN,46776
US,IN,46777
US,IN,46778
US,IN,46779
US,IN,46780
US,IN,46781
US,IN,46782
US,IN,46783
US,IN,46784
US,IN,46785
US,IN,46786
US,IN,46787
US,IN,46788
US,IN,46789
US,IN,46791
US,IN,46792
US,IN,46793
US,IN,46794
US,IN,46795
US,IN,46796
US,IN,46797
US,IN,46798
US,IN,46799
US,IN,46801
US,IN,46802
US,IN,46803
US,IN,46804
US,IN,46805
US,IN,46806
US,IN,46807
US,IN,46808
US,IN,46809
US,IN,46814
US,IN,46815
US,IN,46816
US,IN,46818
US,IN,46819
US,IN,46825
US,IN,46835
US,IN,46845
US,IN,46850
US,IN,46851
US,IN,46852
US,IN,46853
US,IN,46854
US,IN,46855
US,IN,46856
US,IN,46857
US,IN,46858
US,IN,46859
US,IN,46860
US,IN,46861
US,IN,46862
US,IN,46863
US,IN,46864
US,IN,46865
US,IN,46866
US,IN,46867
US,IN,46868
US,IN,46869
US,IN,46885
US,IN,46895
US,IN,46896
US,IN,46897
US,IN,46898
US,IN,46899
US,IN,46901
US,IN,46902
US,IN,46903
US,IN,46904
US,IN,46910
US,IN,46911
US,IN,46912
US,IN,46913
US,IN,46914
US,IN,46915
US,IN,46916
US,IN,46917
US,IN,46919
US,IN,46920
US,IN,46921
US,IN,46922
US,IN,46923
US,IN,46926
US,IN,46928
US,IN,46929
US,IN,46930
US,IN,46931
US,IN,46932
US,IN,46933
US,IN,46935
US,IN,46936
US,IN,46937
US,IN,46938
US,IN,46939
US,IN,46940
US,IN,46941
US,IN,46942
US,IN,46943
US,IN,46945
US,IN,46946
US,IN,46947
US,IN,46950
US,IN,46951
US,IN,46952
US,IN,46953
US,IN,46957
US,IN,46958
US,IN,46959
US,IN,46960
US,IN,46961
US,IN,46962
US,IN,46965
US,IN,46967
US,IN,46968
US,IN,46970
US,IN,46971
US,IN,46974
US,IN,46975
US,IN,46977
US,IN,46978
US,IN,46979
US,IN,46980
US,IN,46982
US,IN,46984
US,IN,46985
US,IN,46986
US,IN,46987
US,IN,46988
US,IN,46989
US,IN,46990
US,IN,46991
US,IN,46992
US,IN,46994
US,IN,46995
US,IN,46996
US,IN,46998
US,IN,47001
US,IN,47003
US,IN,47006
US,IN,47010
US,IN,47011
US,IN,47012
US,IN,47016
US,IN,47017
US,IN,47018
US,IN,47019
US,IN,47020
US,IN,47021
US,IN,47022
US,IN,47023
US,IN,47024
US,IN,47025
US,IN,47030
US,IN,47031
US,IN,47032
US,IN,47033
US,IN,47034
US,IN,47035
US,IN,47036
US,IN,47037
US,IN,47038
US,IN,47039
US,IN,47040
US,IN,47041
US,IN,47042
US,IN,47043
US,IN,47060
US,IN,47102
US,IN,47104
US,IN,47106
US,IN,47107
US,IN,47108
US,IN,47110
US,IN,47111
US,IN,47112
US,IN,47114
US,IN,47115
US,IN,47116
US,IN,47117
US,IN,47118
US,IN,47119
US,IN,47120
US,IN,47122
US,IN,47123
US,IN,47124
US,IN,47125
US,IN,47126
US,IN,47129
US,IN,47130
US,IN,47131
US,IN,47132
US,IN,47133
US,IN,47134
US,IN,47135
US,IN,47136
US,IN,47137
US,IN,47138
US,IN,47140
US,IN,47141
US,IN,47142
US,IN,47143
US,IN,47144
US,IN,47145
US,IN,47146
US,IN,47147
US,IN,47150
US,IN,47151
US,IN,47160
US,IN,47161
US,IN,47162
US,IN,47163
US,IN,47164
US,IN,47165
US,IN,47166
US,IN,47167
US,IN,47170
US,IN,47172
US,IN,47174
US,IN,47175
US,IN,47177
US,IN,47190
US,IN,47199
US,IN,47201
US,IN,47202
US,IN,47203
US,IN,47220
US,IN,47223
US,IN,47224
US,IN,47225
US,IN,47226
US,IN,47227
US,IN,47228
US,IN,47229
US,IN,47230
US,IN,47231
US,IN,47232
US,IN,47234
US,IN,47235
US,IN,47236
US,IN,47240
US,IN,47243
US,IN,47244
US,IN,47245
US,IN,47246
US,IN,47247
US,IN,47249
US,IN,47250
US,IN,47260
US,IN,47263
US,IN,47264
US,IN,47265
US,IN,47270
US,IN,47272
US,IN,47273
US,IN,47274
US,IN,47280
US,IN,47281
US,IN,47282
US,IN,47283
US,IN,47302
US,IN,47303
US,IN,47304
US,IN,47305
US,IN,47306
US,IN,47307
US,IN,47308
US,IN,47320
US,IN,47322
US,IN,47324
US,IN,47325
US,IN,47326
US,IN,47327
US,IN,47330
US,IN,47331
US,IN,47334
US,IN,47335
US,IN,47336
US,IN,47337
US,IN,47338
US,IN,47339
US,IN,47340
US,IN,47341
US,IN,47342
US,IN,47344
US,IN,47345
US,IN,47346
US,IN,47348
US,IN,47351
US,IN,47352
US,IN,47353
US,IN,47354
US,IN,47355
US,IN,47356
US,IN,47357
US,IN,47358
US,IN,47359
US,IN,47360
US,IN,47361
US,IN,47362
US,IN,47366
US,IN,47367
US,IN,47368
US,IN,47369
US,IN,47370
US,IN,47371
US,IN,47373
US,IN,47374
US,IN,47375
US,IN,47380
US,IN,47381
US,IN,47382
US,IN,47383
US,IN,47384
US,IN,47385
US,IN,47386
US,IN,47387
US,IN,47388
US,IN,47390
US,IN,47392
US,IN,47393
US,IN,47394
US,IN,47396
US,IN,47401
US,IN,47402
US,IN,47403
US,IN,47404
US,IN,47405
US,IN,47406
US,IN,47407
US,IN,47408
US,IN,47420
US,IN,47421
US,IN,47424
US,IN,47426
US,IN,47427
US,IN,47429
US,IN,47431
US,IN,47432
US,IN,47433
US,IN,47434
US,IN,47435
US,IN,47436
US,IN,47437
US,IN,47438
US,IN,47441
US,IN,47443
US,IN,47445
US,IN,47446
US,IN,47448
US,IN,47449
US,IN,47451
US,IN,47452
US,IN,47453
US,IN,47454
US,IN,47455
US,IN,47456
US,IN,47457
US,IN,47458
US,IN,47459
US,IN,47460
US,IN,47462
US,IN,47463
US,IN,47464
US,IN,47465
US,IN,47467
US,IN,47468
US,IN,47469
US,IN,47470
US,IN,47471
US,IN,47501
US,IN,47512
US,IN,47513
US,IN,47514
US,IN,47515
US,IN,47516
US,IN,47519
US,IN,47520
US,IN,47521
US,IN,47522
US,IN,47523
US,IN,47524
US,IN,47525
US,IN,47527
US,IN,47528
US,IN,47529
US,IN,47531
US,IN,47532
US,IN,47535
US,IN,47536
US,IN,47537
US,IN,47541
US,IN,47542
US,IN,47545
US,IN,47546
US,IN,47547
US,IN,47549
US,IN,47550
US,IN,47551
US,IN,47552
US,IN,47553
US,IN,47556
US,IN,47557
US,IN,47558
US,IN,47561
US,IN,47562
US,IN,47564
US,IN,47567
US,IN,47568
US,IN,47573
US,IN,47574
US,IN,47575
US,IN,47576
US,IN,47577
US,IN,47578
US,IN,47579
US,IN,47580
US,IN,47581
US,IN,47584
US,IN,47585
US,IN,47586
US,IN,47588
US,IN,47590
US,IN,47591
US,IN,47596
US,IN,47597
US,IN,47598
US,IN,47601
US,IN,47610
US,IN,47611
US,IN,47612
US,IN,47613
US,IN,47615
US,IN,47616
US,IN,47617
US,IN,47618
US,IN,47619
US,IN,47620
US,IN,47629
US,IN,47630
US,IN,47631
US,IN,47633
US,IN,47634
US,IN,47635
US,IN,47637
US,IN,47638
US,IN,47639
US,IN,47640
US,IN,47647
US,IN,47648
US,IN,47649
US,IN,47654
US,IN,47660
US,IN,47665
US,IN,47666
US,IN,47670
US,IN,47683
US,IN,47701
US,IN,47702
US,IN,47703
US,IN,47704
US,IN,47705
US,IN,47706
US,IN,47708
US,IN,47710
US,IN,47711
US,IN,47712
US,IN,47713
US,IN,47714
US,IN,47715
US,IN,47716
US,IN,47719
US,IN,47720
US,IN,47721
US,IN,47722
US,IN,47724
US,IN,47725
US,IN,47728
US,IN,47730
US,IN,47731
US,IN,47732
US,IN,47733
US,IN,47734
US,IN,47735
US,IN,47736
US,IN,47737
US,IN,47740
US,IN,47747
US,IN,47750
US,IN,47801
US,IN,47802
US,IN,47803
US,IN,47804
US,IN,47805
US,IN,47807
US,IN,47808
US,IN,47809
US,IN,47831
US,IN,47832
US,IN,47833
US,IN,47834
US,IN,47836
US,IN,47837
US,IN,47838
US,IN,47840
US,IN,47841
US,IN,47842
US,IN,47845
US,IN,47846
US,IN,47847
US,IN,47848
US,IN,47849
US,IN,47850
US,IN,47851
US,IN,47852
US,IN,47853
US,IN,47854
US,IN,47855
US,IN,47857
US,IN,47858
US,IN,47859
US,IN,47860
US,IN,47861
US,IN,47862
US,IN,47863
US,IN,47865
US,IN,47866
US,IN,47868
US,IN,47869
US,IN,47870
US,IN,47871
US,IN,47872
US,IN,47874
US,IN,47875
US,IN,47876
US,IN,47878
US,IN,47879
US,IN,47880
US,IN,47881
US,IN,47882
US,IN,47884
US,IN,47885
US,IN,47901
US,IN,47902
US,IN,47903
US,IN,47904
US,IN,47905
US,IN,47906
US,IN,47907
US,IN,47909
US,IN,47916
US,IN,47917
US,IN,47918
US,IN,47920
US,IN,47921
US,IN,47922
US,IN,47923
US,IN,47924
US,IN,47925
US,IN,47926
US,IN,47928
US,IN,47929
US,IN,47930
US,IN,47932
US,IN,47933
US,IN,47940
US,IN,47941
US,IN,47942
US,IN,47943
US,IN,47944
US,IN,47946
US,IN,47948
US,IN,47949
US,IN,47950
US,IN,47951
US,IN,47952
US,IN,47954
US,IN,47955
US,IN,47957
US,IN,47958
US,IN,47959
US,IN,47960
US,IN,47962
US,IN,47963
US,IN,47964
US,IN,47965
US,IN,47966
US,IN,47967
US,IN,47968
US,IN,47969
US,IN,47970
US,IN,47971
US,IN,47974
US,IN,47975
US,IN,47977
US,IN,47978
US,IN,47980
US,IN,47981
US,IN,47982
US,IN,47983
US,IN,47986
US,IN,47987
US,IN,47988
US,IN,47989
US,IN,47990
US,IN,47991
US,IN,47992
US,IN,47993
US,IN,47994
US,IN,47995
US,IN,47996
US,IN,47997
US,MI,48001
US,MI,48002
US,MI,48003
US,MI,48004
US,MI,48005
US,MI,48006
US,MI,48007
US,MI,48009
US,MI,48012
US,MI,48014
US,MI,48015
US,MI,48017
US,MI,48021
US,MI,48022
US,MI,48023
US,MI,48025
US,MI,48026
US,MI,48027
US,MI,48028
US,MI,48030
US,MI,48032
US,MI,48033
US,MI,48034
US,MI,48035
US,MI,48036
US,MI,48037
US,MI,48038
US,MI,48039
US,MI,48040
US,MI,48041
US,MI,48042
US,MI,48043
US,MI,48044
US,MI,48045
US,MI,48046
US,MI,48047
US,MI,48048
US,MI,48049
US,MI,48050
US,MI,48051
US,MI,48054
US,MI,48059
US,MI,48060
US,MI,48061
US,MI,48062
US,MI,48063
US,MI,48064
US,MI,48065
US,MI,48066
US,MI,48067
US,MI,48068
US,MI,48069
US,MI,48070
US,MI,48071
US,MI,48072
US,MI,48073
US,MI,48074
US,MI,48075
US,MI,48076
US,MI,48079
US,MI,48080
US,MI,48081
US,MI,48082
US,MI,48083
US,MI,48084
US,MI,48085
US,MI,48086
US,MI,48088
US,MI,48089
US,MI,48090
US,MI,48091
US,MI,48092
US,MI,48093
US,MI,48094
US,MI,48095
US,MI,48096
US,MI,48097
US,MI,48098
US,MI,48099
US,MI,48101
US,MI,48103
US,MI,48104
US,MI,48105
US,MI,48106
US,MI,48107
US,MI,48108
US,MI,48109
US,MI,48110
US,MI,48111
US,MI,48112
US,MI,48113
US,MI,48114
US,MI,48115
US,MI,48116
US,MI,48117
US,MI,48118
US,MI,48120
US,MI,48121
US,MI,48122
US,MI,48123
US,MI,48124
US,MI,48125
US,MI,48126
US,MI,48127
US,MI,48128
US,MI,48130
US,MI,48131
US,MI,48133
US,MI,48134
US,MI,48135
US,MI,48136
US,MI,48137
US,MI,48138
US,MI,48139
US,MI,48140
US,MI,48141
US,MI,48143
US,MI,48144
US,MI,48145
US,MI,48146
US,MI,48150
US,MI,48151
US,MI,48152
US,MI,48153
US,MI,48154
US,MI,48157
US,MI,48158
US,MI,48159
US,MI,48160
US,MI,48161
US,MI,48162
US,MI,48164
US,MI,48165
US,MI,48166
US,MI,48167
US,MI,48168
US,MI,48169
US,MI,48170
US,MI,48173
US,MI,48174
US,MI,48175
US,MI,48176
US,MI,48177
US,MI,48178
US,MI,48179
US,MI,48180
US,MI,48182
US,MI,48183
US,MI,48184
US,MI,48185
US,MI,48186
US,MI,48187
US,MI,48188
US,MI,48189
US,MI,48190
US,MI,48191
US,MI,48192
US,MI,48193
US,MI,48195
US,MI,48197
US,MI,48198
US,MI,48201
US,MI,48202
US,MI,48203
US,MI,48204
US,MI,48205
US,MI,48206
US,MI,48207
US,MI,48208
US,MI,48209
US,MI,48210
US,MI,48211
US,MI,48212
US,MI,48213
US,MI,48214
US,MI,48215
US,MI,48216
US,MI,48217
US,MI,48218
US,MI,48219
US,MI,48220
US,MI,48221
US,MI,48222
US,MI,48223
US,MI,48224
US,MI,48225
US,MI,48226
US,MI,48227
US,MI,48228
US,MI,48229
US,MI,48230
US,MI,48231
US,MI,48232
US,MI,48233
US,MI,48234
US,MI,48235
US,MI,48236
US,MI,48237
US,MI,48238
US,MI,48239
US,MI,48240
US,MI,48242
US,MI,48243
US,MI,48244
US,MI,48255
US,MI,48260
US,MI,48264
US,MI,48265
US,MI,48266
US,MI,48267
US,MI,48268
US,MI,48269
US,MI,48272
US,MI,48275
US,MI,48277
US,MI,48278
US,MI,48279
US,MI,48288
US,MI,48301
US,MI,48302
US,MI,48303
US,MI,48304
US,MI,48306
US,MI,48307
US,MI,48308
US,MI,48309
US,MI,48310
US,MI,48311
US,MI,48312
US,MI,48313
US,MI,48314
US,MI,48315
US,MI,48316
US,MI,48317
US,MI,48318
US,MI,48320
US,MI,48321
US,MI,48322
US,MI,48323
US,MI,48324
US,MI,48325
US,MI,48326
US,MI,48327
US,MI,48328
US,MI,48329
US,MI,48330
US,MI,48331
US,MI,48332
US,MI,48333
US,MI,48334
US,MI,48335
US,MI,48336
US,MI,48340
US,MI,48341
US,MI,48851
US,MI,48852
US,MI,48853
US,MI,48854
US,MI,48855
US,MI,48856
US,MI,48857
US,MI,48858
US,MI,48859
US,MI,48860
US,MI,48861
US,MI,48862
US,MI,48864
US,MI,48865
US,MI,48866
US,MI,48867
US,MI,48870
US,MI,48871
US,MI,48872
US,MI,48873
US,MI,48874
US,MI,48875
US,MI,48876
US,MI,48877
US,MI,48878
US,MI,48879
US,MI,48880
US,MI,48881
US,MI,48882
US,MI,48883
US,MI,48884
US,MI,48885
US,MI,48886
US,MI,48887
US,MI,48888
US,MI,48889
US,MI,48890
US,MI,48891
US,MI,48892
US,MI,48893
US,MI,48894
US,MI,48895
US,MI,48896
US,MI,48897
US,MI,48901
US,MI,48906
US,MI,48908
US,MI,48909
US,MI,48910
US,MI,48911
US,MI,48912
US,MI,48913
US,MI,48915
US,MI,48916
US,MI,48917
US,MI,48918
US,MI,48919
US,MI,48922
US,MI,48924
US,MI,48929
US,MI,48930
US,MI,48933
US,MI,48937
US,MI,48951
US,MI,48956
US,MI,48980
US,MI,49001
US,MI,49002
US,MI,49003
US,MI,49004
US,MI,49005
US,MI,49006
US,MI,49007
US,MI,49008
US,MI,49009
US,MI,49010
US,MI,49011
US,MI,49012
US,MI,49013
US,MI,49014
US,MI,49015
US,MI,49016
US,MI,49017
US,MI,49018
US,MI,49019
US,MI,49020
US,MI,49021
US,MI,49022
US,MI,49023
US,MI,49024
US,MI,49026
US,MI,49027
US,MI,49028
US,MI,49029
US,MI,49030
US,MI,49031
US,MI,49032
US,MI,49033
US,MI,49034
US,MI,49035
US,MI,49036
US,MI,49037
US,MI,49038
US,MI,49039
US,MI,49040
US,MI,49041
US,MI,49042
US,MI,49043
US,MI,49045
US,MI,49046
US,MI,49047
US,MI,49048
US,MI,49050
US,MI,49051
US,MI,49052
US,MI,49053
US,MI,49055
US,MI,49056
US,MI,49057
US,MI,49058
US,MI,49060
US,MI,49061
US,MI,49062
US,MI,49063
US,MI,49064
US,MI,49065
US,MI,49066
US,MI,49067
US,MI,49068
US,MI,49070
US,MI,49071
US,MI,49072
US,MI,49073
US,MI,49074
US,MI,49075
US,MI,49076
US,MI,49077
US,MI,49078
US,MI,49079
US,MI,49080
US,MI,49081
US,MI,49082
US,MI,49083
US,MI,49084
US,MI,49085
US,MI,49087
US,MI,49088
US,MI,49089
US,MI,49090
US,MI,49091
US,MI,49092
US,MI,49093
US,MI,49094
US,MI,49095
US,MI,49096
US,MI,49097
US,MI,49098
US,MI,49099
US,MI,49101
US,MI,49102
US,MI,49103
US,MI,49104
US,MI,49106
US,MI,49107
US,MI,49111
US,MI,49112
US,MI,49113
US,MI,49115
US,MI,49116
US,MI,49117
US,MI,49119
US,MI,49120
US,MI,49125
US,MI,49126
US,MI,49127
US,MI,49128
US,MI,49129
US,MI,49130
US,MI,49201
US,MI,49202
US,MI,49203
US,MI,49204
US,MI,49220
US,MI,49221
US,MI,49224
US,MI,49227
US,MI,49228
US,MI,49229
US,MI,49230
US,MI,49232
US,MI,49233
US,MI,49234
US,MI,49235
US,MI,49236
US,MI,49237
US,MI,49238
US,MI,49239
US,MI,49240
US,MI,49241
US,MI,49242
US,MI,49245
US,MI,49246
US,MI,49247
US,MI,49248
US,MI,49249
US,MI,49250
US,MI,49251
US,MI,49252
US,MI,49253
US,MI,49254
US,MI,49255
US,MI,49256
US,MI,49257
US,MI,49258
US,MI,49259
US,MI,49261
US,MI,49262
US,MI,49263
US,MI,49264
US,MI,49265
US,MI,49266
US,MI,49267
US,MI,49268
US,MI,49269
US,MI,49270
US,MI,49271
US,MI,49272
US,MI,49274
US,MI,49276
US,MI,49277
US,MI,49279
US,MI,49281
US,MI,49282
US,MI,49283
US,MI,49284
US,MI,49285
US,MI,49286
US,MI,49287
US,MI,49288
US,MI,49289
US,MI,49301
US,MI,49302
US,MI,49303
US,MI,49304
US,MI,49305
US,MI,49306
US,MI,49307
US,MI,49309
US,MI,49310
US,MI,49311
US,MI,49312
US,MI,49314
US,MI,49315
US,MI,49316
US,MI,49317
US,MI,49318
US,MI,49319
US,MI,49320
US,MI,49321
US,MI,49322
US,MI,49323
US,MI,49325
US,MI,49326
US,MI,49327
US,MI,49328
US,MI,49329
US,MI,49330
US,MI,49331
US,MI,49332
US,IA,52640
US,IA,52641
US,IA,52642
US,IA,52644
US,IA,52645
US,IA,52646
US,IA,52647
US,IA,52648
US,IA,52649
US,IA,52650
US,IA,52651
US,IA,52652
US,IA,52653
US,IA,52654
US,IA,52655
US,IA,52656
US,IA,52657
US,IA,52658
US,IA,52659
US,IA,52660
US,IA,52701
US,IA,52720
US,IA,52721
US,IA,52722
US,IA,52726
US,IA,52727
US,IA,52728
US,IA,52729
US,IA,52730
US,IA,52731
US,IA,52732
US,IA,52733
US,IA,52734
US,IA,52736
US,IA,52737
US,IA,52738
US,IA,52739
US,IA,52742
US,IA,52745
US,IA,52746
US,IA,52747
US,IA,52748
US,IA,52749
US,IA,52750
US,IA,52751
US,IA,52752
US,IA,52753
US,IA,52754
US,IA,52755
US,IA,52756
US,IA,52757
US,IA,52758
US,IA,52759
US,IA,52760
US,IA,52761
US,IA,52765
US,IA,52766
US,IA,52767
US,IA,52768
US,IA,52769
US,IA,52771
US,IA,52772
US,IA,52773
US,IA,52774
US,IA,52776
US,IA,52777
US,IA,52778
US,IA,52801
US,IA,52802
US,IA,52803
US,IA,52804
US,IA,52805
US,IA,52806
US,IA,52807
US,IA,52808
US,IA,52809
US,WI,53001
US,WI,53002
US,WI,53003
US,WI,53004
US,WI,53005
US,WI,53006
US,WI,53007
US,WI,53008
US,WI,53010
US,WI,53011
US,WI,53012
US,WI,53013
US,WI,53014
US,WI,53015
US,WI,53016
US,WI,53017
US,WI,53018
US,WI,53019
US,WI,53020
US,WI,53021
US,WI,53022
US,WI,53023
US,WI,53024
US,WI,53026
US,WI,53027
US,WI,53029
US,WI,53031
US,WI,53032
US,WI,53033
US,WI,53034
US,WI,53035
US,WI,53036
US,WI,53037
US,WI,53038
US,WI,53039
US,WI,53040
US,WI,53042
US,WI,53044
US,WI,53045
US,WI,53046
US,WI,53047
US,WI,53048
US,WI,53049
US,WI,53050
US,WI,53051
US,WI,53052
US,WI,53056
US,WI,53057
US,WI,53058
US,WI,53059
US,WI,53060
US,WI,53061
US,WI,53062
US,WI,53063
US,WI,53064
US,WI,53065
US,WI,53066
US,WI,53069
US,WI,53070
US,WI,53072
US,WI,53073
US,WI,53074
US,WI,53075
US,WI,53076
US,WI,53078
US,WI,53079
US,WI,53080
US,WI,53081
US,WI,53082
US,WI,53083
US,WI,53085
US,WI,53086
US,WI,53088
US,WI,53089
US,WI,53090
US,WI,53091
US,WI,53092
US,WI,53093
US,WI,53094
US,WI,53095
US,WI,53097
US,WI,53098
US,WI,53099
US,WI,53101
US,WI,53102
US,WI,53103
US,WI,53104
US,WI,53105
US,WI,53108
US,WI,53109
US,WI,53110
US,WI,53114
US,WI,53115
US,WI,53118
US,WI,53119
US,WI,53120
US,WI,53121
US,WI,53122
US,WI,53125
US,WI,53126
US,WI,53127
US,WI,53128
US,WI,53129
US,WI,53130
US,WI,53132
US,WI,53137
US,WI,53138
US,WI,53139
US,WI,53140
US,WI,53141
US,WI,53142
US,WI,53143
US,WI,53144
US,WI,53146
US,WI,53147
US,WI,53148
US,WI,53149
US,WI,53150
US,WI,53151
US,WI,53152
US,WI,53153
US,WI,53154
US,WI,53156
US,WI,53157
US,WI,53158
US,WI,53159
US,WI,53167
US,WI,53168
US,WI,53170
US,WI,53171
US,WI,53172
US,WI,53176
US,WI,53177
US,WI,53178
US,WI,53179
US,WI,53181
US,WI,53182
US,WI,53183
US,WI,53184
US,WI,53185
US,WI,53186
US,WI,53187
US,WI,53188
US,WI,53189
US,WI,53190
US,WI,53191
US,WI,53192
US,WI,53194
US,WI,53195
US,WI,53201
US,WI,53202
US,WI,53203
US,WI,53204
US,WI,53205
US,WI,53206
US,WI,53207
US,WI,53208
US,WI,53209
US,WI,53210
US,WI,53211
US,WI,53212
US,WI,53213
US,WI,53214
US,WI,53215
US,WI,53216
US,WI,53217
US,WI,53218
US,WI,53219
US,WI,53220
US,WI,53221
US,WI,53222
US,WI,53223
US,WI,53224
US,WI,53225
US,WI,53226
US,WI,53227
US,WI,53228
US,WI,53233
US,WI,53234
US,WI,53235
US,WI,53237
US,WI,53259
US,WI,53263
US,WI,53274
US,WI,53278
US,WI,53288
US,WI,53290
US,WI,53293
US,WI,53295
US,WI,53401
US,WI,53402
US,WI,53403
US,WI,53404
US,WI,53405
US,WI,53406
US,WI,53407
US,WI,53408
US,WI,53501
US,WI,53502
US,WI,53503
US,WI,53504
US,WI,53505
US,WI,53506
US,WI,53507
US,WI,53508
US,WI,53510
US,WI,53511
US,WI,53512
US,WI,53515
US,WI,53516
US,WI,53517
US,WI,53518
US,WI,53520
US,WI,53521
US,WI,53522
US,WI,53523
US,WI,53525
US,WI,53526
US,WI,53527
US,WI,53528
US,WI,53529
US,WI,53530
US,WI,53531
US,WI,53532
US,WI,53533
US,WI,53534
US,WI,53535
US,WI,53536
US,WI,53537
US,WI,53538
US,WI,53540
US,WI,53541
US,WI,53542
US,WI,53543
US,WI,53544
US,WI,53545
US,WI,53546
US,WI,53547
US,WI,53548
US,WI,53549
US,WI,53550
US,WI,53551
US,WI,53553
US,WI,53554
US,WI,53555
US,WI,53556
US,WI,53557
US,WI,53558
US,WI,53559
US,WI,53560
US,WI,53561
US,WI,53562
US,WI,53563
US,WI,53565
US,WI,53566
US,WI,53569
US,WI,53570
US,WI,53571
US,WI,53572
US,WI,53573
US,WI,53574
US,WI,53575
US,WI,53576
US,WI,53577
US,WI,53578
US,WI,53579
US,WI,53580
US,WI,53581
US,WI,53582
US,WI,53583
US,WI,53584
US,WI,53585
US,WI,53586
US,WI,53587
US,WI,53588
US,WI,53589
US,WI,53590
US,WI,53593
US,WI,53594
US,WI,53595
US,WI,53596
US,WI,53597
US,WI,53598
US,WI,53599
US,WI,53701
US,WI,53702
US,WI,53703
US,WI,53704
US,WI,53705
US,WI,53706
US,WI,53707
US,WI,53708
US,WI,53711
US,WI,53713
US,WI,53714
US,WI,53715
US,WI,53716
US,WI,53717
US,WI,53718
US,WI,53719
US,WI,53725
US,WI,53726
US,WI,53744
US,WI,53774
US,WI,53777
US,WI,53782
US,WI,53783
US,WI,53784
US,WI,53785
US,WI,53786
US,WI,53788
US,WI,53790
US,WI,53791
US,WI,53792
US,WI,53793
US,WI,53794
US,WI,53801
US,WI,53802
US,WI,53803
US,WI,53804
US,WI,53805
US,WI,53806
US,WI,53807
US,WI,53808
US,WI,53809
US,WI,53810
US,WI,53811
US,WI,53812
US,WI,53813
US,WI,53816
US,WI,53817
US,WI,53818
US,WI,53820
US,WI,53821
US,WI,53824
US,WI,53825
US,WI,53826
US,WI,53827
US,WI,53901
US,WI,53910
US,WI,53911
US,WI,53913
US,WI,53916
US,WI,53919
US,WI,53920
US,WI,53922
US,WI,53923
US,WI,53924
US,WI,53925
US,WI,53926
US,WI,53928
US,WI,53929
US,WI,53930
US,WI,53931
US,WI,53932
US,WI,53933
US,WI,53934
US,WI,53935
US,WI,53936
US,WI,53937
US,WI,53939
US,WI,53940
US,WI,53941
US,WI,53942
US,WI,53943
US,WI,53944
US,WI,53946
US,WI,53947
US,WI,53948
US,WI,53949
US,WI,53950
US,WI,53951
US,WI,53952
US,WI,53953
US,WI,53954
US,WI,53955
US,WI,53956
US,WI,53957
US,WI,53958
US,WI,53959
US,WI,53960
US,WI,53961
US,WI,53962
US,WI,53963
US,WI,53964
US,WI,53965
US,WI,53968
US,WI,53969
US,WI,54001
US,WI,54002
US,WI,54003
US,WI,54004
US,WI,54005
US,WI,54006
US,WI,54007
US,WI,54009
US,WI,54011
US,WI,54013
US,WI,54014
US,WI,54015
US,WI,54016
US,WI,54017
US,WI,54020
US,WI,54021
US,WI,54022
US,WI,54023
US,WI,54024
US,WI,54025
US,WI,54026
US,WI,54027
US,WI,54028
US,WI,54082
US,WI,54101
US,WI,54102
US,WI,54103
US,WI,54104
US,WI,54106
US,WI,54107
US,WI,54110
US,WI,54111
US,WI,54112
US,WI,54113
US,WI,54114
US,WI,54115
US,WI,54119
US,WI,54120
US,WI,54121
US,WI,54123
US,WI,54124
US,WI,54125
US,WI,54126
US,WI,54127
US,WI,54128
US,WI,54129
US,WI,54130
US,WI,54131
US,WI,54135
US,WI,54136
US,WI,54137
US,WI,54138
US,WI,54139
US,WI,54140
US,WI,54141
US,WI,54143
US,WI,54149
US,WI,54150
US,WI,54151
US,WI,54152
US,WI,54153
US,WI,54154
US,WI,54155
US,WI,54156
US,WI,54157
US,WI,54159
US,WI,54160
US,WI,54161
US,WI,54162
US,WI,54165
US,WI,54166
US,WI,54169
US,WI,54170
US,WI,54171
US,WI,54173
US,WI,54174
US,WI,54175
US,WI,54177
US,WI,54180
US,WI,54201
US,WI,54202
US,WI,54204
US,WI,54205
US,WI,54207
US,WI,54208
US,WI,54209
US,WI,54210
US,WI,54211
US,WI,54212
US,WI,54213
US,WI,54214
US,WI,54215
US,WI,54216
US,WI,54217
US,WI,54220
US,WI,54221
US,WI,54226
US,WI,54227
US,WI,54228
US,WI,54229
US,WI,54230
US,WI,54232
US,WI,54234
US,WI,54235
US,WI,54240
US,WI,54241
US,WI,54245
US,WI,54246
US,WI,54247
US,WI,54301
US,WI,54302
US,WI,54303
US,WI,54304
US,WI,54305
US,WI,54306
US,WI,54307
US,WI,54308
US,WI,54311
US,WI,54313
US,WI,54324
US,WI,54344
US,WI,54401
US,WI,54402
US,WI,54403
US,WI,54404
US,WI,54405
US,WI,54406
US,WI,54407
US,WI,54408
US,WI,54409
US,WI,54410
US,WI,54411
US,WI,54412
US,WI,54413
US,WI,54414
US,WI,54415
US,WI,54416
US,WI,54417
US,WI,54418
US,WI,54420
US,WI,54421
US,WI,54422
US,WI,54423
US,WI,54424
US,WI,54425
US,WI,54426
US,WI,54427
US,WI,54428
US,WI,54429
US,WI,54430
US,WI,54433
US,WI,54435
US,WI,54436
US,WI,54437
US,WI,54440
US,WI,54441
US,WI,54442
US,WI,54443
US,WI,54446
US,WI,54447
US,WI,54448
US,WI,54449
US,WI,54450
US,WI,54451
US,WI,54452
US,WI,54454
US,WI,54455
US,WI,54456
US,WI,54457
US,WI,54458
US,WI,54459
US,WI,54460
US,WI,54462
US,WI,54463
US,WI,54464
US,WI,54465
US,WI,54466
US,WI,54467
US,WI,54469
US,WI,54470
US,WI,54471
US,WI,54473
US,WI,54474
US,WI,54475
US,WI,54476
US,WI,54479
US,WI,54480
US,WI,54481
US,WI,54482
US,WI,54484
US,WI,54485
US,WI,54486
US,WI,54487
US,WI,54488
US,WI,54489
US,WI,54490
US,WI,54491
US,WI,54492
US,WI,54493
US,WI,54494
US,WI,54495
US,WI,54498
US,WI,54499
US,WI,54501
US,WI,54511
US,WI,54512
US,WI,54513
US,WI,54514
US,WI,54515
US,WI,54517
US,WI,54519
US,WI,54520
US,WI,54521
US,WI,54524
US,WI,54525
US,WI,54526
US,WI,54527
US,WI,54529
US,WI,54530
US,WI,54531
US,WI,54532
US,WI,54534
US,WI,54536
US,WI,54537
US,WI,54538
US,WI,54539
US,WI,54540
US,WI,54541
US,WI,54542
US,WI,54543
US,WI,54545
US,WI,54546
US,WI,54547
US,WI,54548
US,WI,54550
US,WI,54552
US,WI,54554
US,WI,54555
US,WI,54556
US,WI,54557
US,WI,54558
US,WI,54559
US,WI,54560
US,WI,54561
US,WI,54562
US,WI,54563
US,WI,54564
US,WI,54565
US,WI,54566
US,WI,54568
US,WI,54601
US,WI,54602
US,WI,54603
US,WI,54610
US,WI,54611
US,WI,54612
US,WI,54613
US,WI,54614
US,WI,54615
US,WI,54616
US,WI,54618
US,WI,54619
US,WI,54620
US,WI,54621
US,WI,54622
US,WI,54623
US,WI,54624
US,WI,54625
US,WI,54626
US,WI,54627
US,WI,54628
US,WI,54629
US,WI,54630
US,WI,54631
US,WI,54632
US,WI,54634
US,WI,54635
US,WI,54636
US,WI,54637
US,WI,54638
US,WI,54639
US,WI,54641
US,WI,54642
US,WI,54643
US,WI,54644
US,WI,54645
US,WI,54646
US,WI,54648
US,WI,54649
US,WI,54650
US,WI,54651
US,WI,54652
US,WI,54653
US,WI,54654
US,WI,54655
US,WI,54656
US,WI,54657
US,WI,54658
US,WI,54659
US,WI,54660
US,WI,54661
US,WI,54662
US,WI,54664
US,WI,54665
US,WI,54666
US,WI,54667
US,WI,54669
US,WI,54670
US,WI,54701
US,WI,54702
US,WI,54703
US,WI,54720
US,WI,54721
US,WI,54722
US,WI,54723
US,WI,54724
US,WI,54725
US,WI,54726
US,WI,54727
US,WI,54728
US,WI,54729
US,WI,54730
US,WI,54731
US,WI,54732
US,WI,54733
US,WI,54734
US,WI,54735
US,WI,54736
US,WI,54737
US,WI,54738
US,WI,54739
US,WI,54740
US,WI,54741
US,WI,54742
US,WI,54743
US,WI,54745
US,WI,54746
US,WI,54747
US,WI,54748
US,WI,54749
US,WI,54750
US,WI,54751
US,WI,54754
US,WI,54755
US,WI,54756
US,WI,54757
US,WI,54758
US,WI,54759
US,WI,54760
US,WI,54761
US,WI,54762
US,WI,54763
US,WI,54764
US,WI,54765
US,WI,54766
US,WI,54767
US,WI,54768
US,WI,54769
US,WI,54770
US,WI,54771
US,WI,54772
US,WI,54773
US,WI,54774
US,WI,54801
US,WI,54805
US,WI,54806
US,WI,54810
US,WI,54812
US,WI,54813
US,WI,54814
US,WI,54816
US,WI,54817
US,WI,54819
US,WI,54820
US,WI,54821
US,WI,54822
US,WI,54824
US,WI,54826
US,WI,54827
US,WI,54828
US,WI,54829
US,WI,54830
US,WI,54832
US,WI,54835
US,WI,54836
US,WI,54837
US,WI,54838
US,WI,54839
US,WI,54840
US,WI,54841
US,WI,54842
US,WI,54843
US,WI,54844
US,WI,54845
US,WI,54846
US,WI,54847
US,WI,54848
US,WI,54849
US,WI,54850
US,WI,54853
US,WI,54854
US,WI,54855
US,WI,54856
US,WI,54857
US,WI,54858
US,WI,54859
US,WI,54861
US,WI,54862
US,WI,54864
US,WI,54865
US,WI,54867
US,WI,54868
US,WI,54870
US,WI,54871
US,WI,54872
US,WI,54873
US,WI,54874
US,WI,54875
US,WI,54876
US,WI,54880
US,WI,54888
US,WI,54889
US,WI,54890
US,WI,54891
US,WI,54893
US,WI,54895
US,WI,54896
US,WI,54901
US,WI,54902
US,WI,54903
US,WI,54904
US,WI,54906
US,WI,54909
US,WI,54911
US,WI,54912
US,WI,54913
US,WI,54914
US,WI,54915
US,WI,54919
US,WI,54921
US,WI,54922
US,WI,54923
US,WI,54926
US,WI,54927
US,WI,54928
US,WI,54929
US,WI,54930
US,WI,54931
US,WI,54932
US,WI,54933
US,WI,54935
US,WI,54936
US,WI,54937
US,WI,54940
US,WI,54941
US,WI,54942
US,WI,54943
US,WI,54944
US,WI,54945
US,WI,54946
US,WI,54947
US,WI,54948
US,WI,54949
US,WI,54950
US,WI,54952
US,WI,54956
US,WI,54957
US,WI,54960
US,WI,54961
US,WI,54962
US,WI,54963
US,WI,54964
US,WI,54965
US,WI,54966
US,WI,54967
US,WI,54968
US,WI,54969
US,WI,54970
US,WI,54971
US,WI,54974
US,WI,54976
US,WI,54977
US,WI,54978
US,WI,54979
US,WI,54980
US,WI,54981
US,WI,54982
US,WI,54983
US,WI,54984
US,WI,54985
US,WI,54986
US,WI,54990
US,MN,55001
US,MN,55003
US,MN,55005
US,MN,55006
US,MN,55007
US,MN,55008
US,MN,55009
US,MN,55010
US,MN,55011
US,MN,55012
US,MN,55013
US,MN,55014
US,MN,55016
US,MN,55017
US,MN,55018
US,MN,55019
US,MN,55020
US,MN,55021
US,MN,55024
US,MN,55025
US,MN,55026
US,MN,55027
US,MN,55029
US,MN,55030
US,MN,55031
US,MN,55032
US,MN,55033
US,MN,55036
US,MN,55037
US,MN,55038
US,MN,55040
US,MN,55041
US,MN,55042
US,MN,55043
US,MN,55044
US,MN,55045
US,MN,55046
US,MN,55047
US,MN,55049
US,MN,55051
US,MN,55052
US,MN,55053
US,MN,55054
US,MN,55055
US,MN,55056
US,MN,55057
US,MN,55060
US,MN,55063
US,MN,55065
US,MN,55066
US,MN,55067
US,MN,55068
US,MN,55069
US,MN,55070
US,MN,55071
US,MN,55072
US,MN,55073
US,MN,55074
US,MN,55075
US,MN,55076
US,MN,55077
US,MN,55078
US,MN,55079
US,MN,55080
US,MN,55082
US,MN,55083
US,MN,55084
US,MN,55085
US,MN,55087
US,MN,55088
US,MN,55089
US,MN,55090
US,MN,55092
US,MN,55101
US,MN,55102
US,MN,55103
US,MN,55104
US,MN,55105
US,MN,55106
US,MN,55107
US,MN,55108
US,MN,55109
US,MN,55110
US,MN,55111
US,MN,55112
US,MN,55113
US,MN,55114
US,MN,55115
US,MN,55116
US,MN,55117
US,MN,55118
US,MN,55119
US,MN,55120
US,MN,55121
US,MN,55122
US,MN,55123
US,MN,55124
US,MN,55125
US,MN,55126
US,MN,55127
US,MN,55128
US,MN,55129
US,MN,55130
US,MN,55131
US,MN,55133
US,MN,55144
US,MN,55145
US,MN,55146
US,MN,55150
US,MN,55155
US,MN,55164
US,MN,55165
US,MN,55170
US,MN,55175
US,MN,55301
US,MN,55302
US,MN,55303
US,MN,55304
US,MN,55305
US,MN,55306
US,MI,49827
US,MI,49829
US,MI,49831
US,MI,49833
US,MI,49834
US,MI,49835
US,MI,49836
US,MI,49837
US,MI,49838
US,MI,49839
US,MI,49840
US,MI,49841
US,MI,49845
US,MI,49847
US,MI,49848
US,MI,49849
US,MI,49852
US,MI,49853
US,MI,49854
US,MI,49855
US,MI,49858
US,MI,49861
US,MI,49862
US,MI,49863
US,MI,49864
US,MI,49865
US,MI,49866
US,MI,49868
US,MI,49870
US,MI,49871
US,MI,49872
US,MI,49873
US,MI,49874
US,MI,49876
US,MI,49877
US,MI,49878
US,MI,49879
US,MI,49880
US,MI,49881
US,MI,49883
US,MI,49884
US,MI,49885
US,MI,49886
US,MI,49887
US,MI,49891
US,MI,49892
US,MI,49893
US,MI,49894
US,MI,49895
US,MI,49896
US,MI,49901
US,MI,49902
US,MI,49903
US,MI,49905
US,MI,49908
US,MI,49910
US,MI,49911
US,MI,49912
US,MI,49913
US,MI,49915
US,MI,49916
US,MI,49917
US,MI,49918
US,MI,49919
US,MI,49920
US,MI,49921
US,MI,49922
US,MI,49925
US,MI,49927
US,MI,49929
US,MI,49930
US,MI,49931
US,MI,49934
US,MI,49935
US,MI,49938
US,MI,49942
US,MI,49945
US,MI,49946
US,MI,49947
US,MI,49948
US,MI,49950
US,MI,49952
US,MI,49953
US,MI,49955
US,MI,49958
US,MI,49959
US,MI,49960
US,MI,49961
US,MI,49962
US,MI,49963
US,MI,49964
US,MI,49965
US,MI,49967
US,MI,49968
US,MI,49969
US,MI,49970
US,MI,49971
US,IA,50001
US,IA,50002
US,IA,50003
US,IA,50005
US,IA,50006
US,IA,50007
US,IA,50008
US,IA,50009
US,IA,50010
US,IA,50011
US,IA,50012
US,IA,50013
US,IA,50014
US,IA,50020
US,IA,50021
US,IA,50022
US,IA,50023
US,IA,50025
US,IA,50026
US,IA,50027
US,IA,50028
US,IA,50029
US,IA,50031
US,IA,50032
US,IA,50033
US,IA,50034
US,IA,50035
US,IA,50036
US,IA,50037
US,IA,50038
US,IA,50039
US,IA,50040
US,IA,50041
US,IA,50042
US,IA,50043
US,IA,50044
US,IA,50046
US,IA,50047
US,IA,50048
US,IA,50049
US,IA,50050
US,IA,50051
US,IA,50052
US,IA,50054
US,IA,50055
US,IA,50056
US,IA,50057
US,IA,50058
US,IA,50059
US,IA,50060
US,IA,50061
US,IA,50062
US,IA,50063
US,IA,50064
US,IA,50065
US,IA,50066
US,IA,50067
US,IA,50068
US,IA,50069
US,IA,50070
US,IA,50071
US,IA,50072
US,IA,50073
US,IA,50074
US,IA,50075
US,IA,50076
US,IA,50078
US,IA,50099
US,IA,50101
US,IA,50102
US,IA,50103
US,IA,50104
US,IA,50105
US,IA,50106
US,IA,50107
US,IA,50108
US,IA,50109
US,IA,50110
US,IA,50111
US,IA,50112
US,IA,50115
US,IA,50116
US,IA,50117
US,IA,50118
US,IA,50119
US,IA,50120
US,IA,50122
US,IA,50123
US,IA,50124
US,IA,50125
US,IA,50126
US,IA,50127
US,IA,50128
US,IA,50129
US,IA,50130
US,IA,50131
US,IA,50132
US,IA,50133
US,IA,50134
US,IA,50135
US,IA,50136
US,IA,50137
US,IA,50138
US,IA,50139
US,IA,50140
US,IA,50141
US,IA,50142
US,IA,50143
US,IA,50144
US,IA,50145
US,IA,50146
US,IA,50147
US,IA,50148
US,IA,50149
US,IA,50150
US,IA,50151
US,IA,50152
US,IA,50153
US,IA,50154
US,IA,50155
US,IA,50156
US,IA,50157
US,IA,50158
US,IA,50160
US,IA,50161
US,IA,50162
US,IA,50163
US,IA,50164
US,IA,50165
US,IA,50166
US,IA,50167
US,IA,50168
US,IA,50169
US,IA,50170
US,IA,50171
US,IA,50173
US,IA,50174
US,IA,50201
US,IA,50206
US,IA,50207
US,IA,50208
US,IA,50210
US,IA,50211
US,IA,50212
US,IA,50213
US,IA,50214
US,IA,50216
US,IA,50217
US,IA,50218
US,IA,50219
US,IA,50220
US,IA,50222
US,IA,50223
US,IA,50225
US,IA,50226
US,IA,50227
US,IA,50228
US,IA,50229
US,IA,50230
US,IA,50231
US,IA,50232
US,IA,50233
US,IA,50234
US,IA,50235
US,IA,50236
US,IA,50237
US,IA,50238
US,IA,50239
US,IA,50240
US,IA,50241
US,IA,50242
US,IA,50243
US,IA,50244
US,IA,50246
US,IA,50247
US,IA,50248
US,IA,50249
US,IA,50250
US,IA,50251
US,IA,50252
US,IA,50254
US,IA,50255
US,IA,50256
US,IA,50257
US,IA,50258
US,IA,50259
US,IA,50261
US,IA,50262
US,IA,50263
US,IA,50264
US,IA,50265
US,IA,50266
US,IA,50268
US,IA,50269
US,IA,50271
US,IA,50272
US,IA,50273
US,IA,50274
US,IA,50275
US,IA,50276
US,IA,50277
US,IA,50278
US,IA,50301
US,IA,50302
US,IA,50303
US,IA,50304
US,IA,50305
US,IA,50306
US,IA,50307
US,IA,50308
US,IA,50309
US,IA,50310
US,IA,50311
US,IA,50312
US,IA,50313
US,IA,50314
US,IA,50315
US,IA,50316
US,IA,50317
US,IA,50318
US,IA,50319
US,IA,50320
US,IA,50321
US,IA,50322
US,IA,50323
US,IA,50324
US,IA,50325
US,IA,50327
US,IA,50328
US,IA,50329
US,IA,50330
US,IA,50331
US,IA,50332
US,IA,50333
US,IA,50334
US,IA,50335
US,IA,50336
US,IA,50339
US,IA,50340
US,IA,50359
US,IA,50360
US,IA,50361
US,IA,50362
US,IA,50363
US,IA,50364
US,IA,50367
US,IA,50368
US,IA,50369
US,IA,50380
US,IA,50381
US,IA,50391
US,IA,50392
US,IA,50393
US,IA,50394
US,IA,50395
US,IA,50396
US,IA,50398
US,IA,50401
US,IA,50402
US,IA,50420
US,IA,50421
US,IA,50423
US,IA,50424
US,IA,50426
US,IA,50427
US,IA,50428
US,IA,50430
US,IA,50431
US,IA,50432
US,IA,50433
US,IA,50434
US,IA,50435
US,IA,50436
US,IA,50438
US,IA,50439
US,IA,50440
US,IA,50441
US,IA,50444
US,IA,50446
US,IA,50447
US,IA,50448
US,IA,50449
US,IA,50450
US,IA,50451
US,IA,50452
US,IA,50453
US,IA,50454
US,IA,50455
US,IA,50456
US,IA,50457
US,IA,50458
US,IA,50459
US,IA,50460
US,IA,50461
US,IA,50464
US,IA,50465
US,IA,50466
US,IA,50467
US,IA,50468
US,IA,50469
US,IA,50470
US,IA,50471
US,IA,50472
US,IA,50473
US,IA,50475
US,IA,50476
US,IA,50477
US,IA,50478
US,IA,50479
US,IA,50480
US,IA,50481
US,IA,50482
US,IA,50483
US,IA,50484
US,IA,50501
US,IA,50510
US,IA,50511
US,IA,50514
US,IA,50515
US,IA,50516
US,IA,50517
US,IA,50518
US,IA,50519
US,IA,50520
US,IA,50521
US,IA,50522
US,IA,50523
US,IA,50524
US,IA,50525
US,IA,50526
US,IA,50527
US,IA,50528
US,IA,50529
US,IA,50530
US,IA,50531
US,IA,50532
US,IA,50533
US,IA,50535
US,IA,50536
US,IA,50538
US,IA,50539
US,IA,50540
US,IA,50541
US,IA,50542
US,IA,50543
US,IA,50544
US,IA,50545
US,IA,50546
US,IA,50548
US,IA,50551
US,IA,50552
US,IA,50554
US,IA,50556
US,IA,50557
US,IA,50558
US,IA,50559
US,IA,50560
US,IA,50561
US,IA,50562
US,IA,50563
US,IA,50565
US,IA,50566
US,IA,50567
US,IA,50568
US,IA,50569
US,IA,50570
US,IA,50571
US,IA,50573
US,IA,50574
US,IA,50575
US,IA,50576
US,IA,50577
US,IA,50578
US,IA,50579
US,IA,50581
US,IA,50582
US,IA,50583
US,IA,50585
US,IA,50586
US,IA,50588
US,IA,50590
US,IA,50591
US,IA,50592
US,IA,50593
US,IA,50594
US,IA,50595
US,IA,50597
US,IA,50598
US,IA,50599
US,IA,50601
US,IA,50602
US,IA,50603
US,IA,50604
US,IA,50605
US,IA,50606
US,IA,50607
US,IA,50608
US,IA,50609
US,IA,50611
US,IA,50612
US,IA,50613
US,IA,50614
US,IA,50616
US,IA,50619
US,IA,50620
US,IA,50621
US,IA,50622
US,IA,50623
US,IA,50624
US,IA,50625
US,IA,50626
US,IA,50627
US,IA,50628
US,IA,50629
US,IA,50630
US,IA,50631
US,IA,50632
US,IA,50633
US,IA,50634
US,IA,50635
US,IA,50636
US,IA,50638
US,IA,50641
US,IA,50642
US,IA,50643
US,IA,50644
US,IA,50645
US,IA,50647
US,IA,50648
US,IA,50649
US,IA,50650
US,IA,50651
US,IA,50652
US,IA,50653
US,IA,50654
US,IA,50655
US,IA,50657
US,IA,50658
US,IA,50659
US,IA,50660
US,IA,50661
US,IA,50662
US,IA,50664
US,IA,50665
US,IA,50666
US,IA,50667
US,IA,50668
US,IA,50669
US,IA,50670
US,IA,50671
US,IA,50672
US,IA,50673
US,IA,50674
US,IA,50675
US,IA,50676
US,IA,50677
US,IA,50680
US,IA,50681
US,IA,50682
US,IA,50701
US,IA,50702
US,IA,50703
US,IA,50704
US,IA,50707
US,IA,50801
US,IA,50830
US,IA,50831
US,IA,50833
US,IA,50835
US,IA,50836
US,IA,50837
US,IA,50839
US,IA,50840
US,IA,50841
US,IA,50842
US,IA,50843
US,IA,50845
US,IA,50846
US,IA,50847
US,IA,50848
US,IA,50849
US,IA,50851
US,IA,50853
US,IA,50854
US,IA,50857
US,IA,50858
US,IA,50859
US,IA,50860
US,IA,50861
US,IA,50862
US,IA,50863
US,IA,50864
US,IA,50936
US,IA,50940
US,IA,50947
US,IA,50950
US,IA,50980
US,IA,50981
US,IA,50982
US,IA,50983
US,IA,51001
US,IA,51002
US,IA,51003
US,IA,51004
US,IA,51005
US,IA,51006
US,IA,51007
US,IA,51008
US,IA,51009
US,IA,51010
US,IA,51011
US,IA,51012
US,IA,51014
US,IA,51015
US,IA,51016
US,IA,51018
US,IA,51019
US,IA,51020
US,IA,51022
US,IA,51023
US,IA,51024
US,IA,51025
US,IA,51026
US,IA,51027
US,IA,51028
US,IA,51029
US,IA,51030
US,IA,51031
US,IA,51033
US,IA,51034
US,IA,51035
US,IA,51036
US,IA,51037
US,IA,51038
US,IA,51039
US,IA,51040
US,IA,51041
US,IA,51044
US,IA,51045
US,IA,51046
US,IA,51047
US,IA,51048
US,IA,51049
US,IA,51050
US,IA,51051
US,IA,51052
US,IA,51053
US,IA,51054
US,IA,51055
US,IA,51056
US,IA,51058
US,IA,51060
US,IA,51061
US,IA,51062
US,IA,51063
US,IA,51101
US,IA,51102
US,IA,51103
US,IA,51104
US,IA,51105
US,IA,51106
US,IA,51108
US,IA,51109
US,IA,51111
US,IA,51201
US,IA,51230
US,IA,51231
US,IA,51232
US,IA,51234
US,IA,51235
US,IA,51237
US,IA,51238
US,IA,51239
US,IA,51240
US,IA,51241
US,IA,51242
US,IA,51243
US,IA,51244
US,IA,51245
US,IA,51246
US,IA,51247
US,IA,51248
US,IA,51249
US,IA,51250
US,IA,51301
US,IA,51331
US,IA,51333
US,IA,51334
US,IA,51338
US,IA,51340
US,IA,51341
US,IA,51342
US,IA,51343
US,IA,51345
US,IA,51346
US,IA,51347
US,IA,51350
US,IA,51351
US,IA,51354
US,IA,51355
US,IA,51357
US,IA,51358
US,IA,51360
US,IA,51363
US,IA,51364
US,IA,51365
US,IA,51366
US,IA,51401
US,IA,51430
US,IA,51431
US,IA,51432
US,IA,51433
US,IA,51436
US,IA,51439
US,IA,51440
US,IA,51441
US,IA,51442
US,IA,51443
US,IA,51444
US,IA,51445
US,IA,51446
US,IA,51447
US,IA,51448
US,IA,51449
US,IA,51450
US,IA,51451
US,IA,51452
US,IA,51453
US,IA,51454
US,IA,51455
US,IA,51458
US,IA,51459
US,IA,51460
US,IA,51461
US,IA,51462
US,IA,51463
US,IA,51465
US,IA,51466
US,IA,51467
US,IA,51501
US,IA,51502
US,IA,51503
US,IA,51510
US,IA,51520
US,IA,51521
US,IA,51523
US,IA,51525
US,IA,51526
US,IA,51527
US,IA,51528
US,IA,51529
US,IA,51530
US,IA,51531
US,IA,51532
US,IA,51533
US,IA,51534
US,IA,51535
US,IA,51536
US,IA,51537
US,IA,51540
US,IA,51541
US,IA,51542
US,IA,51543
US,IA,51544
US,IA,51545
US,IA,51546
US,IA,51548
US,IA,51549
US,IA,51550
US,IA,51551
US,IA,51552
US,IA,51553
US,IA,51554
US,IA,51555
US,IA,51556
US,IA,51557
US,IA,51558
US,IA,51559
US,IA,51560
US,IA,51561
US,IA,51562
US,IA,51563
US,IA,51564
US,IA,51565
US,IA,51566
US,IA,51570
US,IA,51571
US,IA,51572
US,IA,51573
US,IA,51575
US,IA,51576
US,IA,51577
US,IA,51578
US,IA,51579
US,IA,51591
US,IA,51593
US,IA,51601
US,IA,51603
US,IA,51630
US,IA,51631
US,IA,51632
US,IA,51636
US,IA,51637
US,IA,51638
US,IA,51639
US,IA,51640
US,IA,51645
US,IA,51646
US,IA,51647
US,IA,51648
US,IA,51649
US,IA,51650
US,IA,51651
US,IA,51652
US,IA,51653
US,IA,51654
US,IA,51656
US,IA,52001
US,IA,52002
US,IA,52003
US,IA,52004
US,IA,52030
US,IA,52031
US,IA,52032
US,IA,52033
US,IA,52035
US,IA,52036
US,IA,52037
US,IA,52038
US,IA,52039
US,IA,52040
US,IA,52041
US,IA,52042
US,IA,52043
US,IA,52044
US,IA,52045
US,IA,52046
US,IA,52047
US,IA,52048
US,IA,52049
US,IA,52050
US,IA,52052
US,IA,52053
US,IA,52054
US,IA,52056
US,IA,52057
US,IA,52060
US,IA,52064
US,IA,52065
US,IA,52066
US,IA,52068
US,IA,52069
US,IA,52070
US,IA,52071
US,IA,52072
US,IA,52073
US,IA,52074
US,IA,52075
US,IA,52076
US,IA,52077
US,IA,52078
US,IA,52079
US,IA,52099
US,IA,52101
US,IA,52132
US,IA,52133
US,IA,52134
US,IA,52135
US,IA,52136
US,IA,52140
US,IA,52141
US,IA,52142
US,IA,52144
US,IA,52146
US,IA,52147
US,IA,52149
US,IA,52151
US,IA,52154
US,IA,52155
US,IA,52156
US,IA,52157
US,IA,52158
US,IA,52159
US,IA,52160
US,IA,52161
US,IA,52162
US,IA,52163
US,IA,52164
US,IA,52165
US,IA,52166
US,IA,52168
US,IA,52169
US,IA,52170
US,IA,52171
US,IA,52172
US,IA,52175
US,IA,52201
US,IA,52202
US,IA,52203
US,IA,52204
US,IA,52205
US,IA,52206
US,IA,52207
US,IA,52208
US,IA,52209
US,IA,52210
US,IA,52211
US,IA,52212
US,IA,52213
US,IA,52214
US,IA,52215
US,IA,52216
US,IA,52217
US,IA,52218
US,IA,52219
US,IA,52220
US,IA,52221
US,IA,52222
US,IA,52223
US,IA,52224
US,IA,52225
US,IA,52227
US,IA,52228
US,IA,52229
US,IA,52231
US,IA,52232
US,IA,52233
US,IA,52235
US,IA,52236
US,IA,52237
US,IA,52240
US,IA,52241
US,IA,52242
US,IA,52243
US,IA,52244
US,IA,52245
US,IA,52246
US,IA,52247
US,IA,52248
US,IA,52249
US,IA,52251
US,IA,52252
US,IA,52253
US,IA,52254
US,IA,52255
US,IA,52257
US,IA,52301
US,IA,52302
US,IA,52305
US,IA,52306
US,IA,52307
US,IA,52308
US,IA,52309
US,IA,52310
US,IA,52312
US,IA,52313
US,IA,52314
US,IA,52315
US,IA,52316
US,IA,52317
US,IA,52318
US,IA,52320
US,IA,52321
US,IA,52322
US,IA,52323
US,IA,52324
US,IA,52325
US,IA,52326
US,IA,52327
US,IA,52328
US,IA,52329
US,IA,52330
US,IA,52332
US,IA,52333
US,IA,52334
US,IA,52335
US,IA,52336
US,IA,52337
US,IA,52338
US,IA,52339
US,IA,52340
US,IA,52341
US,IA,52342
US,IA,52344
US,IA,52345
US,IA,52346
US,IA,52347
US,IA,52348
US,IA,52349
US,IA,52351
US,IA,52352
US,IA,52353
US,IA,52354
US,IA,52355
US,IA,52356
US,IA,52358
US,IA,52359
US,IA,52361
US,IA,52362
US,IA,52401
US,IA,52402
US,IA,52403
US,IA,52404
US,IA,52405
US,IA,52406
US,IA,52407
US,IA,52408
US,IA,52409
US,IA,52410
US,IA,52411
US,IA,52497
US,IA,52498
US,IA,52499
US,IA,52501
US,IA,52530
US,IA,52531
US,IA,52533
US,IA,52534
US,IA,52535
US,IA,52536
US,IA,52537
US,IA,52540
US,IA,52542
US,IA,52543
US,IA,52544
US,IA,52548
US,IA,52549
US,IA,52550
US,IA,52551
US,IA,52552
US,IA,52553
US,IA,52554
US,IA,52555
US,IA,52556
US,IA,52557
US,IA,52560
US,IA,52561
US,IA,52562
US,IA,52563
US,IA,52565
US,IA,52566
US,IA,52567
US,IA,52568
US,IA,52569
US,IA,52570
US,IA,52571
US,IA,52572
US,IA,52573
US,IA,52574
US,IA,52576
US,IA,52577
US,IA,52580
US,IA,52581
US,IA,52583
US,IA,52584
US,IA,52585
US,IA,52586
US,IA,52588
US,IA,52590
US,IA,52591
US,IA,52593
US,IA,52594
US,IA,52595
US,IA,52601
US,IA,52619
US,IA,52620
US,IA,52621
US,IA,52623
US,IA,52624
US,IA,52625
US,IA,52626
US,IA,52627
US,IA,52630
US,IA,52631
US,IA,52632
US,IA,52635
US,IA,52637
US,IA,52638
US,IA,52639
US,ND,58765
US,ND,58768
US,ND,58769
US,ND,58770
US,ND,58771
US,ND,58772
US,ND,58773
US,ND,58775
US,ND,58776
US,ND,58778
US,ND,58779
US,ND,58781
US,ND,58782
US,ND,58783
US,ND,58784
US,ND,58785
US,ND,58787
US,ND,58788
US,ND,58789
US,ND,58790
US,ND,58792
US,ND,58793
US,ND,58794
US,ND,58795
US,ND,58801
US,ND,58802
US,ND,58803
US,ND,58830
US,ND,58831
US,ND,58833
US,ND,58835
US,ND,58838
US,ND,58843
US,ND,58844
US,ND,58845
US,ND,58847
US,ND,58849
US,ND,58852
US,ND,58853
US,ND,58854
US,ND,58856
US,MT,59001
US,MT,59002
US,MT,59003
US,MT,59004
US,MT,59006
US,MT,59007
US,MT,59008
US,MT,59010
US,MT,59011
US,MT,59012
US,MT,59013
US,MT,59014
US,MT,59015
US,MT,59016
US,MT,59018
US,MT,59019
US,MT,59020
US,MT,59022
US,MT,59024
US,MT,59025
US,MT,59026
US,MT,59027
US,MT,59028
US,MT,59029
US,MT,59030
US,MT,59031
US,MT,59032
US,MT,59033
US,MT,59034
US,MT,59035
US,MT,59036
US,MT,59037
US,MT,59038
US,MT,59039
US,MT,59041
US,MT,59043
US,MT,59044
US,MT,59046
US,MT,59047
US,MT,59050
US,MT,59052
US,MT,59053
US,MT,59054
US,MT,59055
US,MT,59057
US,MT,59058
US,MT,59059
US,MT,59061
US,MT,59062
US,MT,59063
US,MT,59064
US,MT,59065
US,MT,59066
US,MT,59067
US,MT,59068
US,MT,59069
US,MT,59070
US,MT,59071
US,MT,59072
US,MT,59073
US,MT,59074
US,MT,59075
US,MT,59076
US,MT,59077
US,MT,59078
US,MT,59079
US,MT,59081
US,MT,59082
US,MT,59083
US,MT,59084
US,MT,59085
US,MT,59086
US,MT,59087
US,MT,59088
US,MT,59089
US,MT,59101
US,MT,59102
US,MT,59103
US,MT,59104
US,MT,59105
US,MT,59106
US,MT,59107
US,MT,59108
US,MT,59111
US,MT,59112
US,MT,59114
US,MT,59115
US,MT,59116
US,MT,59117
US,MT,59201
US,MT,59211
US,MT,59212
US,MT,59213
US,MT,59214
US,MT,59215
US,MT,59217
US,MT,59218
US,MT,59219
US,MT,59221
US,MT,59222
US,MT,59223
US,MT,59225
US,MT,59226
US,MT,59230
US,MT,59231
US,MT,59240
US,MT,59241
US,MT,59242
US,MT,59243
US,MT,59244
US,MT,59247
US,MT,59248
US,MT,59250
US,MT,59252
US,MT,59253
US,MT,59254
US,MT,59255
US,MT,59256
US,MT,59257
US,MT,59258
US,MT,59259
US,MT,59260
US,MT,59261
US,MT,59262
US,MT,59263
US,MT,59270
US,MT,59273
US,MT,59274
US,MT,59275
US,MT,59276
US,MT,59301
US,MT,59311
US,MT,59312
US,MT,59313
US,MT,59314
US,MT,59315
US,MT,59316
US,MT,59317
US,MT,59318
US,MT,59319
US,MT,59322
US,MT,59323
US,MT,59324
US,MT,59326
US,MT,59327
US,MT,59330
US,MT,59332
US,MT,59333
US,MT,59336
US,MT,59337
US,MT,59338
US,MT,59339
US,MT,59341
US,MT,59343
US,MT,59344
US,MT,59345
US,MT,59347
US,MT,59349
US,MT,59351
US,MT,59353
US,MT,59354
US,MT,59401
US,MT,59402
US,MT,59403
US,MT,59404
US,MT,59405
US,MT,59406
US,MT,59410
US,MT,59411
US,MT,59412
US,MT,59414
US,MT,59416
US,MT,59417
US,MT,59418
US,MT,59419
US,MT,59420
US,MT,59421
US,MT,59422
US,MT,59424
US,MT,59425
US,MT,59427
US,MT,59430
US,MT,59432
US,MT,59433
US,MT,59434
US,MT,59435
US,MT,59436
US,MT,59440
US,MT,59441
US,MT,59442
US,MT,59443
US,MT,59444
US,MT,59446
US,MT,59447
US,MT,59448
US,MT,59450
US,MT,59451
US,MT,59452
US,MT,59453
US,MT,59454
US,MT,59456
US,MT,59457
US,MT,59460
US,MT,59461
US,MT,59462
US,MT,59463
US,MT,59464
US,MT,59465
US,MT,59466
US,MT,59467
US,MT,59468
US,MT,59469
US,MT,59471
US,MT,59472
US,MT,59474
US,MT,59477
US,MT,59479
US,MT,59480
US,MT,59482
US,MT,59483
US,MT,59484
US,MT,59485
US,MT,59486
US,MT,59487
US,MT,59489
US,MT,59501
US,MT,59520
US,MT,59521
US,SD,57432
US,SD,57433
US,SD,57434
US,SD,57435
US,SD,57436
US,SD,57437
US,SD,57438
US,SD,57439
US,SD,57440
US,SD,57441
US,SD,57442
US,SD,57445
US,SD,57446
US,SD,57448
US,SD,57449
US,SD,57450
US,SD,57451
US,SD,57452
US,SD,57454
US,SD,57455
US,SD,57456
US,SD,57457
US,SD,57460
US,SD,57461
US,SD,57465
US,SD,57466
US,SD,57467
US,SD,57468
US,SD,57469
US,SD,57470
US,SD,57471
US,SD,57472
US,SD,57473
US,SD,57474
US,SD,57475
US,SD,57476
US,SD,57477
US,SD,57479
US,SD,57481
US,SD,57501
US,SD,57520
US,SD,57521
US,SD,57522
US,SD,57523
US,SD,57528
US,SD,57529
US,SD,57531
US,SD,57532
US,SD,57533
US,SD,57534
US,SD,57536
US,SD,57537
US,SD,57538
US,SD,57540
US,SD,57541
US,SD,57543
US,SD,57544
US,SD,57547
US,SD,57548
US,SD,57551
US,SD,57552
US,SD,57553
US,SD,57555
US,SD,57559
US,SD,57560
US,SD,57562
US,SD,57563
US,SD,57564
US,SD,57566
US,SD,57567
US,SD,57568
US,SD,57569
US,SD,57570
US,SD,57571
US,SD,57572
US,SD,57574
US,SD,57576
US,SD,57577
US,SD,57579
US,SD,57580
US,SD,57584
US,SD,57585
US,SD,57601
US,SD,57620
US,SD,57621
US,SD,57622
US,SD,57623
US,SD,57625
US,SD,57626
US,SD,57630
US,SD,57631
US,SD,57632
US,SD,57633
US,SD,57634
US,SD,57636
US,SD,57638
US,SD,57639
US,SD,57640
US,SD,57641
US,SD,57642
US,SD,57644
US,SD,57645
US,SD,57646
US,SD,57648
US,SD,57649
US,SD,57650
US,SD,57651
US,SD,57652
US,SD,57656
US,SD,57657
US,SD,57658
US,SD,57659
US,SD,57660
US,SD,57661
US,SD,57701
US,SD,57702
US,SD,57703
US,SD,57706
US,SD,57709
US,SD,57714
US,SD,57716
US,SD,57717
US,SD,57718
US,SD,57719
US,SD,57720
US,SD,57722
US,SD,57724
US,SD,57725
US,SD,57730
US,SD,57732
US,SD,57735
US,SD,57737
US,SD,57738
US,SD,57741
US,SD,57744
US,SD,57745
US,SD,57747
US,SD,57748
US,SD,57750
US,SD,57751
US,SD,57752
US,SD,57754
US,SD,57755
US,SD,57756
US,SD,57758
US,SD,57759
US,SD,57760
US,SD,57761
US,SD,57762
US,SD,57763
US,SD,57764
US,SD,57766
US,SD,57767
US,SD,57769
US,SD,57770
US,SD,57772
US,SD,57773
US,SD,57775
US,SD,57776
US,SD,57779
US,SD,57780
US,SD,57782
US,SD,57783
US,SD,57785
US,SD,57787
US,SD,57788
US,SD,57790
US,SD,57791
US,SD,57792
US,SD,57793
US,SD,57794
US,SD,57799
US,ND,58001
US,ND,58002
US,ND,58004
US,ND,58005
US,ND,58006
US,ND,58007
US,ND,58008
US,ND,58009
US,ND,58011
US,ND,58012
US,ND,58013
US,ND,58015
US,ND,58016
US,ND,58017
US,ND,58018
US,ND,58021
US,ND,58027
US,ND,58029
US,ND,58030
US,ND,58031
US,ND,58032
US,ND,58033
US,ND,58035
US,ND,58036
US,ND,58038
US,ND,58040
US,ND,58041
US,ND,58042
US,ND,58043
US,ND,58045
US,ND,58046
US,ND,58047
US,ND,58048
US,ND,58049
US,ND,58051
US,ND,58052
US,ND,58053
US,ND,58054
US,ND,58056
US,ND,58057
US,ND,58058
US,ND,58059
US,ND,58060
US,ND,58061
US,ND,58062
US,ND,58063
US,ND,58064
US,ND,58065
US,ND,58067
US,ND,58068
US,ND,58069
US,ND,58071
US,ND,58072
US,ND,58074
US,ND,58075
US,ND,58076
US,ND,58077
US,ND,58078
US,ND,58079
US,ND,58081
US,ND,58102
US,ND,58103
US,ND,58104
US,ND,58105
US,ND,58106
US,ND,58107
US,ND,58108
US,ND,58109
US,ND,58121
US,ND,58122
US,ND,58124
US,ND,58125
US,ND,58126
US,ND,58201
US,ND,58202
US,ND,58203
US,ND,58204
US,ND,58205
US,ND,58206
US,ND,58207
US,ND,58208
US,ND,58210
US,ND,58212
US,ND,58214
US,ND,58216
US,ND,58218
US,ND,58219
US,ND,58220
US,ND,58222
US,ND,58223
US,ND,58224
US,ND,58225
US,ND,58227
US,ND,58228
US,ND,58229
US,ND,58230
US,ND,58231
US,MN,55307
US,MN,55308
US,MN,55309
US,MN,55310
US,MN,55311
US,MN,55312
US,MN,55313
US,MN,55314
US,MN,55315
US,MN,55316
US,MN,55317
US,MN,55318
US,MN,55319
US,MN,55320
US,MN,55321
US,MN,55322
US,MN,55323
US,MN,55324
US,MN,55325
US,MN,55327
US,MN,55328
US,MN,55329
US,MN,55330
US,MN,55331
US,MN,55332
US,MN,55333
US,MN,55334
US,MN,55335
US,MN,55336
US,MN,55337
US,MN,55338
US,MN,55339
US,MN,55340
US,MN,55341
US,MN,55342
US,MN,55343
US,MN,55344
US,MN,55345
US,MN,55346
US,MN,55347
US,MN,55349
US,MN,55350
US,MN,55352
US,MN,55353
US,MN,55354
US,MN,55355
US,MN,55356
US,MN,55357
US,MN,55358
US,MN,55359
US,MN,55360
US,MN,55361
US,MN,55362
US,MN,55363
US,MN,55364
US,MN,55366
US,MN,55367
US,MN,55368
US,MN,55369
US,MN,55370
US,MN,55371
US,MN,55372
US,MN,55373
US,MN,55374
US,MN,55375
US,MN,55376
US,MN,55377
US,MN,55378
US,MN,55379
US,MN,55381
US,MN,55382
US,MN,55384
US,MN,55385
US,MN,55386
US,MN,55387
US,MN,55388
US,MN,55389
US,MN,55390
US,MN,55391
US,MN,55395
US,MN,55396
US,MN,55397
US,MN,55398
US,MN,55401
US,MN,55402
US,MN,55403
US,MN,55404
US,MN,55405
US,MN,55406
US,MN,55407
US,MN,55408
US,MN,55409
US,MN,55410
US,MN,55411
US,MN,55412
US,MN,55413
US,MN,55414
US,MN,55415
US,MN,55416
US,MN,55417
US,MN,55418
US,MN,55419
US,MN,55420
US,MN,55421
US,MN,55422
US,MN,55423
US,MN,55424
US,MN,55425
US,MN,55426
US,MN,55427
US,MN,55428
US,MN,55429
US,MN,55430
US,MN,55431
US,MN,55432
US,MN,55433
US,MN,55434
US,MN,55435
US,MN,55436
US,MN,55437
US,MN,55438
US,MN,55439
US,MN,55440
US,MN,55441
US,MN,55442
US,MN,55443
US,MN,55444
US,MN,55445
US,MN,55446
US,MN,55447
US,MN,55448
US,MN,55449
US,MN,55450
US,MN,55454
US,MN,55455
US,MN,55458
US,MN,55459
US,MN,55460
US,MN,55467
US,MN,55470
US,MN,55472
US,MN,55474
US,MN,55478
US,MN,55479
US,MN,55480
US,MN,55483
US,MN,55484
US,MN,55485
US,MN,55486
US,MN,55487
US,MN,55488
US,MN,55554
US,MN,55569
US,MN,55572
US,MN,55573
US,MN,55575
US,MN,55577
US,MN,55592
US,MN,55593
US,MN,55599
US,MN,55601
US,MN,55602
US,MN,55603
US,MN,55604
US,MN,55605
US,MN,55606
US,MN,55607
US,MN,55609
US,MN,55612
US,MN,55613
US,MN,55614
US,MN,55615
US,MN,55616
US,MN,55702
US,MN,55703
US,MN,55704
US,MN,55705
US,MN,55706
US,MN,55707
US,MN,55708
US,MN,55709
US,MN,55710
US,MN,55711
US,MN,55712
US,MN,55713
US,MN,55716
US,MN,55717
US,MN,55718
US,MN,55719
US,MN,55720
US,MN,55721
US,MN,55722
US,MN,55723
US,MN,55724
US,MN,55725
US,MN,55726
US,MN,55730
US,MN,55731
US,MN,55732
US,MN,55733
US,MN,55734
US,MN,55735
US,MN,55736
US,MN,55738
US,MN,55741
US,MN,55742
US,MN,55744
US,MN,55745
US,MN,55746
US,MN,55748
US,MN,55749
US,MN,55750
US,MN,55751
US,MN,55752
US,MN,55753
US,MN,55756
US,MN,55757
US,MN,55758
US,MN,55760
US,MN,55763
US,MN,55764
US,MN,55765
US,MN,55766
US,MN,55767
US,MN,55768
US,MN,55769
US,MN,55771
US,MN,55772
US,MN,55775
US,MN,55777
US,MN,55779
US,MN,55780
US,MN,55781
US,MN,55782
US,MN,55783
US,MN,55784
US,MN,55785
US,MN,55786
US,MN,55787
US,MN,55790
US,MN,55791
US,MN,55792
US,MN,55793
US,MN,55795
US,MN,55796
US,MN,55797
US,MN,55798
US,MN,55801
US,MN,55802
US,MN,55803
US,MN,55804
US,MN,55805
US,MN,55806
US,MN,55807
US,MN,55808
US,MN,55810
US,MN,55811
US,MN,55812
US,MN,55814
US,MN,55815
US,MN,55816
US,MN,55901
US,MN,55902
US,MN,55903
US,MN,55904
US,MN,55905
US,MN,55906
US,MN,55909
US,MN,55910
US,MN,55912
US,MN,55917
US,MN,55918
US,MN,55919
US,MN,55920
US,MN,55921
US,MN,55922
US,MN,55923
US,MN,55924
US,MN,55925
US,MN,55926
US,MN,55927
US,MN,55929
US,MN,55931
US,MN,55932
US,MN,55933
US,MN,55934
US,MN,55935
US,MN,55936
US,MN,55939
US,MN,55940
US,MN,55941
US,MN,55942
US,MN,55943
US,MN,55944
US,MN,55945
US,MN,55946
US,MN,55947
US,MN,55949
US,MN,55950
US,MN,55951
US,MN,55952
US,MN,55953
US,MN,55954
US,MN,55955
US,MN,55956
US,MN,55957
US,MN,55959
US,MN,55960
US,MN,55961
US,MN,55962
US,MN,55963
US,MN,55964
US,MN,55965
US,MN,55967
US,MN,55968
US,MN,55969
US,MN,55970
US,MN,55971
US,MN,55972
US,MN,55973
US,MN,55974
US,MN,55975
US,MN,55976
US,MN,55977
US,MN,55979
US,MN,55981
US,MN,55982
US,MN,55983
US,MN,55985
US,MN,55987
US,MN,55988
US,MN,55990
US,MN,55991
US,MN,55992
US,MN,56001
US,MN,56002
US,MN,56003
US,MN,56007
US,MN,56009
US,MN,56010
US,MN,56011
US,MN,56013
US,MN,56014
US,MN,56016
US,MN,56017
US,MN,56019
US,MN,56020
US,MN,56021
US,MN,56022
US,MN,56023
US,MN,56024
US,MN,56025
US,MN,56026
US,MN,56027
US,MN,56028
US,MN,56029
US,MN,56030
US,MN,56031
US,MN,56032
US,MN,56033
US,MN,56034
US,MN,56035
US,MN,56036
US,MN,56037
US,MN,56039
US,MN,56041
US,MN,56042
US,MN,56043
US,MN,56044
US,MN,56045
US,MN,56046
US,MN,56047
US,MN,56048
US,MN,56050
US,MN,56051
US,MN,56052
US,MN,56054
US,MN,56055
US,MN,56056
US,MN,56057
US,MN,56058
US,MN,56060
US,MN,56062
US,MN,56063
US,MN,56065
US,MN,56068
US,MN,56069
US,MN,56071
US,MN,56072
US,MN,56073
US,MN,56074
US,MN,56075
US,MN,56078
US,MN,56080
US,MN,56081
US,MN,56082
US,MN,56083
US,MN,56084
US,MN,56085
US,MN,56087
US,MN,56088
US,MN,56089
US,MN,56090
US,MN,56091
US,MN,56093
US,MN,56096
US,MN,56097
US,MN,56098
US,MN,56101
US,MN,56110
US,MN,56111
US,MN,56113
US,MN,56114
US,MN,56115
US,MN,56116
US,MN,56117
US,MN,56118
US,MN,56119
US,MN,56120
US,MN,56121
US,MN,56122
US,MN,56123
US,MN,56125
US,MN,56127
US,MN,56128
US,MN,56129
US,MN,56131
US,MN,56132
US,MN,56134
US,MN,56136
US,MN,56137
US,MN,56138
US,MN,56139
US,MN,56140
US,MN,56141
US,MN,56142
US,MN,56143
US,MN,56144
US,MN,56145
US,MN,56146
US,MN,56147
US,MN,56149
US,MN,56150
US,MN,56151
US,MN,56152
US,MN,56153
US,MN,56155
US,MN,56156
US,MN,56157
US,MN,56158
US,MN,56159
US,MN,56160
US,MN,56161
US,MN,56162
US,MN,56164
US,MN,56165
US,MN,56166
US,MN,56167
US,MN,56168
US,MN,56169
US,MN,56170
US,MN,56171
US,MN,56172
US,MN,56173
US,MN,56174
US,MN,56175
US,MN,56176
US,MN,56178
US,MN,56180
US,MN,56181
US,MN,56183
US,MN,56185
US,MN,56186
US,MN,56187
US,MN,56201
US,MN,56207
US,MN,56208
US,MN,56209
US,MN,56210
US,MN,56211
US,MN,56212
US,MN,56214
US,MN,56215
US,MN,56216
US,MN,56218
US,MN,56219
US,MN,56220
US,MN,56221
US,MN,56222
US,MN,56223
US,MN,56224
US,MN,56225
US,MN,56226
US,MN,56227
US,MN,56228
US,MN,56229
US,MN,56230
US,MN,56231
US,MN,56232
US,MN,56235
US,MN,56236
US,MN,56237
US,MN,56239
US,MN,56240
US,MN,56241
US,MN,56243
US,MN,56244
US,MN,56245
US,MN,56248
US,MN,56249
US,MN,56251
US,MN,56252
US,MN,56253
US,MN,56255
US,MN,56256
US,MN,56257
US,MN,56258
US,MN,56260
US,MN,56262
US,MN,56263
US,MN,56264
US,MN,56265
US,MN,56266
US,MN,56267
US,MN,56270
US,MN,56271
US,MN,56273
US,MN,56274
US,MN,56276
US,MN,56277
US,MN,56278
US,MN,56279
US,MN,56280
US,MN,56281
US,MN,56282
US,MN,56283
US,MN,56284
US,MN,56285
US,MN,56287
US,MN,56288
US,MN,56289
US,MN,56291
US,MN,56292
US,MN,56293
US,MN,56294
US,MN,56295
US,MN,56296
US,MN,56297
US,MN,56301
US,MN,56302
US,MN,56303
US,MN,56304
US,MN,56307
US,MN,56308
US,MN,56309
US,MN,56310
US,MN,56311
US,MN,56312
US,MN,56313
US,MN,56314
US,MN,56315
US,MN,56316
US,MN,56317
US,MN,56318
US,MN,56319
US,MN,56320
US,MN,56321
US,MN,56323
US,MN,56324
US,MN,56325
US,MN,56326
US,MN,56327
US,MN,56328
US,MN,56329
US,MN,56330
US,MN,56331
US,MN,56332
US,MN,56333
US,MN,56334
US,MN,56335
US,MN,56336
US,MN,56338
US,MN,56339
US,MN,56340
US,MN,56341
US,MN,56342
US,MN,56343
US,MN,56344
US,MN,56345
US,MN,56347
US,MN,56349
US,MN,56350
US,MN,56352
US,MN,56353
US,MN,56354
US,MN,56355
US,MN,56356
US,MN,56357
US,MN,56358
US,MN,56359
US,MN,56360
US,MN,56361
US,MN,56362
US,MN,56363
US,MN,56364
US,MN,56367
US,MN,56368
US,MN,56369
US,MN,56371
US,MN,56372
US,MN,56373
US,MN,56374
US,MN,56375
US,MN,56376
US,MN,56377
US,MN,56378
US,MN,56379
US,MN,56381
US,MN,56382
US,MN,56384
US,MN,56385
US,MN,56386
US,MN,56387
US,MN,56388
US,MN,56389
US,MN,56393
US,MN,56395
US,MN,56396
US,MN,56397
US,MN,56398
US,MN,56399
US,MN,56401
US,MN,56425
US,MN,56431
US,MN,56433
US,MN,56434
US,MN,56435
US,MN,56436
US,MN,56437
US,MN,56438
US,MN,56440
US,MN,56441
US,MN,56442
US,MN,56443
US,MN,56444
US,MN,56446
US,MN,56447
US,MN,56448
US,MN,56449
US,MN,56450
US,MN,56452
US,MN,56453
US,MN,56455
US,MN,56456
US,MN,56458
US,MN,56459
US,MN,56461
US,MN,56464
US,MN,56465
US,MN,56466
US,MN,56467
US,MN,56468
US,MN,56469
US,MN,56470
US,MN,56472
US,MN,56473
US,MN,56474
US,MN,56475
US,MN,56477
US,MN,56479
US,MN,56481
US,MN,56482
US,MN,56484
US,MN,56501
US,MN,56502
US,MN,56510
US,MN,56511
US,MN,56514
US,MN,56515
US,MN,56516
US,MN,56517
US,MN,56518
US,MN,56519
US,MN,56520
US,MN,56521
US,MN,56522
US,MN,56523
US,MN,56524
US,MN,56525
US,MN,56527
US,MN,56528
US,MN,56529
US,MN,56531
US,MN,56533
US,MN,56534
US,MN,56535
US,MN,56536
US,MN,56537
US,MN,56538
US,MN,56540
US,MN,56541
US,MN,56542
US,MN,56543
US,MN,56544
US,MN,56545
US,MN,56546
US,MN,56547
US,MN,56548
US,MN,56549
US,MN,56550
US,MN,56551
US,MN,56552
US,MN,56553
US,MN,56554
US,MN,56556
US,MN,56557
US,MN,56560
US,MN,56561
US,MN,56562
US,MN,56563
US,MN,56565
US,MN,56566
US,MN,56567
US,MN,56568
US,MN,56569
US,MN,56570
US,MN,56571
US,MN,56572
US,MN,56573
US,MN,56574
US,MN,56575
US,MN,56576
US,MN,56577
US,MN,56578
US,MN,56579
US,MN,56580
US,MN,56581
US,MN,56583
US,MN,56584
US,MN,56585
US,MN,56586
US,MN,56587
US,MN,56588
US,MN,56589
US,MN,56590
US,MN,56591
US,MN,56592
US,MN,56593
US,MN,56594
US,MN,56601
US,MN,56619
US,MN,56621
US,MN,56623
US,MN,56626
US,MN,56627
US,MN,56628
US,MN,56629
US,MN,56630
US,MN,56631
US,MN,56633
US,MN,56634
US,MN,56636
US,MN,56637
US,MN,56639
US,MN,56641
US,MN,56644
US,MN,56646
US,MN,56647
US,MN,56649
US,MN,56650
US,MN,56651
US,MN,56652
US,MN,56653
US,MN,56654
US,MN,56655
US,MN,56657
US,MN,56658
US,MN,56659
US,MN,56660
US,MN,56661
US,MN,56662
US,MN,56663
US,MN,56666
US,MN,56667
US,MN,56668
US,MN,56669
US,MN,56670
US,MN,56671
US,MN,56672
US,MN,56673
US,MN,56676
US,MN,56678
US,MN,56679
US,MN,56680
US,MN,56681
US,MN,56683
US,MN,56684
US,MN,56685
US,MN,56686
US,MN,56687
US,MN,56688
US,MN,56701
US,MN,56710
US,MN,56711
US,MN,56713
US,MN,56714
US,MN,56715
US,MN,56716
US,MN,56720
US,MN,56721
US,MN,56722
US,MN,56723
US,MN,56724
US,MN,56725
US,MN,56726
US,MN,56727
US,MN,56728
US,MN,56729
US,MN,56731
US,MN,56732
US,MN,56733
US,MN,56734
US,MN,56735
US,MN,56736
US,MN,56737
US,MN,56738
US,MN,56740
US,MN,56741
US,MN,56742
US,MN,56744
US,MN,56748
US,MN,56750
US,MN,56751
US,MN,56754
US,MN,56755
US,MN,56756
US,MN,56757
US,MN,56758
US,MN,56759
US,MN,56760
US,MN,56761
US,MN,56762
US,MN,56763
US,UNKNOWN,56901
US,UNKNOWN,56902
US,UNKNOWN,56904
US,UNKNOWN,56908
US,UNKNOWN,56915
US,UNKNOWN,56920
US,UNKNOWN,56933
US,UNKNOWN,56935
US,UNKNOWN,56944
US,UNKNOWN,56945
US,UNKNOWN,56950
US,UNKNOWN,56965
US,UNKNOWN,56966
US,UNKNOWN,56967
US,UNKNOWN,56968
US,UNKNOWN,56969
US,UNKNOWN,56970
US,UNKNOWN,56972
US,UNKNOWN,56998
US,UNKNOWN,56999
US,SD,57001
US,SD,57002
US,SD,57003
US,SD,57004
US,SD,57005
US,SD,57006
US,SD,57007
US,SD,57010
US,SD,57012
US,SD,57013
US,SD,57014
US,SD,57015
US,SD,57016
US,SD,57017
US,SD,57018
US,SD,57020
US,SD,57021
US,SD,57022
US,SD,57024
US,SD,57025
US,SD,57026
US,SD,57027
US,SD,57028
US,SD,57029
US,SD,57030
US,SD,57031
US,SD,57032
US,SD,57033
US,SD,57034
US,SD,57035
US,SD,57036
US,SD,57037
US,SD,57038
US,SD,57039
US,SD,57040
US,SD,57041
US,SD,57042
US,SD,57043
US,SD,57045
US,SD,57046
US,SD,57047
US,SD,57048
US,SD,57049
US,SD,57050
US,SD,57051
US,SD,57052
US,SD,57053
US,SD,57054
US,SD,57055
US,SD,57057
US,SD,57058
US,SD,57059
US,SD,57061
US,SD,57062
US,SD,57063
US,SD,57064
US,SD,57065
US,SD,57066
US,SD,57067
US,SD,57068
US,SD,57069
US,SD,57070
US,SD,57071
US,SD,57072
US,SD,57073
US,SD,57075
US,SD,57076
US,SD,57077
US,SD,57078
US,SD,57101
US,SD,57103
US,SD,57104
US,SD,57105
US,SD,57106
US,SD,57107
US,SD,57108
US,SD,57109
US,SD,57110
US,SD,57117
US,SD,57118
US,SD,57186
US,SD,57193
US,SD,57197
US,SD,57198
US,SD,57201
US,SD,57212
US,SD,57213
US,SD,57214
US,SD,57216
US,SD,57217
US,SD,57218
US,SD,57219
US,SD,57220
US,SD,57221
US,SD,57223
US,SD,57224
US,SD,57225
US,SD,57226
US,SD,57227
US,SD,57231
US,SD,57232
US,SD,57233
US,SD,57234
US,SD,57235
US,SD,57236
US,SD,57237
US,SD,57238
US,SD,57239
US,SD,57241
US,SD,57242
US,SD,57243
US,SD,57245
US,SD,57246
US,SD,57247
US,SD,57248
US,SD,57249
US,SD,57251
US,SD,57252
US,SD,57255
US,SD,57256
US,SD,57257
US,SD,57258
US,SD,57259
US,SD,57260
US,SD,57261
US,SD,57262
US,SD,57263
US,SD,57264
US,SD,57265
US,SD,57266
US,SD,57268
US,SD,57269
US,SD,57270
US,SD,57271
US,SD,57272
US,SD,57273
US,SD,57274
US,SD,57276
US,SD,57278
US,SD,57279
US,SD,57301
US,SD,57311
US,SD,57312
US,SD,57313
US,SD,57314
US,SD,57315
US,SD,57317
US,SD,57319
US,SD,57321
US,SD,57322
US,SD,57323
US,SD,57324
US,SD,57325
US,SD,57326
US,SD,57328
US,SD,57329
US,SD,57330
US,SD,57331
US,SD,57332
US,SD,57334
US,SD,57335
US,SD,57337
US,SD,57339
US,SD,57340
US,SD,57341
US,SD,57342
US,SD,57344
US,SD,57345
US,SD,57346
US,SD,57348
US,SD,57349
US,SD,57350
US,SD,57353
US,SD,57354
US,SD,57355
US,SD,57356
US,SD,57358
US,SD,57359
US,SD,57361
US,SD,57362
US,SD,57363
US,SD,57364
US,SD,57365
US,SD,57366
US,SD,57367
US,SD,57368
US,SD,57369
US,SD,57370
US,SD,57371
US,SD,57373
US,SD,57374
US,SD,57375
US,SD,57376
US,SD,57379
US,SD,57380
US,SD,57381
US,SD,57382
US,SD,57383
US,SD,57384
US,SD,57385
US,SD,57386
US,SD,57399
US,SD,57401
US,SD,57402
US,SD,57420
US,SD,57421
US,SD,57422
US,SD,57424
US,SD,57426
US,SD,57427
US,SD,57428
US,SD,57429
US,SD,57430
US,ND,58233
US,ND,58235
US,ND,58236
US,ND,58237
US,ND,58238
US,ND,58239
US,ND,58240
US,ND,58241
US,ND,58243
US,ND,58244
US,ND,58249
US,ND,58250
US,ND,58251
US,ND,58254
US,ND,58255
US,ND,58256
US,ND,58257
US,ND,58258
US,ND,58259
US,ND,58260
US,ND,58261
US,ND,58262
US,ND,58265
US,ND,58266
US,ND,58267
US,ND,58269
US,ND,58270
US,ND,58271
US,ND,58272
US,ND,58273
US,ND,58274
US,ND,58275
US,ND,58276
US,ND,58277
US,ND,58278
US,ND,58281
US,ND,58282
US,ND,58301
US,ND,58310
US,ND,58311
US,ND,58313
US,ND,58316
US,ND,58317
US,ND,58318
US,ND,58321
US,ND,58323
US,ND,58324
US,ND,58325
US,ND,58327
US,ND,58329
US,ND,58330
US,ND,58331
US,ND,58332
US,ND,58335
US,ND,58338
US,ND,58339
US,ND,58341
US,ND,58343
US,ND,58344
US,ND,58345
US,ND,58346
US,ND,58348
US,ND,58351
US,ND,58352
US,ND,58353
US,ND,58355
US,ND,58356
US,ND,58357
US,ND,58361
US,ND,58362
US,ND,58363
US,ND,58365
US,ND,58366
US,ND,58367
US,ND,58368
US,ND,58369
US,ND,58370
US,ND,58372
US,ND,58374
US,ND,58377
US,ND,58379
US,ND,58380
US,ND,58381
US,ND,58382
US,ND,58384
US,ND,58385
US,ND,58386
US,ND,58401
US,ND,58402
US,ND,58405
US,ND,58413
US,ND,58415
US,ND,58416
US,ND,58418
US,ND,58420
US,ND,58421
US,ND,58422
US,ND,58423
US,ND,58424
US,ND,58425
US,ND,58426
US,ND,58428
US,ND,58429
US,ND,58430
US,ND,58431
US,ND,58433
US,ND,58436
US,ND,58438
US,ND,58439
US,ND,58440
US,ND,58441
US,ND,58442
US,ND,58443
US,ND,58444
US,ND,58445
US,ND,58448
US,ND,58451
US,ND,58452
US,ND,58454
US,ND,58455
US,ND,58456
US,ND,58458
US,ND,58460
US,ND,58461
US,ND,58463
US,ND,58464
US,ND,58466
US,ND,58467
US,ND,58472
US,ND,58474
US,ND,58475
US,ND,58476
US,ND,58477
US,ND,58478
US,ND,58479
US,ND,58480
US,ND,58481
US,ND,58482
US,ND,58483
US,ND,58484
US,ND,58486
US,ND,58487
US,ND,58488
US,ND,58490
US,ND,58492
US,ND,58494
US,ND,58495
US,ND,58496
US,ND,58497
US,ND,58501
US,ND,58502
US,ND,58503
US,ND,58504
US,ND,58505
US,ND,58506
US,ND,58507
US,ND,58520
US,ND,58521
US,ND,58523
US,ND,58524
US,ND,58528
US,ND,58529
US,ND,58530
US,ND,58531
US,ND,58532
US,ND,58533
US,ND,58535
US,ND,58538
US,ND,58540
US,ND,58541
US,ND,58542
US,ND,58544
US,ND,58545
US,ND,58549
US,ND,58552
US,ND,58554
US,ND,58558
US,ND,58559
US,ND,58560
US,ND,58561
US,ND,58562
US,ND,58563
US,ND,58564
US,ND,58565
US,ND,58566
US,ND,58568
US,ND,58569
US,ND,58570
US,ND,58571
US,ND,58572
US,ND,58573
US,ND,58575
US,ND,58576
US,ND,58577
US,ND,58579
US,ND,58580
US,ND,58581
US,ND,58601
US,ND,58602
US,ND,58620
US,ND,58621
US,ND,58622
US,ND,58623
US,ND,58625
US,ND,58626
US,ND,58627
US,ND,58630
US,ND,58631
US,ND,58632
US,ND,58634
US,ND,58636
US,ND,58638
US,ND,58639
US,ND,58640
US,ND,58641
US,ND,58642
US,ND,58643
US,ND,58644
US,ND,58645
US,ND,58646
US,ND,58647
US,ND,58649
US,ND,58650
US,ND,58651
US,ND,58652
US,ND,58653
US,ND,58654
US,ND,58655
US,ND,58656
US,ND,58701
US,ND,58702
US,ND,58703
US,ND,58704
US,ND,58705
US,ND,58707
US,ND,58710
US,ND,58711
US,ND,58712
US,ND,58713
US,ND,58716
US,ND,58718
US,ND,58721
US,ND,58722
US,ND,58723
US,ND,58725
US,ND,58727
US,ND,58730
US,ND,58731
US,ND,58733
US,ND,58734
US,ND,58735
US,ND,58736
US,ND,58737
US,ND,58740
US,ND,58741
US,ND,58744
US,ND,58746
US,ND,58748
US,ND,58750
US,ND,58752
US,ND,58755
US,ND,58756
US,ND,58757
US,ND,58758
US,ND,58759
US,ND,58760
US,ND,58761
US,ND,58762
US,ND,58763
US,IL,61822
US,IL,61824
US,IL,61825
US,IL,61826
US,IL,61830
US,IL,61831
US,IL,61832
US,IL,61833
US,IL,61834
US,IL,61839
US,IL,61840
US,IL,61841
US,IL,61842
US,IL,61843
US,IL,61844
US,IL,61845
US,IL,61846
US,IL,61847
US,IL,61848
US,IL,61849
US,IL,61850
US,IL,61851
US,IL,61852
US,IL,61853
US,IL,61854
US,IL,61855
US,IL,61856
US,IL,61857
US,IL,61858
US,IL,61859
US,IL,61862
US,IL,61863
US,IL,61864
US,IL,61865
US,IL,61866
US,IL,61870
US,IL,61871
US,IL,61872
US,IL,61873
US,IL,61874
US,IL,61875
US,IL,61876
US,IL,61877
US,IL,61878
US,IL,61880
US,IL,61882
US,IL,61883
US,IL,61884
US,IL,61910
US,IL,61911
US,IL,61912
US,IL,61913
US,IL,61914
US,IL,61917
US,IL,61919
US,IL,61920
US,IL,61924
US,IL,61925
US,IL,61928
US,IL,61929
US,IL,61930
US,IL,61931
US,IL,61932
US,IL,61933
US,IL,61936
US,IL,61937
US,IL,61938
US,IL,61940
US,IL,61941
US,IL,61942
US,IL,61943
US,IL,61944
US,IL,61949
US,IL,61951
US,IL,61953
US,IL,61955
US,IL,61956
US,IL,61957
US,IL,62001
US,IL,62002
US,IL,62006
US,IL,62009
US,IL,62010
US,IL,62011
US,IL,62012
US,IL,62013
US,IL,62014
US,IL,62015
US,IL,62016
US,IL,62017
US,IL,62018
US,IL,62019
US,IL,62021
US,IL,62022
US,IL,62023
US,IL,62024
US,IL,62025
US,IL,62026
US,IL,62027
US,IL,62028
US,IL,62030
US,IL,62031
US,IL,62032
US,IL,62033
US,IL,62034
US,IL,62035
US,IL,62036
US,IL,62037
US,IL,62040
US,IL,62044
US,IL,62045
US,IL,62046
US,IL,62047
US,IL,62048
US,IL,62049
US,IL,62050
US,IL,62051
US,IL,62052
US,IL,62053
US,IL,62054
US,IL,62056
US,IL,62058
US,IL,62059
US,IL,62060
US,IL,62061
US,IL,62062
US,IL,62063
US,IL,62065
US,IL,62067
US,IL,62069
US,IL,62070
US,IL,62071
US,IL,62074
US,IL,62075
US,IL,62076
US,IL,62077
US,IL,62078
US,IL,62079
US,IL,62080
US,IL,62081
US,IL,62082
US,IL,62083
US,IL,62084
US,IL,62085
US,IL,62086
US,IL,62087
US,IL,62088
US,IL,62089
US,IL,62090
US,IL,62091
US,IL,62092
US,IL,62093
US,IL,62094
US,IL,62095
US,IL,62097
US,IL,62098
US,IL,62201
US,IL,62202
US,IL,62203
US,IL,62204
US,IL,62205
US,IL,62206
US,IL,62207
US,IL,62208
US,IL,62214
US,IL,62215
US,IL,62216
US,IL,62217
US,IL,62218
US,IL,62219
US,IL,62220
US,IL,62221
US,IL,62222
US,IL,62223
US,IL,62225
US,IL,62226
US,IL,62230
US,IL,62231
US,IL,62232
US,IL,62233
US,IL,62234
US,IL,62236
US,IL,62237
US,IL,62238
US,IL,62239
US,IL,62240
US,IL,62241
US,IL,62242
US,IL,62243
US,IL,62244
US,IL,62245
US,IL,62246
US,IL,62248
US,IL,62249
US,IL,62250
US,IL,62252
US,IL,62253
US,IL,62254
US,IL,62255
US,IL,62256
US,IL,62257
US,IL,62258
US,IL,62259
US,IL,62260
US,IL,62261
US,IL,62262
US,IL,62263
US,IL,62264
US,IL,62265
US,IL,62266
US,IL,62268
US,IL,62269
US,IL,62271
US,IL,62272
US,IL,62273
US,IL,62274
US,IL,62275
US,IL,62277
US,IL,62278
US,IL,62279
US,IL,62280
US,IL,62281
US,IL,62282
US,IL,62284
US,IL,62285
US,IL,62286
US,IL,62288
US,IL,62289
US,IL,62292
US,IL,62293
US,IL,62294
US,IL,62295
US,IL,62297
US,IL,62298
US,IL,62301
US,IL,62305
US,IL,62306
US,IL,62311
US,IL,62312
US,IL,62313
US,IL,62314
US,IL,62316
US,IL,62319
US,IL,62320
US,IL,62321
US,IL,62323
US,IL,62324
US,IL,62325
US,IL,62326
US,IL,62329
US,IL,62330
US,IL,62334
US,IL,62336
US,IL,62338
US,IL,62339
US,IL,62340
US,IL,62341
US,IL,62343
US,IL,62344
US,IL,62345
US,IL,62346
US,IL,62347
US,IL,62348
US,IL,62349
US,IL,62351
US,IL,62352
US,IL,62353
US,IL,62354
US,IL,62355
US,IL,62356
US,IL,62357
US,IL,62358
US,IL,62359
US,IL,62360
US,IL,62361
US,IL,62362
US,IL,62363
US,IL,62365
US,IL,62366
US,IL,62367
US,IL,62370
US,IL,62373
US,IL,62374
US,IL,62375
US,IL,62376
US,IL,62378
US,IL,62379
US,IL,62380
US,IL,62401
US,IL,62410
US,IL,62411
US,IL,62413
US,IL,62414
US,IL,62417
US,IL,62418
US,IL,62419
US,IL,62420
US,IL,62421
US,IL,62422
US,IL,62423
US,IL,62424
US,IL,62425
US,IL,62426
US,IL,62427
US,IL,62428
US,IL,62431
US,IL,62432
US,IL,62433
US,IL,62434
US,IL,62436
US,IL,62438
US,IL,62439
US,IL,62440
US,IL,62441
US,IL,62442
US,IL,62443
US,IL,62444
US,IL,62445
US,IL,62446
US,IL,62447
US,IL,62448
US,IL,62449
US,IL,62450
US,IL,62451
US,IL,62452
US,IL,62454
US,IL,62458
US,IL,62459
US,IL,62460
US,IL,62461
US,IL,62462
US,IL,62463
US,IL,62464
US,IL,62465
US,IL,62466
US,IL,62467
US,IL,62468
US,IL,62469
US,IL,62471
US,IL,62473
US,IL,62474
US,IL,62475
US,IL,62476
US,IL,62477
US,IL,62478
US,IL,62479
US,IL,62480
US,IL,62481
US,IL,62501
US,IL,62510
US,IL,62512
US,IL,62513
US,IL,62514
US,IL,62515
US,IL,62517
US,IL,62518
US,IL,62519
US,IL,62520
US,IL,62521
US,IL,62522
US,IL,62523
US,IL,62524
US,IL,62525
US,IL,62526
US,IL,62530
US,IL,62531
US,IL,62532
US,IL,62533
US,IL,62534
US,IL,62535
US,IL,62536
US,IL,62537
US,IL,62538
US,IL,62539
US,IL,62540
US,IL,62541
US,IL,62543
US,IL,62544
US,IL,62545
US,IL,62546
US,IL,62547
US,IL,62548
US,IL,62549
US,IL,62550
US,IL,62551
US,IL,62553
US,IL,62554
US,IL,62555
US,IL,62556
US,IL,62557
US,IL,62558
US,IL,62560
US,IL,62561
US,IL,62563
US,IL,62565
US,IL,62567
US,IL,62568
US,IL,62570
US,IL,62571
US,IL,62572
US,IL,62573
US,IL,62601
US,IL,62610
US,IL,62611
US,IL,62612
US,IL,62613
US,IL,62615
US,IL,62617
US,IL,62618
US,IL,62621
US,IL,62622
US,IL,62624
US,IL,62625
US,IL,62626
US,IL,62627
US,IL,62628
US,IL,62629
US,IL,62630
US,IL,62631
US,IL,62633
US,IL,62634
US,IL,62635
US,IL,62638
US,IL,62639
US,IL,62640
US,IL,62642
US,IL,62643
US,IL,62644
US,IL,62649
US,IL,62650
US,IL,62651
US,IL,62655
US,IL,62656
US,IL,62659
US,IL,62660
US,IL,62661
US,IL,62662
US,IL,62663
US,IL,62664
US,IL,62665
US,IL,62666
US,IL,62667
US,IL,62668
US,IL,62670
US,IL,62671
US,IL,62672
US,IL,62673
US,IL,62674
US,IL,62675
US,IL,62677
US,IL,62681
US,IL,62682
US,IL,62683
US,IL,62684
US,IL,62685
US,IL,62688
US,IL,62689
US,IL,62690
US,IL,62691
US,IL,62692
US,IL,62693
US,IL,62694
US,IL,62695
US,IL,62701
US,IL,62702
US,IL,62703
US,IL,62704
US,IL,62705
US,IL,62706
US,IL,62707
US,IL,62708
US,IL,62711
US,IL,62712
US,IL,62715
US,IL,62716
US,IL,62719
US,IL,62722
US,IL,62723
US,IL,62726
US,IL,62736
US,IL,62739
US,IL,62756
US,IL,62757
US,IL,62761
US,IL,62762
US,IL,62763
US,IL,62764
US,IL,62765
US,IL,62766
US,IL,62767
US,IL,62769
US,IL,62776
US,IL,62777
US,IL,62781
US,IL,62786
US,IL,62791
US,IL,62794
US,IL,62796
US,IL,62801
US,IL,62803
US,IL,62806
US,IL,62807
US,IL,62808
US,IL,62809
US,IL,62810
US,IL,62811
US,IL,62812
US,IL,62814
US,IL,62815
US,IL,62816
US,IL,62817
US,IL,62818
US,IL,62819
US,IL,62820
US,IL,62821
US,IL,62822
US,IL,62823
US,IL,62824
US,IL,62825
US,IL,62827
US,IL,62828
US,IL,62829
US,IL,62830
US,IL,62831
US,IL,62832
US,IL,62833
US,IL,62834
US,IL,62835
US,IL,62836
US,IL,62837
US,IL,62838
US,IL,62839
US,IL,62840
US,IL,62841
US,IL,62842
US,IL,62843
US,IL,62844
US,IL,62846
US,IL,62848
US,IL,62849
US,IL,62850
US,IL,62851
US,IL,62852
US,IL,62853
US,IL,62854
US,IL,62856
US,IL,62858
US,IL,62859
US,IL,62860
US,IL,62861
US,IL,62862
US,IL,62863
US,IL,62864
US,IL,62865
US,IL,62866
US,IL,62867
US,IL,62868
US,IL,62869
US,IL,62870
US,IL,62871
US,IL,62872
US,IL,62874
US,IL,62875
US,IL,62876
US,IL,62877
US,IL,62878
US,IL,62879
US,IL,62880
US,IL,62881
US,IL,62882
US,IL,62883
US,IL,62884
US,IL,62885
US,IL,62886
US,IL,62887
US,IL,62888
US,IL,62889
US,IL,62890
US,IL,62891
US,IL,62892
US,IL,62893
US,IL,62894
US,IL,62895
US,IL,62896
US,IL,62897
US,IL,62898
US,IL,62899
US,IL,62901
US,IL,62902
US,IL,62903
US,IL,62905
US,IL,62906
US,IL,62907
US,IL,62908
US,IL,62909
US,IL,62910
US,IL,62912
US,IL,62914
US,IL,62915
US,IL,62916
US,IL,62917
US,IL,62918
US,IL,62919
US,IL,62920
US,IL,62921
US,IL,62922
US,IL,62923
US,IL,62924
US,IL,62926
US,IL,62927
US,IL,62928
US,IL,62930
US,IL,62931
US,IL,62932
US,IL,62933
US,IL,62934
US,IL,62935
US,IL,62938
US,IL,62939
US,IL,62940
US,IL,62941
US,IL,62942
US,IL,62943
US,IL,62946
US,IL,62947
US,IL,62948
US,IL,62949
US,IL,62950
US,IL,62951
US,IL,62952
US,IL,62953
US,IL,62954
US,IL,62956
US,IL,62957
US,IL,62958
US,IL,62959
US,IL,62960
US,IL,62961
US,IL,62962
US,IL,62963
US,IL,62964
US,IL,62965
US,IL,62966
US,IL,62967
US,IL,62969
US,IL,62970
US,IL,62972
US,IL,62973
US,IL,62974
US,IL,62975
US,IL,62976
US,IL,62977
US,IL,62979
US,IL,62982
US,IL,62983
US,IL,62984
US,IL,62985
US,IL,62987
US,IL,62988
US,IL,62990
US,IL,62992
US,IL,62993
US,IL,62994
US,IL,62995
US,IL,62996
US,IL,62997
US,IL,62998
US,IL,62999
US,MO,63005
US,MO,63006
US,MO,63010
US,MO,63011
US,MO,63012
US,MO,63013
US,MO,63014
US,MO,63015
US,MO,63016
US,MO,63017
US,MO,63019
US,MO,63020
US,MO,63021
US,MO,63022
US,MO,63023
US,MO,63024
US,MO,63025
US,MO,63026
US,MO,63028
US,MO,63030
US,MO,63031
US,MO,63032
US,MO,63033
US,MO,63034
US,MO,63036
US,MO,63037
US,MO,63038
US,MO,63039
US,MO,63040
US,MO,63041
US,MO,63042
US,MO,63043
US,MO,63044
US,MO,63045
US,MO,63047
US,MO,63048
US,MO,63049
US,MO,63050
US,MO,63051
US,MO,63052
US,MO,63053
US,MO,63055
US,MO,63056
US,MO,63057
US,MO,63060
US,MO,63061
US,MO,63065
US,MO,63066
US,MO,63068
US,MO,63069
US,MO,63070
US,MO,63071
US,MO,63072
US,MO,63073
US,MO,63074
US,MO,63077
US,MO,63079
US,MO,63080
US,MO,63084
US,MO,63087
US,MO,63088
US,MO,63089
US,MO,63090
US,MO,63091
US,MO,63099
US,MO,63101
US,MO,63102
US,MO,63103
US,MO,63104
US,MO,63105
US,MO,63106
US,MO,63107
US,MO,63108
US,MO,63109
US,MO,63110
US,MO,63111
US,MO,63112
US,MO,63113
US,MO,63114
US,MO,63115
US,MO,63116
US,MO,63117
US,MO,63118
US,MO,63119
US,MO,63120
US,MO,63121
US,MO,63122
US,MO,63123
US,MO,63124
US,MO,63125
US,MO,63126
US,MO,63127
US,MO,63128
US,MO,63129
US,MO,63130
US,MO,63131
US,MO,63132
US,MO,63133
US,MO,63134
US,MO,63135
US,MO,63136
US,MO,63137
US,MO,63138
US,MO,63139
US,MO,63140
US,MO,63141
US,MO,63143
US,MO,63144
US,MO,63145
US,MO,63146
US,MO,63147
US,MO,63150
US,MO,63151
US,MO,63155
US,MO,63156
US,MO,63157
US,MO,63158
US,MO,63160
US,MO,63163
US,MO,63164
US,MO,63166
US,MO,63167
US,MO,63169
US,MO,63171
US,MO,63177
US,MO,63178
US,MO,63179
US,MO,63180
US,MO,63188
US,MO,63195
US,MO,63197
US,MO,63199
US,MO,63301
US,MO,63302
US,MO,63303
US,MO,63304
US,MO,63330
US,MO,63332
US,MO,63333
US,MO,63334
US,MO,63336
US,MO,63338
US,MO,63339
US,MO,63341
US,MO,63342
US,MO,63343
US,MO,63344
US,MO,63345
US,MO,63346
US,MO,63347
US,MO,63348
US,MO,63349
US,MO,63350
US,MO,63351
US,MO,63352
US,MO,63353
US,MO,63357
US,MO,63359
US,MO,63361
US,MO,63362
US,MO,63363
US,MO,63365
US,MO,63366
US,MO,63367
US,MO,63368
US,MO,63369
US,MO,63370
US,MO,63373
US,MO,63376
US,MO,63377
US,MO,63378
US,MO,63379
US,MO,63380
US,MO,63381
US,MO,63382
US,MO,63383
US,MO,63384
US,MO,63385
US,MO,63386
US,MO,63387
US,MO,63388
US,MO,63389
US,MO,63390
US,MO,63401
US,MO,63430
US,MO,63431
US,MO,63432
US,MO,63433
US,MO,63434
US,MO,63435
US,MO,63436
US,MO,63437
US,MO,63438
US,MO,63439
US,MO,63440
US,MO,63441
US,MO,63442
US,MO,63443
US,MO,63445
US,MO,63446
US,MO,63447
US,MO,63448
US,MO,63450
US,MO,63451
US,MO,63452
US,MO,63453
US,MO,63454
US,MO,63456
US,MO,63457
US,MO,63458
US,MO,63459
US,MO,63460
US,MO,63461
US,MO,63462
US,MO,63463
US,MO,63465
US,MO,63466
US,MO,63467
US,MO,63468
US,MO,63469
US,MO,63471
US,MO,63472
US,MO,63473
US,MO,63474
US,MO,63501
US,MO,63530
US,MO,63531
US,MO,63532
US,MO,63533
US,MO,63534
US,MO,63535
US,MO,63536
US,MO,63537
US,MO,63538
US,MO,63539
US,MO,63540
US,MO,63541
US,MO,63543
US,MO,63544
US,MO,63545
US,MO,63546
US,MO,63547
US,MO,63548
US,MO,63549
US,MO,63551
US,MO,63552
US,MO,63555
US,MO,63556
US,MO,63557
US,MO,63558
US,MO,63559
US,MO,63560
US,MO,63561
US,MO,63563
US,MO,63565
US,MO,63566
US,MO,63567
US,MO,63601
US,MO,63620
US,MO,63621
US,MO,63622
US,MO,63623
US,MO,63624
US,MO,63625
US,MO,63626
US,MO,63627
US,MO,63628
US,MO,63629
US,MO,63630
US,MO,63631
US,MO,63632
US,MO,63633
US,MO,63636
US,MO,63637
US,MO,63638
US,MO,63640
US,MO,63645
US,MO,63648
US,MO,63650
US,MO,63651
US,MO,63653
US,MO,63654
US,MO,63655
US,MO,63656
US,MO,63660
US,MO,63662
US,MO,63663
US,MO,63664
US,MO,63665
US,MO,63666
US,MO,63670
US,MO,63673
US,MO,63674
US,MO,63675
US,MO,63701
US,MO,63702
US,MO,63703
US,MO,63730
US,MO,63732
US,MO,63735
US,MO,63736
US,MO,63737
US,MO,63738
US,MO,63739
US,MO,63740
US,MO,63742
US,MO,63743
US,MO,63744
US,MO,63745
US,MO,63746
US,MO,63747
US,MO,63748
US,MO,63750
US,MO,63751
US,MO,63752
US,MO,63755
US,MO,63758
US,MO,63760
US,MO,63763
US,MO,63764
US,MO,63766
US,MO,63767
US,MO,63769
US,MO,63770
US,MO,63771
US,MO,63774
US,MO,63775
US,MO,63776
US,MO,63779
US,MO,63780
US,MO,63781
US,MO,63782
US,MO,63783
US,MO,63784
US,MO,63785
US,MO,63787
US,MO,63801
US,MO,63820
US,MO,63821
US,MO,63822
US,MO,63823
US,MO,63824
US,MO,63825
US,MO,63826
US,MO,63827
US,MO,63828
US,MO,63829
US,MO,63830
US,MO,63833
US,MO,63834
US,MO,63837
US,MO,63839
US,MO,63840
US,MO,63841
US,MO,63845
US,MO,63846
US,MO,63847
US,MO,63848
US,MO,63849
US,MO,63850
US,MO,63851
US,MO,63852
US,MO,63853
US,MO,63855
US,MO,63857
US,MO,63860
US,MO,63862
US,MO,63863
US,MO,63866
US,MO,63867
US,MO,63868
US,MO,63869
US,MO,63870
US,MO,63873
US,MO,63874
US,MO,63875
US,MO,63876
US,MO,63877
US,MO,63878
US,MO,63879
US,MO,63880
US,MO,63881
US,MO,63882
US,MO,63901
US,MO,63902
US,MO,63931
US,MO,63932
US,MO,63933
US,MO,63934
US,MO,63935
US,MO,63936
US,MO,63937
US,MO,63939
US,MO,63940
US,MO,63941
US,MO,63942
US,MO,63943
US,MO,63944
US,MO,63945
US,MO,63950
US,MO,63951
US,MO,63952
US,MO,63953
US,MO,63954
US,MO,63955
US,MO,63956
US,MO,63957
US,MO,63960
US,MT,59522
US,MT,59523
US,MT,59524
US,MT,59525
US,MT,59526
US,MT,59527
US,MT,59528
US,MT,59529
US,MT,59530
US,MT,59531
US,MT,59532
US,MT,59535
US,MT,59537
US,MT,59538
US,MT,59540
US,MT,59542
US,MT,59544
US,MT,59545
US,MT,59546
US,MT,59547
US,MT,59601
US,MT,59602
US,MT,59604
US,MT,59620
US,MT,59623
US,MT,59624
US,MT,59625
US,MT,59626
US,MT,59631
US,MT,59632
US,MT,59633
US,MT,59634
US,MT,59635
US,MT,59636
US,MT,59638
US,MT,59639
US,MT,59640
US,MT,59641
US,MT,59642
US,MT,59643
US,MT,59644
US,MT,59645
US,MT,59647
US,MT,59648
US,MT,59701
US,MT,59702
US,MT,59703
US,MT,59707
US,MT,59710
US,MT,59711
US,MT,59713
US,MT,59714
US,MT,59715
US,MT,59716
US,MT,59717
US,MT,59718
US,MT,59719
US,MT,59720
US,MT,59721
US,MT,59722
US,MT,59724
US,MT,59725
US,MT,59727
US,MT,59728
US,MT,59729
US,MT,59730
US,MT,59731
US,MT,59732
US,MT,59733
US,MT,59735
US,MT,59736
US,MT,59739
US,MT,59740
US,MT,59741
US,MT,59743
US,MT,59745
US,MT,59746
US,MT,59747
US,MT,59748
US,MT,59749
US,MT,59750
US,MT,59751
US,MT,59752
US,MT,59754
US,MT,59755
US,MT,59756
US,MT,59758
US,MT,59759
US,MT,59760
US,MT,59761
US,MT,59762
US,MT,59771
US,MT,59772
US,MT,59801
US,MT,59802
US,MT,59803
US,MT,59804
US,MT,59806
US,MT,59807
US,MT,59808
US,MT,59812
US,MT,59820
US,MT,59821
US,MT,59823
US,MT,59824
US,MT,59825
US,MT,59826
US,MT,59827
US,MT,59828
US,MT,59829
US,MT,59830
US,MT,59831
US,MT,59832
US,MT,59833
US,MT,59834
US,MT,59835
US,MT,59837
US,MT,59840
US,MT,59841
US,MT,59842
US,MT,59843
US,MT,59844
US,MT,59845
US,MT,59846
US,MT,59847
US,MT,59848
US,MT,59851
US,MT,59853
US,MT,59854
US,MT,59855
US,MT,59856
US,MT,59858
US,MT,59859
US,MT,59860
US,MT,59863
US,MT,59864
US,MT,59865
US,MT,59866
US,MT,59867
US,MT,59868
US,MT,59870
US,MT,59871
US,MT,59872
US,MT,59873
US,MT,59874
US,MT,59875
US,MT,59901
US,MT,59903
US,MT,59904
US,MT,59910
US,MT,59911
US,MT,59912
US,MT,59913
US,MT,59914
US,MT,59915
US,MT,59916
US,MT,59917
US,MT,59918
US,MT,59919
US,MT,59920
US,MT,59921
US,MT,59922
US,MT,59923
US,MT,59925
US,MT,59926
US,MT,59927
US,MT,59928
US,MT,59929
US,MT,59930
US,MT,59931
US,MT,59932
US,MT,59933
US,MT,59934
US,MT,59935
US,MT,59936
US,MT,59937
US,IL,60002
US,IL,60004
US,IL,60005
US,IL,60006
US,IL,60007
US,IL,60008
US,IL,60009
US,IL,60010
US,IL,60011
US,IL,60012
US,IL,60013
US,IL,60014
US,IL,60015
US,IL,60016
US,IL,60017
US,IL,60018
US,IL,60019
US,IL,60020
US,IL,60021
US,IL,60022
US,IL,60025
US,IL,60026
US,IL,60029
US,IL,60030
US,IL,60031
US,IL,60033
US,IL,60034
US,IL,60035
US,IL,60037
US,IL,60038
US,IL,60039
US,IL,60040
US,IL,60041
US,IL,60042
US,IL,60043
US,IL,60044
US,IL,60045
US,IL,60046
US,IL,60047
US,IL,60048
US,IL,60050
US,IL,60051
US,IL,60053
US,IL,60055
US,IL,60056
US,IL,60060
US,IL,60061
US,IL,60062
US,IL,60064
US,IL,60065
US,IL,60067
US,IL,60068
US,IL,60069
US,IL,60070
US,IL,60071
US,IL,60072
US,IL,60073
US,IL,60074
US,IL,60075
US,IL,60076
US,IL,60077
US,IL,60078
US,IL,60079
US,IL,60081
US,IL,60082
US,IL,60083
US,IL,60084
US,IL,60085
US,IL,60086
US,IL,60087
US,IL,60088
US,IL,60089
US,IL,60090
US,IL,60091
US,IL,60093
US,IL,60094
US,IL,60095
US,IL,60096
US,IL,60097
US,IL,60098
US,IL,60099
US,IL,60101
US,IL,60102
US,IL,60103
US,IL,60104
US,IL,60105
US,IL,60106
US,IL,60107
US,IL,60108
US,IL,60109
US,IL,60110
US,IL,60111
US,IL,60112
US,IL,60113
US,IL,60115
US,IL,60116
US,IL,60117
US,IL,60118
US,IL,60119
US,IL,60120
US,IL,60121
US,IL,60122
US,IL,60123
US,IL,60124
US,IL,60126
US,IL,60128
US,IL,60129
US,IL,60130
US,IL,60131
US,IL,60132
US,IL,60133
US,IL,60134
US,IL,60135
US,IL,60136
US,IL,60137
US,IL,60138
US,IL,60139
US,IL,60140
US,IL,60141
US,IL,60142
US,IL,60143
US,IL,60144
US,IL,60145
US,IL,60146
US,IL,60147
US,IL,60148
US,IL,60150
US,IL,60151
US,IL,60152
US,IL,60153
US,IL,60154
US,IL,60155
US,IL,60156
US,IL,60157
US,IL,60159
US,IL,60160
US,IL,60161
US,IL,60162
US,IL,60163
US,IL,60164
US,IL,60165
US,IL,60168
US,IL,60169
US,IL,60171
US,IL,60172
US,IL,60173
US,IL,60174
US,IL,60175
US,IL,60176
US,IL,60177
US,IL,60178
US,IL,60179
US,IL,60180
US,IL,60181
US,IL,60183
US,IL,60184
US,IL,60185
US,IL,60186
US,IL,60187
US,IL,60188
US,IL,60189
US,IL,60190
US,IL,60191
US,IL,60192
US,IL,60193
US,IL,60194
US,IL,60195
US,IL,60196
US,IL,60197
US,IL,60199
US,IL,60201
US,IL,60202
US,IL,60203
US,IL,60204
US,IL,60208
US,IL,60301
US,IL,60302
US,IL,60303
US,IL,60304
US,IL,60305
US,IL,60399
US,IL,60401
US,IL,60402
US,IL,60403
US,IL,60404
US,IL,60406
US,IL,60407
US,IL,60408
US,IL,60409
US,IL,60410
US,IL,60411
US,IL,60412
US,IL,60415
US,IL,60416
US,IL,60417
US,IL,60418
US,IL,60419
US,IL,60420
US,IL,60421
US,IL,60422
US,IL,60423
US,IL,60424
US,IL,60425
US,IL,60426
US,IL,60428
US,IL,60429
US,IL,60430
US,IL,60431
US,IL,60432
US,IL,60433
US,IL,60434
US,IL,60435
US,IL,60436
US,IL,60437
US,IL,60438
US,IL,60439
US,IL,60440
US,IL,60441
US,IL,60442
US,IL,60443
US,IL,60444
US,IL,60445
US,IL,60446
US,IL,60447
US,IL,60448
US,IL,60449
US,IL,60450
US,IL,60451
US,IL,60452
US,IL,60453
US,IL,60454
US,IL,60455
US,IL,60456
US,IL,60457
US,IL,60458
US,IL,60459
US,IL,60460
US,IL,60461
US,IL,60462
US,IL,60463
US,IL,60464
US,IL,60465
US,IL,60466
US,IL,60467
US,IL,60468
US,IL,60469
US,IL,60470
US,IL,60471
US,IL,60472
US,IL,60473
US,IL,60474
US,IL,60475
US,IL,60476
US,IL,60477
US,IL,60478
US,IL,60479
US,IL,60480
US,IL,60481
US,IL,60482
US,IL,60484
US,IL,60487
US,IL,60490
US,IL,60491
US,IL,60499
US,IL,60501
US,IL,60502
US,IL,60503
US,IL,60504
US,IL,60505
US,IL,60506
US,IL,60507
US,IL,60510
US,IL,60511
US,IL,60512
US,IL,60513
US,IL,60514
US,IL,60515
US,IL,60516
US,IL,60517
US,IL,60518
US,IL,60519
US,IL,60520
US,IL,60521
US,IL,60522
US,IL,60523
US,IL,60525
US,IL,60526
US,IL,60527
US,IL,60530
US,IL,60531
US,IL,60532
US,IL,60534
US,IL,60536
US,IL,60537
US,IL,60538
US,IL,60539
US,IL,60540
US,IL,60541
US,IL,60542
US,IL,60543
US,IL,60544
US,IL,60545
US,IL,60546
US,IL,60548
US,IL,60549
US,IL,60550
US,IL,60551
US,IL,60552
US,IL,60553
US,IL,60554
US,IL,60555
US,IL,60556
US,IL,60557
US,IL,60558
US,IL,60559
US,IL,60560
US,IL,60561
US,IL,60563
US,IL,60564
US,IL,60565
US,IL,60566
US,IL,60567
US,IL,60568
US,IL,60569
US,IL,60572
US,IL,60585
US,IL,60586
US,IL,60598
US,IL,60599
US,IL,60601
US,IL,60602
US,IL,60603
US,IL,60604
US,IL,60605
US,IL,60606
US,IL,60607
US,IL,60608
US,IL,60609
US,IL,60610
US,IL,60611
US,IL,60612
US,IL,60613
US,IL,60614
US,IL,60615
US,IL,60616
US,IL,60617
US,IL,60618
US,IL,60619
US,IL,60620
US,IL,60621
US,IL,60622
US,IL,60623
US,IL,60624
US,IL,60625
US,IL,60626
US,IL,60628
US,IL,60629
US,IL,60630
US,IL,60631
US,IL,60632
US,IL,60633
US,IL,60634
US,IL,60636
US,IL,60637
US,IL,60638
US,IL,60639
US,IL,60640
US,IL,60641
US,IL,60642
US,IL,60643
US,IL,60644
US,IL,60645
US,IL,60646
US,IL,60647
US,IL,60649
US,IL,60651
US,IL,60652
US,IL,60653
US,IL,60654
US,IL,60655
US,IL,60656
US,IL,60657
US,IL,60659
US,IL,60660
US,IL,60661
US,IL,60664
US,IL,60666
US,IL,60668
US,IL,60669
US,IL,60670
US,IL,60673
US,IL,60674
US,IL,60675
US,IL,60677
US,IL,60678
US,IL,60680
US,IL,60681
US,IL,60682
US,IL,60684
US,IL,60685
US,IL,60686
US,IL,60687
US,IL,60688
US,IL,60689
US,IL,60690
US,IL,60691
US,IL,60693
US,IL,60694
US,IL,60695
US,IL,60696
US,IL,60697
US,IL,60699
US,IL,60701
US,IL,60706
US,IL,60707
US,IL,60712
US,IL,60714
US,IL,60803
US,IL,60804
US,IL,60805
US,IL,60827
US,IL,60901
US,IL,60910
US,IL,60911
US,IL,60912
US,IL,60913
US,IL,60914
US,IL,60915
US,IL,60917
US,IL,60918
US,IL,60919
US,IL,60920
US,IL,60921
US,IL,60922
US,IL,60924
US,IL,60926
US,IL,60927
US,IL,60928
US,IL,60929
US,IL,60930
US,IL,60931
US,IL,60932
US,IL,60933
US,IL,60934
US,IL,60935
US,IL,60936
US,IL,60938
US,IL,60939
US,IL,60940
US,IL,60941
US,IL,60942
US,IL,60944
US,IL,60945
US,IL,60946
US,IL,60948
US,IL,60949
US,IL,60950
US,IL,60951
US,IL,60952
US,IL,60953
US,IL,60954
US,IL,60955
US,IL,60956
US,IL,60957
US,IL,60958
US,IL,60959
US,IL,60960
US,IL,60961
US,IL,60962
US,IL,60963
US,IL,60964
US,IL,60966
US,IL,60967
US,IL,60968
US,IL,60969
US,IL,60970
US,IL,60973
US,IL,60974
US,IL,61001
US,IL,61006
US,IL,61007
US,IL,61008
US,IL,61010
US,IL,61011
US,IL,61012
US,IL,61013
US,IL,61014
US,IL,61015
US,IL,61016
US,IL,61018
US,IL,61019
US,IL,61020
US,IL,61021
US,IL,61024
US,IL,61025
US,IL,61027
US,IL,61028
US,IL,61030
US,IL,61031
US,IL,61032
US,IL,61036
US,IL,61037
US,IL,61038
US,IL,61039
US,IL,61041
US,IL,61042
US,IL,61043
US,IL,61044
US,IL,61046
US,IL,61047
US,IL,61048
US,IL,61049
US,IL,61050
US,IL,61051
US,IL,61052
US,IL,61053
US,IL,61054
US,IL,61057
US,IL,61059
US,IL,61060
US,IL,61061
US,IL,61062
US,IL,61063
US,IL,61064
US,IL,61065
US,IL,61067
US,IL,61068
US,IL,61070
US,IL,61071
US,IL,61072
US,IL,61073
US,IL,61074
US,IL,61075
US,IL,61077
US,IL,61078
US,IL,61079
US,IL,61080
US,IL,61081
US,IL,61084
US,IL,61085
US,IL,61087
US,IL,61088
US,IL,61089
US,IL,61091
US,IL,61101
US,IL,61102
US,IL,61103
US,IL,61104
US,IL,61105
US,IL,61106
US,IL,61107
US,IL,61108
US,IL,61109
US,IL,61110
US,IL,61111
US,IL,61112
US,IL,61114
US,IL,61115
US,IL,61125
US,IL,61126
US,IL,61130
US,IL,61131
US,IL,61132
US,IL,61201
US,IL,61204
US,IL,61230
US,IL,61231
US,IL,61232
US,IL,61233
US,IL,61234
US,IL,61235
US,IL,61236
US,IL,61237
US,IL,61238
US,IL,61239
US,IL,61240
US,IL,61241
US,IL,61242
US,IL,61243
US,IL,61244
US,IL,61250
US,IL,61251
US,IL,61252
US,IL,61254
US,IL,61256
US,IL,61257
US,IL,61258
US,IL,61259
US,IL,61260
US,IL,61261
US,IL,61262
US,IL,61263
US,IL,61264
US,IL,61265
US,IL,61266
US,IL,61270
US,IL,61272
US,IL,61273
US,IL,61274
US,IL,61275
US,IL,61276
US,IL,61277
US,IL,61278
US,IL,61279
US,IL,61281
US,IL,61282
US,IL,61283
US,IL,61284
US,IL,61285
US,IL,61299
US,IL,61301
US,IL,61310
US,IL,61311
US,IL,61312
US,IL,61313
US,IL,61314
US,IL,61315
US,IL,61316
US,IL,61317
US,IL,61318
US,IL,61319
US,IL,61320
US,IL,61321
US,IL,61322
US,IL,61323
US,IL,61324
US,IL,61325
US,IL,61326
US,IL,61327
US,IL,61328
US,IL,61329
US,IL,61330
US,IL,61331
US,IL,61332
US,IL,61333
US,IL,61334
US,IL,61335
US,IL,61336
US,IL,61337
US,IL,61338
US,IL,61340
US,IL,61341
US,IL,61342
US,IL,61344
US,IL,61345
US,IL,61346
US,IL,61348
US,IL,61349
US,IL,61350
US,IL,61353
US,IL,61354
US,IL,61356
US,IL,61358
US,IL,61359
US,IL,61360
US,IL,61361
US,IL,61362
US,IL,61363
US,IL,61364
US,IL,61367
US,IL,61368
US,IL,61369
US,IL,61370
US,IL,61371
US,IL,61372
US,IL,61373
US,IL,61374
US,IL,61375
US,IL,61376
US,IL,61377
US,IL,61378
US,IL,61379
US,IL,61401
US,IL,61402
US,IL,61410
US,IL,61411
US,IL,61412
US,IL,61413
US,IL,61414
US,IL,61415
US,IL,61416
US,IL,61417
US,IL,61418
US,IL,61419
US,IL,61420
US,IL,61421
US,IL,61422
US,IL,61423
US,IL,61424
US,IL,61425
US,IL,61426
US,IL,61427
US,IL,61428
US,IL,61430
US,IL,61431
US,IL,61432
US,IL,61433
US,IL,61434
US,IL,61435
US,IL,61436
US,IL,61437
US,IL,61438
US,IL,61439
US,IL,61440
US,IL,61441
US,IL,61442
US,IL,61443
US,IL,61447
US,IL,61448
US,IL,61449
US,IL,61450
US,IL,61451
US,IL,61452
US,IL,61453
US,IL,61454
US,IL,61455
US,IL,61458
US,IL,61459
US,IL,61460
US,IL,61462
US,IL,61465
US,IL,61466
US,IL,61467
US,IL,61468
US,IL,61469
US,IL,61470
US,IL,61471
US,IL,61472
US,IL,61473
US,IL,61474
US,IL,61475
US,IL,61476
US,IL,61477
US,IL,61478
US,IL,61479
US,IL,61480
US,IL,61482
US,IL,61483
US,IL,61484
US,IL,61485
US,IL,61486
US,IL,61488
US,IL,61489
US,IL,61490
US,IL,61491
US,IL,61501
US,IL,61516
US,IL,61517
US,IL,61519
US,IL,61520
US,IL,61523
US,IL,61524
US,IL,61525
US,IL,61526
US,IL,61528
US,IL,61529
US,IL,61530
US,IL,61531
US,IL,61532
US,IL,61533
US,IL,61534
US,IL,61535
US,IL,61536
US,IL,61537
US,IL,61539
US,IL,61540
US,IL,61541
US,IL,61542
US,IL,61543
US,IL,61544
US,IL,61545
US,IL,61546
US,IL,61547
US,IL,61548
US,IL,61550
US,IL,61552
US,IL,61553
US,IL,61554
US,IL,61555
US,IL,61558
US,IL,61559
US,IL,61560
US,IL,61561
US,IL,61562
US,IL,61563
US,IL,61564
US,IL,61565
US,IL,61567
US,IL,61568
US,IL,61569
US,IL,61570
US,IL,61571
US,IL,61572
US,IL,61601
US,IL,61602
US,IL,61603
US,IL,61604
US,IL,61605
US,IL,61606
US,IL,61607
US,IL,61610
US,IL,61611
US,IL,61612
US,IL,61613
US,IL,61614
US,IL,61615
US,IL,61616
US,IL,61625
US,IL,61629
US,IL,61630
US,IL,61633
US,IL,61634
US,IL,61635
US,IL,61636
US,IL,61637
US,IL,61638
US,IL,61639
US,IL,61641
US,IL,61643
US,IL,61650
US,IL,61651
US,IL,61652
US,IL,61653
US,IL,61654
US,IL,61655
US,IL,61656
US,IL,61701
US,IL,61702
US,IL,61704
US,IL,61705
US,IL,61709
US,IL,61710
US,IL,61720
US,IL,61721
US,IL,61722
US,IL,61723
US,IL,61724
US,IL,61725
US,IL,61726
US,IL,61727
US,IL,61728
US,IL,61729
US,IL,61730
US,IL,61731
US,IL,61732
US,IL,61733
US,IL,61734
US,IL,61735
US,IL,61736
US,IL,61737
US,IL,61738
US,IL,61739
US,IL,61740
US,IL,61741
US,IL,61742
US,IL,61743
US,IL,61744
US,IL,61745
US,IL,61747
US,IL,61748
US,IL,61749
US,IL,61750
US,IL,61751
US,IL,61752
US,IL,61753
US,IL,61754
US,IL,61755
US,IL,61756
US,IL,61758
US,IL,61759
US,IL,61760
US,IL,61761
US,IL,61764
US,IL,61769
US,IL,61770
US,IL,61771
US,IL,61772
US,IL,61773
US,IL,61774
US,IL,61775
US,IL,61776
US,IL,61777
US,IL,61778
US,IL,61790
US,IL,61791
US,IL,61799
US,IL,61801
US,IL,61802
US,IL,61803
US,IL,61810
US,IL,61811
US,IL,61812
US,IL,61813
US,IL,61814
US,IL,61815
US,IL,61816
US,IL,61817
US,IL,61818
US,IL,61820
US,IL,61821
US,NE,68321
US,NE,68322
US,NE,68323
US,NE,68324
US,NE,68325
US,NE,68326
US,NE,68327
US,NE,68328
US,NE,68329
US,NE,68330
US,NE,68331
US,NE,68332
US,NE,68333
US,NE,68335
US,NE,68336
US,NE,68337
US,NE,68338
US,NE,68339
US,NE,68340
US,NE,68341
US,NE,68342
US,NE,68343
US,NE,68344
US,NE,68345
US,NE,68346
US,NE,68347
US,NE,68348
US,NE,68349
US,NE,68350
US,NE,68351
US,NE,68352
US,NE,68354
US,NE,68355
US,NE,68357
US,NE,68358
US,NE,68359
US,NE,68360
US,NE,68361
US,NE,68362
US,NE,68364
US,NE,68365
US,NE,68366
US,NE,68367
US,NE,68368
US,NE,68370
US,NE,68371
US,NE,68372
US,NE,68375
US,NE,68376
US,NE,68377
US,NE,68378
US,NE,68379
US,NE,68380
US,NE,68381
US,NE,68382
US,NE,68401
US,NE,68402
US,NE,68403
US,NE,68404
US,NE,68405
US,NE,68406
US,NE,68407
US,NE,68409
US,NE,68410
US,NE,68413
US,NE,68414
US,NE,68415
US,NE,68416
US,NE,68417
US,NE,68418
US,NE,68419
US,NE,68420
US,NE,68421
US,NE,68422
US,NE,68423
US,NE,68424
US,NE,68428
US,NE,68429
US,NE,68430
US,NE,68431
US,NE,68433
US,NE,68434
US,NE,68436
US,NE,68437
US,NE,68438
US,NE,68439
US,NE,68440
US,NE,68441
US,NE,68442
US,NE,68443
US,NE,68444
US,NE,68445
US,NE,68446
US,NE,68447
US,NE,68448
US,NE,68450
US,NE,68452
US,NE,68453
US,NE,68454
US,NE,68455
US,NE,68456
US,NE,68457
US,NE,68458
US,NE,68460
US,NE,68461
US,NE,68462
US,NE,68463
US,NE,68464
US,NE,68465
US,NE,68466
US,NE,68467
US,NE,68501
US,NE,68502
US,NE,68503
US,NE,68504
US,NE,68505
US,NE,68506
US,NE,68507
US,NE,68508
US,NE,68509
US,NE,68510
US,NE,68512
US,NE,68514
US,NE,68516
US,NE,68517
US,NE,68520
US,NE,68521
US,NE,68522
US,NE,68523
US,NE,68524
US,NE,68526
US,NE,68527
US,NE,68528
US,NE,68529
US,NE,68531
US,NE,68532
US,NE,68542
US,NE,68544
US,NE,68583
US,NE,68588
US,NE,68601
US,NE,68602
US,NE,68620
US,NE,68621
US,NE,68622
US,NE,68623
US,NE,68624
US,NE,68626
US,NE,68627
US,NE,68628
US,NE,68629
US,NE,68631
US,NE,68632
US,NE,68633
US,NE,68634
US,NE,68635
US,NE,68636
US,NE,68637
US,NE,68638
US,NE,68640
US,NE,68641
US,NE,68642
US,NE,68643
US,NE,68644
US,NE,68647
US,NE,68648
US,NE,68649
US,NE,68651
US,NE,68652
US,NE,68653
US,NE,68654
US,NE,68655
US,NE,68658
US,NE,68659
US,NE,68660
US,NE,68661
US,NE,68662
US,NE,68663
US,NE,68664
US,NE,68665
US,NE,68666
US,NE,68667
US,NE,68669
US,NE,68701
US,NE,68702
US,NE,68710
US,NE,68711
US,NE,68713
US,NE,68714
US,NE,68715
US,NE,68716
US,NE,68717
US,NE,68718
US,NE,68719
US,NE,68720
US,NE,68722
US,NE,68723
US,NE,68724
US,NE,68725
US,NE,68726
US,NE,68727
US,NE,68728
US,NE,68729
US,NE,68730
US,NE,68731
US,NE,68732
US,NE,68733
US,NE,68734
US,NE,68735
US,NE,68736
US,NE,68738
US,NE,68739
US,NE,68740
US,NE,68741
US,NE,68742
US,NE,68743
US,NE,68745
US,NE,68746
US,NE,68747
US,NE,68748
US,NE,68749
US,NE,68751
US,NE,68752
US,NE,68753
US,NE,68755
US,NE,68756
US,NE,68757
US,NE,68758
US,NE,68759
US,NE,68760
US,NE,68761
US,NE,68763
US,NE,68764
US,NE,68765
US,NE,68766
US,NE,68767
US,NE,68768
US,NE,68769
US,NE,68770
US,NE,68771
US,NE,68773
US,NE,68774
US,NE,68776
US,NE,68777
US,NE,68778
US,NE,68779
US,NE,68780
US,NE,68781
US,NE,68783
US,NE,68784
US,NE,68785
US,NE,68786
US,NE,68787
US,NE,68788
US,NE,68789
US,NE,68790
US,NE,68791
US,NE,68792
US,NE,68801
US,NE,68802
US,NE,68803
US,NE,68810
US,NE,68812
US,NE,68813
US,NE,68814
US,NE,68815
US,NE,68816
US,NE,68817
US,NE,68818
US,KS,66941
US,KS,66942
US,KS,66943
US,KS,66944
US,KS,66945
US,KS,66946
US,KS,66948
US,KS,66949
US,KS,66951
US,KS,66952
US,KS,66953
US,KS,66955
US,KS,66956
US,KS,66958
US,KS,66959
US,KS,66960
US,KS,66961
US,KS,66962
US,KS,66963
US,KS,66964
US,KS,66966
US,KS,66967
US,KS,66968
US,KS,66970
US,KS,67001
US,KS,67002
US,KS,67003
US,KS,67004
US,KS,67005
US,KS,67008
US,KS,67009
US,KS,67010
US,KS,67012
US,KS,67013
US,KS,67016
US,KS,67017
US,KS,67018
US,KS,67019
US,KS,67020
US,KS,67021
US,KS,67022
US,KS,67023
US,KS,67024
US,KS,67025
US,KS,67026
US,KS,67028
US,KS,67029
US,KS,67030
US,KS,67031
US,KS,67035
US,KS,67036
US,KS,67037
US,KS,67038
US,KS,67039
US,KS,67041
US,KS,67042
US,KS,67045
US,KS,67047
US,KS,67049
US,KS,67050
US,KS,67051
US,KS,67052
US,KS,67053
US,KS,67054
US,KS,67055
US,KS,67056
US,KS,67057
US,KS,67058
US,KS,67059
US,KS,67060
US,KS,67061
US,KS,67062
US,KS,67063
US,KS,67065
US,KS,67066
US,KS,67067
US,KS,67068
US,KS,67070
US,KS,67071
US,KS,67072
US,KS,67073
US,KS,67074
US,KS,67101
US,KS,67102
US,KS,67103
US,KS,67104
US,KS,67105
US,KS,67106
US,KS,67107
US,KS,67108
US,KS,67109
US,KS,67110
US,KS,67111
US,KS,67112
US,KS,67114
US,KS,67117
US,KS,67118
US,KS,67119
US,KS,67120
US,KS,67122
US,KS,67123
US,KS,67124
US,KS,67127
US,KS,67131
US,KS,67132
US,KS,67133
US,KS,67134
US,KS,67135
US,KS,67137
US,KS,67138
US,KS,67140
US,KS,67142
US,KS,67143
US,KS,67144
US,KS,67146
US,KS,67147
US,KS,67149
US,KS,67150
US,KS,67151
US,KS,67152
US,KS,67154
US,KS,67155
US,KS,67156
US,KS,67159
US,KS,67201
US,KS,67202
US,KS,67203
US,KS,67204
US,KS,67205
US,KS,67206
US,KS,67207
US,KS,67208
US,KS,67209
US,KS,67210
US,KS,67211
US,KS,67212
US,KS,67213
US,KS,67214
US,KS,67215
US,KS,67216
US,KS,67217
US,KS,67218
US,KS,67219
US,KS,67220
US,KS,67221
US,KS,67223
US,KS,67226
US,KS,67227
US,KS,67228
US,KS,67230
US,KS,67232
US,KS,67235
US,KS,67260
US,KS,67275
US,KS,67276
US,KS,67277
US,KS,67278
US,KS,67301
US,KS,67330
US,KS,67332
US,KS,67333
US,KS,67334
US,KS,67335
US,KS,67336
US,KS,67337
US,KS,67340
US,KS,67341
US,KS,67342
US,KS,67344
US,KS,67345
US,KS,67346
US,KS,67347
US,KS,67349
US,KS,67351
US,KS,67352
US,KS,67353
US,KS,67354
US,KS,67355
US,KS,67356
US,KS,67357
US,KS,67360
US,KS,67361
US,KS,67363
US,KS,67364
US,KS,67401
US,KS,67402
US,KS,67410
US,KS,67416
US,KS,67417
US,KS,67418
US,KS,67420
US,KS,67422
US,KS,67423
US,KS,67425
US,KS,67427
US,KS,67428
US,KS,67430
US,KS,67431
US,KS,67432
US,KS,67436
US,KS,67437
US,KS,67438
US,KS,67439
US,KS,67441
US,KS,67442
US,KS,67443
US,KS,67444
US,KS,67445
US,KS,67446
US,KS,67447
US,KS,67448
US,KS,67449
US,KS,67450
US,KS,67451
US,KS,67452
US,KS,67454
US,KS,67455
US,KS,67456
US,KS,67457
US,KS,67458
US,KS,67459
US,KS,67460
US,KS,67464
US,KS,67466
US,KS,67467
US,KS,67468
US,KS,67470
US,KS,67473
US,KS,67474
US,KS,67475
US,KS,67476
US,KS,67478
US,KS,67480
US,KS,67481
US,KS,67482
US,KS,67483
US,KS,67484
US,KS,67485
US,KS,67487
US,KS,67490
US,KS,67491
US,KS,67492
US,KS,67501
US,KS,67502
US,KS,67504
US,KS,67505
US,KS,67510
US,KS,67511
US,KS,67512
US,KS,67513
US,KS,67514
US,KS,67515
US,KS,67516
US,KS,67518
US,KS,67519
US,KS,67520
US,KS,67521
US,KS,67522
US,KS,67523
US,KS,67524
US,KS,67525
US,KS,67526
US,KS,67529
US,KS,67530
US,KS,67543
US,KS,67544
US,KS,67545
US,KS,67546
US,KS,67547
US,MO,63961
US,MO,63962
US,MO,63964
US,MO,63965
US,MO,63966
US,MO,63967
US,MO,64001
US,MO,64002
US,MO,64011
US,MO,64012
US,MO,64013
US,MO,64014
US,MO,64015
US,MO,64016
US,MO,64017
US,MO,64018
US,MO,64019
US,MO,64020
US,MO,64021
US,MO,64022
US,MO,64024
US,MO,64028
US,MO,64029
US,MO,64030
US,MO,64034
US,MO,64035
US,MO,64036
US,MO,64037
US,MO,64040
US,MO,64048
US,MO,64050
US,MO,64051
US,MO,64052
US,MO,64053
US,MO,64054
US,MO,64055
US,MO,64056
US,MO,64057
US,MO,64058
US,MO,64060
US,MO,64061
US,MO,64062
US,MO,64063
US,MO,64064
US,MO,64065
US,MO,64066
US,MO,64067
US,MO,64068
US,MO,64069
US,MO,64070
US,MO,64071
US,MO,64072
US,MO,64073
US,MO,64074
US,MO,64075
US,MO,64076
US,MO,64077
US,MO,64078
US,MO,64079
US,MO,64080
US,MO,64081
US,MO,64082
US,MO,64083
US,MO,64084
US,MO,64085
US,MO,64086
US,MO,64088
US,MO,64089
US,MO,64090
US,MO,64092
US,MO,64093
US,MO,64096
US,MO,64097
US,MO,64098
US,MO,64101
US,MO,64102
US,MO,64105
US,MO,64106
US,MO,64108
US,MO,64109
US,MO,64110
US,MO,64111
US,MO,64112
US,MO,64113
US,MO,64114
US,MO,64116
US,MO,64117
US,MO,64118
US,MO,64119
US,MO,64120
US,MO,64121
US,MO,64123
US,MO,64124
US,MO,64125
US,MO,64126
US,MO,64127
US,MO,64128
US,MO,64129
US,MO,64130
US,MO,64131
US,MO,64132
US,MO,64133
US,MO,64134
US,MO,64136
US,MO,64137
US,MO,64138
US,MO,64139
US,MO,64141
US,MO,64144
US,MO,64145
US,MO,64146
US,MO,64147
US,MO,64148
US,MO,64149
US,MO,64150
US,MO,64151
US,MO,64152
US,MO,64153
US,MO,64154
US,MO,64155
US,MO,64156
US,MO,64157
US,MO,64158
US,MO,64161
US,MO,64162
US,MO,64163
US,MO,64164
US,MO,64165
US,MO,64166
US,MO,64167
US,MO,64168
US,MO,64170
US,MO,64171
US,MO,64179
US,MO,64180
US,MO,64184
US,MO,64187
US,MO,64188
US,MO,64190
US,MO,64191
US,MO,64195
US,MO,64196
US,MO,64197
US,MO,64198
US,MO,64199
US,MO,64401
US,MO,64402
US,MO,64420
US,MO,64421
US,MO,64422
US,MO,64423
US,MO,64424
US,MO,64426
US,MO,64427
US,MO,64428
US,MO,64429
US,MO,64430
US,MO,64431
US,MO,64432
US,MO,64433
US,MO,64434
US,MO,64436
US,MO,64437
US,MO,64438
US,MO,64439
US,MO,64440
US,MO,64441
US,MO,64442
US,MO,64443
US,MO,64444
US,MO,64445
US,MO,64446
US,MO,64448
US,MO,64449
US,MO,64451
US,MO,64453
US,MO,64454
US,MO,64455
US,MO,64456
US,MO,64457
US,MO,64458
US,MO,64459
US,MO,64461
US,MO,64463
US,MO,64465
US,MO,64466
US,MO,64467
US,MO,64468
US,MO,64469
US,MO,64470
US,MO,64471
US,MO,64473
US,MO,64474
US,MO,64475
US,MO,64476
US,MO,64477
US,MO,64479
US,MO,64480
US,MO,64481
US,MO,64482
US,MO,64483
US,MO,64484
US,MO,64485
US,MO,64486
US,MO,64487
US,MO,64489
US,MO,64490
US,MO,64491
US,MO,64492
US,MO,64493
US,MO,64494
US,MO,64496
US,MO,64497
US,MO,64498
US,MO,64499
US,MO,64501
US,MO,64502
US,MO,64503
US,MO,64504
US,MO,64505
US,MO,64506
US,MO,64507
US,MO,64508
US,MO,64601
US,MO,64620
US,MO,64622
US,MO,64623
US,MO,64624
US,MO,64625
US,MO,64628
US,MO,64630
US,MO,64631
US,MO,64632
US,MO,64633
US,MO,64635
US,MO,64636
US,MO,64637
US,MO,64638
US,MO,64639
US,MO,64640
US,MO,64641
US,MO,64642
US,MO,64643
US,MO,64644
US,MO,64645
US,MO,64646
US,MO,64647
US,MO,64648
US,MO,64649
US,MO,64650
US,MO,64651
US,MO,64652
US,MO,64653
US,MO,64654
US,MO,64655
US,MO,64656
US,MO,64657
US,MO,64658
US,MO,64659
US,MO,64660
US,MO,64661
US,MO,64664
US,MO,64667
US,MO,64668
US,MO,64670
US,MO,64671
US,MO,64672
US,MO,64673
US,MO,64674
US,MO,64676
US,MO,64679
US,MO,64680
US,MO,64681
US,MO,64682
US,MO,64683
US,MO,64686
US,MO,64688
US,MO,64689
US,MO,64701
US,MO,64720
US,MO,64722
US,MO,64723
US,MO,64724
US,MO,64725
US,MO,64726
US,MO,64728
US,MO,64730
US,MO,64733
US,MO,64734
US,MO,64735
US,MO,64738
US,MO,64739
US,MO,64740
US,MO,64741
US,MO,64742
US,MO,64743
US,MO,64744
US,MO,64745
US,MO,64746
US,MO,64747
US,MO,64748
US,MO,64750
US,MO,64752
US,MO,64755
US,MO,64756
US,MO,64759
US,MO,64761
US,MO,64762
US,MO,64763
US,MO,64765
US,MO,64766
US,MO,64767
US,MO,64769
US,MO,64770
US,MO,64771
US,MO,64772
US,MO,64776
US,MO,64778
US,MO,64779
US,MO,64780
US,MO,64781
US,MO,64783
US,MO,64784
US,MO,64788
US,MO,64790
US,MO,64801
US,MO,64802
US,MO,64803
US,MO,64804
US,MO,64830
US,MO,64831
US,MO,64832
US,MO,64833
US,MO,64834
US,MO,64835
US,MO,64836
US,MO,64840
US,MO,64841
US,MO,64842
US,MO,64843
US,MO,64844
US,MO,64847
US,MO,64848
US,MO,64849
US,MO,64850
US,MO,64853
US,MO,64854
US,MO,64855
US,MO,64856
US,MO,64857
US,MO,64858
US,MO,64859
US,MO,64861
US,MO,64862
US,MO,64863
US,MO,64864
US,MO,64865
US,MO,64866
US,MO,64867
US,MO,64868
US,MO,64870
US,MO,64873
US,MO,64874
US,MO,64999
US,MO,65001
US,MO,65010
US,MO,65011
US,MO,65013
US,MO,65014
US,MO,65016
US,MO,65017
US,MO,65018
US,MO,65020
US,MO,65023
US,MO,65024
US,MO,65025
US,MO,65026
US,MO,65032
US,MO,65034
US,MO,65035
US,MO,65036
US,MO,65037
US,MO,65038
US,MO,65039
US,MO,65040
US,MO,65041
US,MO,65042
US,MO,65043
US,MO,65046
US,MO,65047
US,MO,65048
US,MO,65049
US,MO,65050
US,MO,65051
US,MO,65052
US,MO,65053
US,MO,65054
US,MO,65055
US,MO,65058
US,MO,65059
US,MO,65061
US,MO,65062
US,MO,65063
US,MO,65064
US,MO,65065
US,MO,65066
US,MO,65067
US,MO,65068
US,MO,65069
US,MO,65072
US,MO,65074
US,MO,65075
US,MO,65076
US,MO,65077
US,MO,65078
US,MO,65079
US,MO,65080
US,MO,65081
US,MO,65082
US,MO,65083
US,MO,65084
US,MO,65085
US,MO,65101
US,MO,65102
US,MO,65103
US,MO,65104
US,MO,65105
US,MO,65106
US,MO,65107
US,MO,65108
US,MO,65109
US,MO,65110
US,MO,65111
US,MO,65201
US,MO,65202
US,MO,65203
US,MO,65205
US,MO,65211
US,MO,65212
US,MO,65215
US,MO,65216
US,MO,65217
US,MO,65218
US,MO,65230
US,MO,65231
US,MO,65232
US,MO,65233
US,MO,65236
US,MO,65237
US,MO,65239
US,MO,65240
US,MO,65243
US,MO,65244
US,MO,65246
US,MO,65247
US,MO,65248
US,MO,65250
US,MO,65251
US,MO,65254
US,MO,65255
US,MO,65256
US,MO,65257
US,MO,65258
US,MO,65259
US,MO,65260
US,MO,65261
US,MO,65262
US,MO,65263
US,MO,65264
US,MO,65265
US,MO,65270
US,MO,65274
US,MO,65275
US,MO,65276
US,MO,65278
US,MO,65279
US,MO,65280
US,MO,65281
US,MO,65282
US,MO,65283
US,MO,65284
US,MO,65285
US,MO,65286
US,MO,65287
US,MO,65299
US,MO,65301
US,MO,65302
US,MO,65305
US,MO,65320
US,MO,65321
US,MO,65322
US,MO,65323
US,MO,65324
US,MO,65325
US,MO,65326
US,MO,65327
US,MO,65329
US,MO,65330
US,MO,65332
US,MO,65333
US,MO,65334
US,MO,65335
US,MO,65336
US,MO,65337
US,MO,65338
US,MO,65339
US,MO,65340
US,MO,65344
US,MO,65345
US,MO,65347
US,MO,65348
US,MO,65349
US,MO,65350
US,MO,65351
US,MO,65354
US,MO,65355
US,MO,65360
US,MO,65401
US,MO,65402
US,MO,65409
US,MO,65436
US,MO,65438
US,MO,65439
US,MO,65440
US,MO,65441
US,MO,65443
US,MO,65444
US,MO,65446
US,MO,65449
US,MO,65452
US,MO,65453
US,MO,65456
US,MO,65457
US,MO,65459
US,MO,65461
US,MO,65462
US,MO,65463
US,MO,65464
US,MO,65466
US,MO,65468
US,MO,65470
US,MO,65473
US,MO,65479
US,MO,65483
US,MO,65484
US,MO,65486
US,MO,65501
US,MO,65529
US,MO,65532
US,MO,65534
US,MO,65535
US,MO,65536
US,MO,65541
US,MO,65542
US,MO,65543
US,MO,65546
US,MO,65548
US,MO,65550
US,MO,65552
US,MO,65555
US,MO,65556
US,MO,65557
US,MO,65559
US,MO,65560
US,MO,65564
US,MO,65565
US,MO,65566
US,MO,65567
US,MO,65570
US,MO,65571
US,MO,65580
US,MO,65582
US,MO,65583
US,MO,65584
US,MO,65586
US,MO,65588
US,MO,65589
US,MO,65590
US,MO,65591
US,MO,65601
US,MO,65603
US,MO,65604
US,MO,65605
US,MO,65606
US,MO,65607
US,MO,65608
US,MO,65609
US,MO,65610
US,MO,65611
US,MO,65612
US,MO,65613
US,MO,65614
US,MO,65615
US,MO,65616
US,MO,65617
US,MO,65618
US,MO,65619
US,MO,65620
US,MO,65622
US,MO,65623
US,MO,65624
US,MO,65625
US,MO,65626
US,MO,65627
US,MO,65629
US,MO,65630
US,MO,65631
US,MO,65632
US,MO,65633
US,MO,65634
US,MO,65635
US,MO,65636
US,MO,65637
US,MO,65638
US,MO,65640
US,MO,65641
US,MO,65644
US,MO,65645
US,MO,65646
US,MO,65647
US,MO,65648
US,MO,65649
US,MO,65650
US,MO,65652
US,MO,65653
US,MO,65654
US,MO,65655
US,MO,65656
US,MO,65657
US,MO,65658
US,MO,65660
US,MO,65661
US,MO,65662
US,MO,65663
US,MO,65664
US,MO,65666
US,MO,65667
US,MO,65668
US,MO,65669
US,MO,65672
US,MO,65673
US,MO,65674
US,MO,65675
US,MO,65676
US,MO,65679
US,MO,65680
US,MO,65681
US,MO,65682
US,MO,65685
US,MO,65686
US,MO,65688
US,MO,65689
US,MO,65690
US,MO,65692
US,MO,65702
US,MO,65704
US,MO,65705
US,MO,65706
US,MO,65707
US,MO,65708
US,MO,65710
US,MO,65711
US,MO,65712
US,MO,65713
US,MO,65714
US,MO,65715
US,MO,65717
US,MO,65720
US,MO,65721
US,MO,65722
US,MO,65723
US,MO,65724
US,MO,65725
US,MO,65726
US,MO,65727
US,MO,65728
US,MO,65729
US,MO,65730
US,MO,65731
US,MO,65732
US,MO,65733
US,MO,65734
US,MO,65735
US,MO,65737
US,MO,65738
US,MO,65739
US,MO,65740
US,MO,65741
US,MO,65742
US,MO,65744
US,MO,65745
US,MO,65746
US,MO,65747
US,MO,65752
US,MO,65753
US,MO,65754
US,MO,65755
US,MO,65756
US,MO,65757
US,MO,65759
US,MO,65760
US,MO,65761
US,MO,65762
US,MO,65764
US,MO,65765
US,MO,65766
US,MO,65767
US,MO,65768
US,MO,65769
US,MO,65770
US,MO,65771
US,MO,65772
US,MO,65773
US,MO,65774
US,MO,65775
US,MO,65777
US,MO,65778
US,MO,65779
US,MO,65781
US,MO,65783
US,MO,65784
US,MO,65785
US,MO,65786
US,MO,65787
US,MO,65788
US,MO,65789
US,MO,65790
US,MO,65791
US,MO,65793
US,MO,65801
US,MO,65802
US,MO,65803
US,MO,65804
US,MO,65805
US,MO,65806
US,MO,65807
US,MO,65808
US,MO,65809
US,MO,65810
US,MO,65814
US,MO,65817
US,MO,65890
US,MO,65897
US,MO,65898
US,MO,65899
US,KS,66002
US,KS,66006
US,KS,66007
US,KS,66008
US,KS,66010
US,KS,66012
US,KS,66013
US,KS,66014
US,KS,66015
US,KS,66016
US,KS,66017
US,KS,66018
US,KS,66020
US,KS,66021
US,KS,66023
US,KS,66024
US,KS,66025
US,KS,66026
US,KS,66027
US,KS,66030
US,KS,66031
US,KS,66032
US,KS,66033
US,KS,66035
US,KS,66036
US,KS,66039
US,KS,66040
US,KS,66041
US,KS,66042
US,KS,66043
US,KS,66044
US,KS,66045
US,KS,66046
US,KS,66047
US,KS,66048
US,KS,66049
US,KS,66050
US,KS,66051
US,KS,66052
US,KS,66053
US,KS,66054
US,KS,66056
US,KS,66058
US,KS,66060
US,KS,66061
US,KS,66062
US,KS,66063
US,KS,66064
US,KS,66066
US,KS,66067
US,KS,66070
US,KS,66071
US,KS,66072
US,KS,66073
US,KS,66075
US,KS,66076
US,KS,66078
US,KS,66079
US,KS,66080
US,KS,66083
US,KS,66085
US,KS,66086
US,KS,66087
US,KS,66088
US,KS,66090
US,KS,66091
US,KS,66092
US,KS,66093
US,KS,66094
US,KS,66095
US,KS,66097
US,KS,66101
US,KS,66102
US,KS,66103
US,KS,66104
US,KS,66105
US,KS,66106
US,KS,66109
US,KS,66110
US,KS,66111
US,KS,66112
US,KS,66113
US,KS,66115
US,KS,66117
US,KS,66118
US,KS,66119
US,KS,66160
US,KS,66201
US,KS,66202
US,KS,66203
US,KS,66204
US,KS,66205
US,KS,66206
US,KS,66207
US,KS,66208
US,KS,66209
US,KS,66210
US,KS,66211
US,KS,66212
US,KS,66213
US,KS,66214
US,KS,66215
US,KS,66216
US,KS,66217
US,KS,66218
US,KS,66219
US,KS,66220
US,KS,66221
US,KS,66222
US,KS,66223
US,KS,66224
US,KS,66225
US,KS,66226
US,KS,66227
US,KS,66250
US,KS,66251
US,KS,66276
US,KS,66282
US,KS,66283
US,KS,66285
US,KS,66286
US,KS,66401
US,KS,66402
US,KS,66403
US,KS,66404
US,KS,66406
US,KS,66407
US,KS,66408
US,KS,66409
US,KS,66411
US,KS,66412
US,KS,66413
US,KS,66414
US,KS,66415
US,KS,66416
US,KS,66417
US,KS,66418
US,KS,66419
US,KS,66420
US,KS,66422
US,KS,66423
US,KS,66424
US,KS,66425
US,KS,66426
US,KS,66427
US,KS,66428
US,KS,66429
US,KS,66431
US,KS,66432
US,KS,66434
US,KS,66436
US,KS,66438
US,KS,66439
US,KS,66440
US,KS,66441
US,KS,66442
US,KS,66449
US,KS,66451
US,KS,66501
US,KS,66502
US,KS,66503
US,KS,66505
US,KS,66506
US,KS,66507
US,KS,66508
US,KS,66509
US,KS,66510
US,KS,66512
US,KS,66514
US,KS,66515
US,KS,66516
US,KS,66517
US,KS,66518
US,KS,66520
US,KS,66521
US,KS,66522
US,KS,66523
US,KS,66524
US,KS,66526
US,KS,66527
US,KS,66528
US,KS,66531
US,KS,66532
US,KS,66533
US,KS,66534
US,KS,66535
US,KS,66536
US,KS,66537
US,KS,66538
US,KS,66539
US,KS,66540
US,KS,66541
US,KS,66542
US,KS,66543
US,KS,66544
US,KS,66546
US,KS,66547
US,KS,66548
US,KS,66549
US,KS,66550
US,KS,66552
US,KS,66554
US,KS,66601
US,KS,66603
US,KS,66604
US,KS,66605
US,KS,66606
US,KS,66607
US,KS,66608
US,KS,66609
US,KS,66610
US,KS,66611
US,KS,66612
US,KS,66614
US,KS,66615
US,KS,66616
US,KS,66617
US,KS,66618
US,KS,66619
US,KS,66620
US,KS,66621
US,KS,66622
US,KS,66624
US,KS,66625
US,KS,66626
US,KS,66629
US,KS,66630
US,KS,66636
US,KS,66647
US,KS,66667
US,KS,66675
US,KS,66683
US,KS,66699
US,KS,66701
US,KS,66710
US,KS,66711
US,KS,66712
US,KS,66713
US,KS,66714
US,KS,66716
US,KS,66717
US,KS,66720
US,KS,66724
US,KS,66725
US,KS,66728
US,KS,66732
US,KS,66733
US,KS,66734
US,KS,66735
US,KS,66736
US,KS,66738
US,KS,66739
US,KS,66740
US,KS,66741
US,KS,66742
US,KS,66743
US,KS,66746
US,KS,66748
US,KS,66749
US,KS,66751
US,KS,66753
US,KS,66754
US,KS,66755
US,KS,66756
US,KS,66757
US,KS,66758
US,KS,66760
US,KS,66761
US,KS,66762
US,KS,66763
US,KS,66767
US,KS,66769
US,KS,66770
US,KS,66771
US,KS,66772
US,KS,66773
US,KS,66775
US,KS,66776
US,KS,66777
US,KS,66778
US,KS,66779
US,KS,66780
US,KS,66781
US,KS,66782
US,KS,66783
US,KS,66801
US,KS,66830
US,KS,66833
US,KS,66834
US,KS,66835
US,KS,66838
US,KS,66839
US,KS,66840
US,KS,66842
US,KS,66843
US,KS,66845
US,KS,66846
US,KS,66849
US,KS,66850
US,KS,66851
US,KS,66852
US,KS,66853
US,KS,66854
US,KS,66855
US,KS,66856
US,KS,66857
US,KS,66858
US,KS,66859
US,KS,66860
US,KS,66861
US,KS,66862
US,KS,66863
US,KS,66864
US,KS,66865
US,KS,66866
US,KS,66868
US,KS,66869
US,KS,66870
US,KS,66871
US,KS,66872
US,KS,66873
US,KS,66901
US,KS,66930
US,KS,66932
US,KS,66933
US,KS,66935
US,KS,66936
US,KS,66937
US,KS,66938
US,KS,66939
US,KS,66940
US,KS,67548
US,KS,67550
US,KS,67552
US,KS,67553
US,KS,67554
US,KS,67556
US,KS,67557
US,KS,67559
US,KS,67560
US,KS,67561
US,KS,67563
US,KS,67564
US,KS,67565
US,KS,67566
US,KS,67567
US,KS,67568
US,KS,67570
US,KS,67572
US,KS,67573
US,KS,67574
US,KS,67575
US,KS,67576
US,KS,67578
US,KS,67579
US,KS,67581
US,KS,67583
US,KS,67584
US,KS,67585
US,KS,67601
US,KS,67621
US,KS,67622
US,KS,67623
US,KS,67625
US,KS,67626
US,KS,67627
US,KS,67628
US,KS,67629
US,KS,67631
US,KS,67632
US,KS,67634
US,KS,67635
US,KS,67637
US,KS,67638
US,KS,67639
US,KS,67640
US,KS,67642
US,KS,67643
US,KS,67644
US,KS,67645
US,KS,67646
US,KS,67647
US,KS,67648
US,KS,67649
US,KS,67650
US,KS,67651
US,KS,67653
US,KS,67654
US,KS,67656
US,KS,67657
US,KS,67658
US,KS,67659
US,KS,67660
US,KS,67661
US,KS,67663
US,KS,67664
US,KS,67665
US,KS,67667
US,KS,67669
US,KS,67671
US,KS,67672
US,KS,67673
US,KS,67674
US,KS,67675
US,KS,67701
US,KS,67730
US,KS,67731
US,KS,67732
US,KS,67733
US,KS,67734
US,KS,67735
US,KS,67736
US,KS,67737
US,KS,67738
US,KS,67739
US,KS,67740
US,KS,67741
US,KS,67743
US,KS,67744
US,KS,67745
US,KS,67747
US,KS,67748
US,KS,67749
US,KS,67751
US,KS,67752
US,KS,67753
US,KS,67756
US,KS,67757
US,KS,67758
US,KS,67761
US,KS,67762
US,KS,67764
US,KS,67801
US,KS,67831
US,KS,67834
US,KS,67835
US,KS,67836
US,KS,67837
US,KS,67838
US,KS,67839
US,KS,67840
US,KS,67841
US,KS,67842
US,KS,67843
US,KS,67844
US,KS,67846
US,KS,67849
US,KS,67850
US,KS,67851
US,KS,67853
US,KS,67854
US,KS,67855
US,KS,67857
US,KS,67859
US,KS,67860
US,KS,67861
US,KS,67862
US,KS,67863
US,KS,67864
US,KS,67865
US,KS,67867
US,KS,67868
US,KS,67869
US,KS,67870
US,KS,67871
US,KS,67876
US,KS,67877
US,KS,67878
US,KS,67879
US,KS,67880
US,KS,67882
US,KS,67901
US,KS,67905
US,KS,67950
US,KS,67951
US,KS,67952
US,KS,67953
US,KS,67954
US,NE,68001
US,NE,68002
US,NE,68003
US,NE,68004
US,NE,68005
US,NE,68007
US,NE,68008
US,NE,68010
US,NE,68014
US,NE,68015
US,NE,68016
US,NE,68017
US,NE,68018
US,NE,68019
US,NE,68020
US,NE,68022
US,NE,68023
US,NE,68025
US,NE,68026
US,NE,68028
US,NE,68029
US,NE,68030
US,NE,68031
US,NE,68033
US,NE,68034
US,NE,68036
US,NE,68037
US,NE,68038
US,NE,68039
US,NE,68040
US,NE,68041
US,NE,68042
US,NE,68044
US,NE,68045
US,NE,68046
US,NE,68047
US,NE,68048
US,NE,68050
US,NE,68055
US,NE,68056
US,NE,68057
US,NE,68058
US,NE,68059
US,NE,68061
US,NE,68062
US,NE,68063
US,NE,68064
US,NE,68065
US,NE,68066
US,NE,68067
US,NE,68068
US,NE,68069
US,NE,68070
US,NE,68071
US,NE,68072
US,NE,68073
US,NE,68101
US,NE,68102
US,NE,68103
US,NE,68104
US,NE,68105
US,NE,68106
US,NE,68107
US,NE,68108
US,NE,68109
US,NE,68110
US,NE,68111
US,NE,68112
US,NE,68113
US,NE,68114
US,NE,68116
US,NE,68117
US,NE,68118
US,NE,68119
US,NE,68122
US,NE,68123
US,NE,68124
US,NE,68127
US,NE,68128
US,NE,68130
US,NE,68131
US,NE,68132
US,NE,68133
US,NE,68134
US,NE,68135
US,NE,68136
US,NE,68137
US,NE,68138
US,NE,68139
US,NE,68142
US,NE,68144
US,NE,68145
US,NE,68147
US,NE,68152
US,NE,68154
US,NE,68157
US,NE,68164
US,NE,68172
US,NE,68175
US,NE,68176
US,NE,68178
US,NE,68179
US,NE,68180
US,NE,68182
US,NE,68183
US,NE,68197
US,NE,68198
US,NE,68301
US,NE,68303
US,NE,68304
US,NE,68305
US,NE,68307
US,NE,68309
US,NE,68310
US,NE,68313
US,NE,68314
US,NE,68315
US,NE,68316
US,NE,68317
US,NE,68318
US,NE,68319
US,NE,68320
US,AR,71944
US,AR,71945
US,AR,71949
US,AR,71950
US,AR,71952
US,AR,71953
US,AR,71956
US,AR,71957
US,AR,71958
US,AR,71959
US,AR,71960
US,AR,71961
US,AR,71962
US,AR,71964
US,AR,71965
US,AR,71966
US,AR,71968
US,AR,71969
US,AR,71970
US,AR,71971
US,AR,71972
US,AR,71973
US,AR,71998
US,AR,71999
US,AR,72001
US,AR,72002
US,AR,72003
US,AR,72004
US,AR,72005
US,AR,72006
US,AR,72007
US,AR,72010
US,AR,72011
US,AR,72012
US,AR,72013
US,AR,72014
US,AR,72015
US,AR,72016
US,AR,72017
US,AR,72018
US,AR,72019
US,AR,72020
US,AR,72021
US,AR,72022
US,AR,72023
US,AR,72024
US,AR,72025
US,AR,72026
US,AR,72027
US,AR,72028
US,AR,72029
US,AR,72030
US,AR,72031
US,AR,72032
US,AR,72033
US,AR,72034
US,AR,72035
US,AR,72036
US,AR,72037
US,AR,72038
US,AR,72039
US,AR,72040
US,AR,72041
US,AR,72042
US,AR,72043
US,AR,72044
US,AR,72045
US,AR,72046
US,AR,72047
US,AR,72048
US,AR,72051
US,AR,72052
US,AR,72053
US,AR,72055
US,AR,72057
US,AR,72058
US,AR,72059
US,AR,72060
US,AR,72061
US,AR,72063
US,AR,72064
US,AR,72065
US,AR,72066
US,AR,72067
US,AR,72068
US,AR,72069
US,AR,72070
US,AR,72072
US,AR,72073
US,AR,72074
US,AR,72075
US,AR,72076
US,AR,72078
US,AR,72079
US,AR,72080
US,AR,72081
US,AR,72082
US,AR,72083
US,AR,72084
US,AR,72085
US,AR,72086
US,AR,72087
US,AR,72088
US,AR,72089
US,AR,72099
US,AR,72101
US,AR,72102
US,AR,72103
US,AR,72104
US,AR,72106
US,AR,72107
US,AR,72108
US,AR,72110
US,AR,72111
US,AR,72112
US,AR,72113
US,AR,72114
US,AR,72115
US,AR,72116
US,AR,72117
US,AR,72118
US,AR,72119
US,AR,72120
US,AR,72121
US,AR,72122
US,AR,72123
US,AR,72124
US,AR,72125
US,AR,72126
US,AR,72127
US,AR,72128
US,AR,72129
US,AR,72130
US,AR,72131
US,AR,72132
US,AR,72133
US,AR,72134
US,AR,72135
US,AR,72136
US,AR,72137
US,AR,72139
US,AR,72140
US,AR,72141
US,AR,72142
US,AR,72143
US,AR,72145
US,AR,72149
US,AR,72150
US,AR,72152
US,AR,72153
US,AR,72156
US,AR,72157
US,AR,72158
US,AR,72160
US,AR,72164
US,AR,72165
US,AR,72166
US,AR,72167
US,AR,72168
US,AR,72169
US,AR,72170
US,AR,72173
US,AR,72175
US,AR,72176
US,AR,72178
US,AR,72179
US,AR,72180
US,AR,72181
US,AR,72182
US,AR,72183
US,AR,72190
US,AR,72199
US,AR,72201
US,AR,72202
US,AR,72203
US,AR,72204
US,AR,72205
US,AR,72206
US,AR,72207
US,AR,72209
US,AR,72210
US,AR,72211
US,AR,72212
US,AR,72214
US,AR,72215
US,AR,72216
US,AR,72217
US,AR,72219
US,AR,72221
US,AR,72222
US,AR,72223
US,AR,72225
US,AR,72227
US,AR,72231
US,AR,72255
US,AR,72260
US,AR,72295
US,AR,72301
US,AR,72303
US,AR,72310
US,AR,72311
US,AR,72312
US,AR,72313
US,AR,72315
US,AR,72316
US,AR,72319
US,AR,72320
US,AR,72321
US,AR,72322
US,AR,72324
US,AR,72325
US,AR,72326
US,AR,72327
US,AR,72328
US,AR,72329
US,AR,72330
US,AR,72331
US,AR,72332
US,AR,72333
US,AR,72335
US,AR,72336
US,AR,72338
US,AR,72339
US,AR,72340
US,AR,72341
US,AR,72342
US,AR,72346
US,AR,72347
US,AR,72348
US,AR,72350
US,AR,72351
US,AR,72352
US,AR,72353
US,AR,72354
US,AR,72355
US,AR,72358
US,AR,72359
US,AR,72360
US,AR,72364
US,AR,72365
US,AR,72366
US,AR,72367
US,AR,72368
US,AR,72369
US,AR,72370
US,AR,72372
US,AR,72373
US,AR,72374
US,AR,72376
US,AR,72377
US,AR,72379
US,AR,72383
US,AR,72384
US,AR,72386
US,AR,72387
US,AR,72389
US,AR,72390
US,AR,72391
US,AR,72392
US,AR,72394
US,AR,72395
US,AR,72396
US,AR,72401
US,AR,72402
US,AR,72403
US,AR,72404
US,AR,72405
US,AR,72410
US,AR,72411
US,AR,72412
US,AR,72413
US,AR,72414
US,AR,72415
US,AR,72416
US,AR,72417
US,AR,72419
US,AR,72421
US,AR,72422
US,AR,72424
US,AR,72425
US,AR,72426
US,AR,72427
US,AR,72428
US,AR,72429
US,AR,72430
US,AR,72431
US,AR,72432
US,AR,72433
US,AR,72434
US,AR,72435
US,AR,72436
US,AR,72437
US,AR,72438
US,AR,72440
US,AR,72441
US,AR,72442
US,AR,72443
US,AR,72444
US,AR,72445
US,AR,72447
US,AR,72449
US,AR,72450
US,AR,72451
US,AR,72453
US,AR,72454
US,AR,72455
US,AR,72456
US,AR,72457
US,AR,72458
US,AR,72459
US,AR,72460
US,AR,72461
US,AR,72462
US,AR,72464
US,AR,72465
US,AR,72466
US,AR,72467
US,AR,72469
US,AR,72470
US,AR,72471
US,AR,72472
US,AR,72473
US,AR,72474
US,AR,72475
US,AR,72476
US,AR,72478
US,AR,72479
US,AR,72482
US,AR,72501
US,AR,72503
US,AR,72512
US,AR,72513
US,AR,72515
US,AR,72517
US,AR,72519
US,AR,72520
US,AR,72521
US,AR,72522
US,AR,72523
US,AR,72524
US,AR,72525
US,AR,72526
US,AR,72527
US,AR,72528
US,AR,72529
US,AR,72530
US,AR,72531
US,AR,72532
US,AR,72533
US,AR,72534
US,AR,72536
US,AR,72537
US,AR,72538
US,AR,72539
US,AR,72540
US,AR,72542
US,AR,72543
US,AR,72544
US,AR,72545
US,AR,72546
US,AR,72550
US,AR,72553
US,AR,72554
US,AR,72555
US,AR,72556
US,AR,72560
US,AR,72561
US,AR,72562
US,AR,72564
US,AR,72565
US,AR,72566
US,AR,72567
US,AR,72568
US,AR,72569
US,AR,72571
US,AR,72572
US,AR,72573
US,AR,72575
US,AR,72576
US,AR,72577
US,AR,72578
US,AR,72579
US,AR,72581
US,AR,72583
US,AR,72584
US,AR,72585
US,AR,72587
US,AR,72601
US,AR,72602
US,AR,72611
US,AR,72613
US,AR,72615
US,AR,72616
US,AR,72617
US,AR,72619
US,AR,72623
US,AR,72624
US,AR,72626
US,AR,72628
US,AR,72629
US,AR,72630
US,AR,72631
US,AR,72632
US,AR,72633
US,AR,72634
US,AR,72635
US,AR,72636
US,AR,72638
US,AR,72639
US,AR,72640
US,AR,72641
US,AR,72642
US,AR,72643
US,AR,72644
US,AR,72645
US,AR,72648
US,AR,72650
US,AR,72651
US,AR,72653
US,AR,72654
US,AR,72655
US,AR,72657
US,AR,72658
US,AR,72659
US,AR,72660
US,AR,72661
US,AR,72662
US,AR,72663
US,AR,72666
US,AR,72668
US,AR,72669
US,AR,72670
US,AR,72672
US,AR,72675
US,AR,72677
US,AR,72679
US,AR,72680
US,AR,72682
US,AR,72683
US,AR,72685
US,AR,72686
US,AR,72687
US,AR,72701
US,AR,72702
US,AR,72703
US,AR,72704
US,AR,72711
US,AR,72712
US,AR,72713
US,AR,72714
US,AR,72715
US,AR,72716
US,AR,72717
US,AR,72718
US,AR,72719
US,AR,72721
US,AR,72722
US,AR,72727
US,AR,72728
US,AR,72729
US,AR,72730
US,AR,72732
US,AR,72733
US,AR,72734
US,AR,72735
US,AR,72736
US,AR,72737
US,AR,72738
US,AR,72739
US,AR,72740
US,AR,72741
US,AR,72742
US,AR,72744
US,AR,72745
US,AR,72747
US,AR,72749
US,AR,72751
US,AR,72752
US,AR,72753
US,AR,72756
US,AR,72757
US,AR,72758
US,AR,72760
US,AR,72761
US,AR,72762
US,AR,72764
US,AR,72765
US,AR,72766
US,AR,72768
US,AR,72769
US,AR,72770
US,AR,72773
US,AR,72774
US,AR,72776
US,AR,72801
US,AR,72802
US,AR,72811
US,AR,72812
US,AR,72820
US,AR,72821
US,AR,72823
US,AR,72824
US,AR,72826
US,AR,72827
US,AR,72828
US,AR,72829
US,AR,72830
US,AR,72832
US,AR,72833
US,AR,72834
US,AR,72835
US,AR,72837
US,AR,72838
US,AR,72839
US,AR,72840
US,AR,72841
US,AR,72842
US,AR,72843
US,AR,72845
US,AR,72846
US,AR,72847
US,AR,72851
US,AR,72852
US,AR,72853
US,AR,72854
US,AR,72855
US,AR,72856
US,AR,72857
US,AR,72858
US,AR,72860
US,AR,72863
US,AR,72865
US,AR,72901
US,AR,72902
US,AR,72903
US,AR,72904
US,AR,72905
US,AR,72906
US,AR,72908
US,AR,72913
US,AR,72914
US,AR,72916
US,AR,72917
US,AR,72918
US,AR,72919
US,AR,72921
US,AR,72923
US,AR,72926
US,AR,72927
US,AR,72928
US,AR,72930
US,AR,72932
US,AR,72933
US,AR,72934
US,AR,72935
US,AR,72936
US,AR,72937
US,AR,72938
US,AR,72940
US,AR,72941
US,AR,72943
US,AR,72944
US,AR,72945
US,AR,72946
US,AR,72947
US,AR,72948
US,AR,72949
US,AR,72950
US,AR,72951
US,AR,72952
US,AR,72955
US,AR,72956
US,AR,72957
US,AR,72958
US,AR,72959
US,OK,73001
US,OK,73002
US,OK,73003
US,OK,73004
US,OK,73005
US,OK,73006
US,OK,73007
US,OK,73008
US,OK,73009
US,OK,73010
US,OK,73011
US,OK,73012
US,OK,73013
US,OK,73014
US,OK,73015
US,OK,73016
US,OK,73017
US,OK,73018
US,OK,73019
US,OK,73020
US,OK,73021
US,OK,73022
US,OK,73023
US,OK,73024
US,OK,73025
US,OK,73026
US,OK,73027
US,OK,73028
US,OK,73029
US,OK,73030
US,OK,73031
US,OK,73032
US,OK,73033
US,OK,73034
US,OK,73036
US,OK,73038
US,OK,73039
US,OK,73040
US,OK,73041
US,OK,73042
US,OK,73043
US,OK,73044
US,OK,73045
US,OK,73047
US,OK,73048
US,OK,73049
US,OK,73050
US,OK,73051
US,OK,73052
US,OK,73053
US,OK,73054
US,OK,73055
US,OK,73056
US,OK,73057
US,OK,73058
US,OK,73059
US,OK,73061
US,OK,73062
US,OK,73063
US,OK,73064
US,OK,73065
US,OK,73066
US,OK,73067
US,OK,73068
US,OK,73069
US,OK,73070
US,OK,73071
US,OK,73072
US,OK,73073
US,OK,73074
US,OK,73075
US,OK,73077
US,OK,73078
US,OK,73079
US,OK,73080
US,OK,73082
US,OK,73083
US,OK,73084
US,OK,73085
US,OK,73086
US,OK,73089
US,OK,73090
US,OK,73092
US,OK,73093
US,OK,73095
US,OK,73096
US,OK,73097
US,OK,73098
US,OK,73099
US,OK,73101
US,OK,73102
US,OK,73103
US,OK,73104
US,OK,73105
US,OK,73106
US,OK,73107
US,OK,73108
US,OK,73109
US,OK,73110
US,OK,73111
US,OK,73112
US,OK,73113
US,OK,73114
US,OK,73115
US,OK,73116
US,OK,73117
US,OK,73118
US,OK,73119
US,OK,73120
US,OK,73121
US,OK,73122
US,OK,73123
US,OK,73124
US,OK,73125
US,OK,73126
US,OK,73127
US,OK,73128
US,OK,73129
US,OK,73130
US,OK,73131
US,OK,73132
US,OK,73134
US,OK,73135
US,OK,73136
US,OK,73137
US,OK,73139
US,OK,73140
US,OK,73141
US,OK,73142
US,OK,73143
US,OK,73144
US,OK,73145
US,OK,73146
US,OK,73147
US,OK,73148
US,OK,73149
US,OK,73150
US,OK,73151
US,OK,73152
US,OK,73153
US,OK,73154
US,OK,73155
US,OK,73156
US,OK,73157
US,OK,73159
US,OK,73160
US,OK,73162
US,OK,73163
US,OK,73164
US,OK,73165
US,OK,73167
US,OK,73169
US,OK,73170
US,OK,73172
US,OK,73173
US,OK,73178
US,OK,73179
US,OK,73184
US,OK,73189
US,OK,73190
US,OK,73194
US,OK,73195
US,OK,73196
US,OK,73301
US,OK,73344
US,OK,73401
US,OK,73402
US,OK,73403
US,OK,73425
US,OK,73430
US,OK,73432
US,OK,73433
US,OK,73434
US,OK,73435
US,OK,73436
US,OK,73437
US,OK,73438
US,OK,73439
US,OK,73440
US,OK,73441
US,OK,73442
US,OK,73443
US,OK,73444
US,OK,73446
US,OK,73447
US,OK,73448
US,OK,73449
US,OK,73450
US,OK,73453
US,OK,73455
US,OK,73456
US,OK,73458
US,OK,73459
US,OK,73460
US,OK,73461
US,OK,73463
US,OK,73481
US,OK,73487
US,OK,73488
US,OK,73491
US,OK,73501
US,OK,73502
US,OK,73503
US,OK,73505
US,OK,73506
US,OK,73507
US,OK,73520
US,OK,73521
US,OK,73522
US,OK,73523
US,OK,73526
US,OK,73527
US,OK,73528
US,OK,73529
US,OK,73530
US,OK,73531
US,OK,73532
US,OK,73533
US,OK,73534
US,OK,73536
US,OK,73537
US,OK,73538
US,OK,73539
US,OK,73540
US,OK,73541
US,OK,73542
US,OK,73543
US,OK,73544
US,OK,73546
US,OK,73547
US,OK,73548
US,OK,73549
US,OK,73550
US,OK,73551
US,OK,73552
US,OK,73553
US,OK,73554
US,OK,73555
US,OK,73556
US,OK,73557
US,OK,73558
US,OK,73559
US,OK,73560
US,OK,73561
US,OK,73562
US,OK,73564
US,OK,73565
US,OK,73566
US,OK,73567
US,OK,73568
US,OK,73569
US,OK,73570
US,OK,73571
US,OK,73572
US,OK,73573
US,OK,73601
US,OK,73620
US,OK,73622
US,OK,73624
US,OK,73625
US,OK,73626
US,OK,73627
US,OK,73628
US,OK,73632
US,OK,73638
US,OK,73639
US,OK,73641
US,OK,73642
US,OK,73644
US,OK,73645
US,OK,73646
US,OK,73647
US,OK,73648
US,OK,73650
US,OK,73651
US,OK,73654
US,OK,73655
US,OK,73658
US,OK,73659
US,OK,73660
US,OK,73661
US,OK,73662
US,OK,73663
US,OK,73664
US,OK,73666
US,OK,73667
US,OK,73668
US,OK,73669
US,OK,73673
US,OK,73701
US,OK,73702
US,OK,73703
US,OK,73705
US,OK,73706
US,OK,73716
US,OK,73717
US,OK,73718
US,OK,73719
US,OK,73720
US,OK,73722
US,OK,73724
US,OK,73726
US,OK,73727
US,OK,73728
US,OK,73729
US,OK,73730
US,OK,73731
US,OK,73733
US,OK,73734
US,OK,73735
US,OK,73736
US,OK,73737
US,OK,73738
US,OK,73739
US,OK,73741
US,OK,73742
US,OK,73743
US,OK,73744
US,OK,73746
US,OK,73747
US,OK,73749
US,OK,73750
US,OK,73753
US,OK,73754
US,OK,73755
US,OK,73756
US,OK,73757
US,OK,73758
US,OK,73759
US,OK,73760
US,OK,73761
US,OK,73762
US,OK,73763
US,OK,73764
US,OK,73766
US,OK,73768
US,OK,73770
US,OK,73771
US,OK,73772
US,OK,73773
US,OK,73801
US,OK,73802
US,OK,73832
US,OK,73834
US,OK,73835
US,OK,73838
US,OK,73840
US,OK,73841
US,OK,73842
US,OK,73843
US,OK,73844
US,OK,73848
US,OK,73851
US,OK,73852
US,OK,73853
US,OK,73855
US,OK,73857
US,OK,73858
US,OK,73859
US,OK,73860
US,OK,73901
US,OK,73931
US,OK,73932
US,OK,73933
US,OK,73937
US,OK,73938
US,OK,73939
US,OK,73942
US,OK,73944
US,OK,73945
US,OK,73946
US,OK,73947
US,OK,73949
US,OK,73950
US,OK,73951
US,OK,73960
US,OK,74001
US,OK,74002
US,OK,74003
US,OK,74004
US,OK,74005
US,OK,74006
US,OK,74008
US,OK,74010
US,OK,74011
US,OK,74012
US,OK,74013
US,OK,74014
US,OK,74015
US,OK,74016
US,OK,74017
US,OK,74018
US,OK,74019
US,OK,74020
US,OK,74021
US,OK,74022
US,OK,74023
US,OK,74026
US,OK,74027
US,OK,74028
US,OK,74029
US,OK,74030
US,OK,74031
US,OK,74032
US,OK,74033
US,OK,74034
US,OK,74035
US,OK,74036
US,OK,74037
US,OK,74038
US,OK,74039
US,OK,74041
US,OK,74042
US,OK,74043
US,OK,74044
US,OK,74045
US,OK,74046
US,OK,74047
US,OK,74048
US,OK,74050
US,OK,74051
US,OK,74052
US,OK,74053
US,OK,74054
US,OK,74055
US,OK,74056
US,OK,74058
US,OK,74059
US,OK,74060
US,OK,74061
US,OK,74062
US,OK,74063
US,OK,74066
US,OK,74067
US,OK,74068
US,OK,74070
US,OK,74071
US,OK,74072
US,OK,74073
US,OK,74074
US,OK,74075
US,OK,74076
US,OK,74077
US,OK,74078
US,OK,74079
US,OK,74080
US,OK,74081
US,OK,74082
US,OK,74083
US,OK,74084
US,OK,74085
US,OK,74101
US,OK,74102
US,OK,74103
US,OK,74104
US,OK,74105
US,OK,74106
US,OK,74107
US,OK,74108
US,OK,74110
US,OK,74112
US,OK,74114
US,OK,74115
US,OK,74116
US,OK,74117
US,OK,74119
US,OK,74120
US,OK,74121
US,OK,74126
US,OK,74127
US,OK,74128
US,OK,74129
US,OK,74130
US,OK,74131
US,OK,74132
US,OK,74133
US,OK,74134
US,OK,74135
US,OK,74136
US,OK,74137
US,OK,74141
US,OK,74145
US,OK,74146
US,OK,74147
US,OK,74148
US,OK,74149
US,OK,74150
US,OK,74152
US,OK,74153
US,OK,74155
US,OK,74156
US,OK,74157
US,OK,74158
US,OK,74159
US,OK,74169
US,OK,74170
US,OK,74171
US,OK,74172
US,OK,74182
US,OK,74186
US,OK,74187
US,NE,68820
US,NE,68821
US,NE,68822
US,NE,68823
US,NE,68824
US,NE,68825
US,NE,68826
US,NE,68827
US,NE,68828
US,NE,68831
US,NE,68832
US,NE,68833
US,NE,68834
US,NE,68835
US,NE,68836
US,NE,68837
US,NE,68838
US,NE,68840
US,NE,68841
US,NE,68842
US,NE,68843
US,NE,68844
US,NE,68845
US,NE,68846
US,NE,68847
US,NE,68848
US,NE,68849
US,NE,68850
US,NE,68852
US,NE,68853
US,NE,68854
US,NE,68855
US,NE,68856
US,NE,68858
US,NE,68859
US,NE,68860
US,NE,68861
US,NE,68862
US,NE,68863
US,NE,68864
US,NE,68865
US,NE,68866
US,NE,68869
US,NE,68870
US,NE,68871
US,NE,68872
US,NE,68873
US,NE,68874
US,NE,68875
US,NE,68876
US,NE,68878
US,NE,68879
US,NE,68881
US,NE,68882
US,NE,68883
US,NE,68901
US,NE,68902
US,NE,68920
US,NE,68922
US,NE,68923
US,NE,68924
US,NE,68925
US,NE,68926
US,NE,68927
US,NE,68928
US,NE,68929
US,NE,68930
US,NE,68932
US,NE,68933
US,NE,68934
US,NE,68935
US,NE,68936
US,NE,68937
US,NE,68938
US,NE,68939
US,NE,68940
US,NE,68941
US,NE,68942
US,NE,68943
US,NE,68944
US,NE,68945
US,NE,68946
US,NE,68947
US,NE,68948
US,NE,68949
US,NE,68950
US,NE,68952
US,NE,68954
US,NE,68955
US,NE,68956
US,NE,68957
US,NE,68958
US,NE,68959
US,NE,68960
US,NE,68961
US,NE,68964
US,NE,68966
US,NE,68967
US,NE,68969
US,NE,68970
US,NE,68971
US,NE,68972
US,NE,68973
US,NE,68974
US,NE,68975
US,NE,68976
US,NE,68977
US,NE,68978
US,NE,68979
US,NE,68980
US,NE,68981
US,NE,68982
US,NE,69001
US,NE,69020
US,NE,69021
US,NE,69022
US,NE,69023
US,NE,69024
US,NE,69025
US,NE,69026
US,NE,69027
US,NE,69028
US,NE,69029
US,NE,69030
US,NE,69032
US,NE,69033
US,NE,69034
US,NE,69036
US,NE,69037
US,NE,69038
US,NE,69039
US,NE,69040
US,NE,69041
US,NE,69042
US,NE,69043
US,NE,69044
US,NE,69045
US,NE,69046
US,NE,69101
US,NE,69103
US,NE,69120
US,NE,69121
US,NE,69122
US,NE,69123
US,NE,69125
US,NE,69127
US,NE,69128
US,NE,69129
US,NE,69130
US,NE,69131
US,NE,69132
US,NE,69133
US,NE,69134
US,NE,69135
US,NE,69138
US,NE,69140
US,NE,69141
US,NE,69142
US,NE,69143
US,NE,69144
US,NE,69145
US,NE,69146
US,NE,69147
US,NE,69148
US,NE,69149
US,NE,69150
US,NE,69151
US,NE,69152
US,NE,69153
US,NE,69154
US,NE,69155
US,NE,69156
US,NE,69157
US,NE,69160
US,NE,69161
US,NE,69162
US,NE,69163
US,NE,69165
US,NE,69166
US,NE,69167
US,NE,69168
US,NE,69169
US,NE,69170
US,NE,69171
US,NE,69190
US,NE,69201
US,NE,69210
US,NE,69211
US,NE,69212
US,NE,69214
US,NE,69216
US,NE,69217
US,NE,69218
US,NE,69219
US,NE,69220
US,NE,69221
US,NE,69301
US,NE,69331
US,NE,69333
US,NE,69334
US,NE,69335
US,NE,69336
US,NE,69337
US,NE,69339
US,NE,69340
US,NE,69341
US,NE,69343
US,NE,69345
US,NE,69346
US,NE,69347
US,NE,69348
US,NE,69350
US,NE,69351
US,NE,69352
US,NE,69353
US,NE,69354
US,NE,69355
US,NE,69356
US,NE,69357
US,NE,69358
US,NE,69360
US,NE,69361
US,NE,69363
US,NE,69365
US,NE,69366
US,NE,69367
US,LA,70001
US,LA,70002
US,LA,70003
US,LA,70004
US,LA,70005
US,LA,70006
US,LA,70009
US,LA,70010
US,LA,70011
US,LA,70030
US,LA,70031
US,LA,70032
US,LA,70033
US,LA,70036
US,LA,70037
US,LA,70038
US,LA,70039
US,LA,70040
US,LA,70041
US,LA,70043
US,LA,70044
US,LA,70047
US,LA,70049
US,LA,70050
US,LA,70051
US,LA,70052
US,LA,70053
US,LA,70054
US,LA,70055
US,LA,70056
US,LA,70057
US,LA,70058
US,LA,70059
US,LA,70060
US,LA,70062
US,LA,70063
US,LA,70064
US,LA,70065
US,LA,70067
US,LA,70068
US,LA,70069
US,LA,70070
US,LA,70071
US,LA,70072
US,LA,70073
US,LA,70075
US,LA,70076
US,LA,70078
US,LA,70079
US,LA,70080
US,LA,70081
US,LA,70082
US,LA,70083
US,LA,70084
US,LA,70085
US,LA,70086
US,LA,70087
US,LA,70090
US,LA,70091
US,LA,70092
US,LA,70093
US,LA,70094
US,LA,70096
US,LA,70097
US,LA,70112
US,LA,70113
US,LA,70114
US,LA,70115
US,LA,70116
US,LA,70117
US,LA,70118
US,LA,70119
US,LA,70121
US,LA,70122
US,LA,70123
US,LA,70124
US,LA,70125
US,LA,70126
US,LA,70127
US,LA,70128
US,LA,70129
US,LA,70130
US,LA,70131
US,LA,70139
US,LA,70141
US,LA,70142
US,LA,70143
US,LA,70145
US,LA,70146
US,LA,70148
US,LA,70150
US,LA,70151
US,LA,70152
US,LA,70153
US,LA,70154
US,LA,70156
US,LA,70157
US,LA,70158
US,LA,70159
US,LA,70160
US,LA,70161
US,LA,70162
US,LA,70163
US,LA,70164
US,LA,70165
US,LA,70166
US,LA,70167
US,LA,70170
US,LA,70172
US,LA,70174
US,LA,70175
US,LA,70176
US,LA,70177
US,LA,70178
US,LA,70179
US,LA,70181
US,LA,70182
US,LA,70183
US,LA,70184
US,LA,70185
US,LA,70186
US,LA,70187
US,LA,70189
US,LA,70190
US,LA,70195
US,LA,70301
US,LA,70302
US,LA,70310
US,LA,70339
US,LA,70340
US,LA,70341
US,LA,70342
US,LA,70343
US,LA,70344
US,LA,70345
US,LA,70346
US,LA,70352
US,LA,70353
US,LA,70354
US,LA,70355
US,LA,70356
US,LA,70357
US,LA,70358
US,LA,70359
US,LA,70360
US,LA,70361
US,LA,70363
US,LA,70364
US,LA,70371
US,LA,70372
US,LA,70373
US,LA,70374
US,LA,70375
US,LA,70377
US,LA,70380
US,LA,70381
US,LA,70390
US,LA,70391
US,LA,70392
US,LA,70393
US,LA,70394
US,LA,70395
US,LA,70397
US,LA,70401
US,LA,70402
US,LA,70403
US,LA,70404
US,LA,70420
US,LA,70421
US,LA,70422
US,LA,70426
US,LA,70427
US,LA,70429
US,LA,70431
US,LA,70433
US,LA,70434
US,LA,70435
US,LA,70436
US,LA,70437
US,LA,70438
US,LA,70441
US,LA,70442
US,LA,70443
US,LA,70444
US,LA,70445
US,LA,70446
US,LA,70447
US,LA,70448
US,LA,70449
US,LA,70450
US,LA,70451
US,LA,70452
US,LA,70453
US,LA,70454
US,LA,70455
US,LA,70456
US,LA,70457
US,LA,70458
US,LA,70459
US,LA,70460
US,LA,70461
US,LA,70462
US,LA,70463
US,LA,70464
US,LA,70465
US,LA,70466
US,LA,70467
US,LA,70469
US,LA,70470
US,LA,70471
US,LA,70501
US,LA,70502
US,LA,70503
US,LA,70504
US,LA,70505
US,LA,70506
US,LA,70507
US,LA,70508
US,LA,70509
US,LA,70510
US,LA,70511
US,LA,70512
US,LA,70513
US,LA,70514
US,LA,70515
US,LA,70516
US,LA,70517
US,LA,70518
US,LA,70519
US,LA,70520
US,LA,70521
US,LA,70522
US,LA,70523
US,LA,70524
US,LA,70525
US,LA,70526
US,LA,70527
US,LA,70528
US,LA,70529
US,LA,70531
US,LA,70532
US,LA,70533
US,LA,70534
US,LA,70535
US,LA,70537
US,LA,70538
US,LA,70540
US,LA,70541
US,LA,70542
US,LA,70543
US,LA,70544
US,LA,70546
US,LA,70548
US,LA,70549
US,LA,70550
US,LA,70551
US,LA,70552
US,LA,70554
US,LA,70555
US,LA,70556
US,LA,70558
US,LA,70559
US,LA,70560
US,LA,70562
US,LA,70563
US,LA,70569
US,LA,70570
US,LA,70571
US,LA,70575
US,LA,70576
US,LA,70577
US,LA,70578
US,LA,70580
US,LA,70581
US,LA,70582
US,LA,70583
US,LA,70584
US,LA,70585
US,LA,70586
US,LA,70589
US,LA,70591
US,LA,70592
US,LA,70593
US,LA,70596
US,LA,70598
US,LA,70601
US,LA,70602
US,LA,70605
US,LA,70606
US,LA,70607
US,LA,70609
US,LA,70611
US,LA,70612
US,LA,70615
US,LA,70616
US,LA,70629
US,LA,70630
US,LA,70631
US,LA,70632
US,LA,70633
US,LA,70634
US,LA,70637
US,LA,70638
US,LA,70639
US,LA,70640
US,LA,70643
US,LA,70644
US,LA,70645
US,LA,70646
US,LA,70647
US,LA,70648
US,LA,70650
US,LA,70651
US,LA,70652
US,LA,70653
US,LA,70654
US,LA,70655
US,LA,70656
US,LA,70657
US,LA,70658
US,LA,70659
US,LA,70660
US,LA,70661
US,LA,70662
US,LA,70663
US,LA,70664
US,LA,70665
US,LA,70668
US,LA,70669
US,LA,70704
US,LA,70706
US,LA,70707
US,LA,70710
US,LA,70711
US,LA,70712
US,LA,70714
US,LA,70715
US,LA,70718
US,LA,70719
US,LA,70721
US,LA,70722
US,LA,70723
US,LA,70725
US,LA,70726
US,LA,70727
US,LA,70728
US,LA,70729
US,LA,70730
US,LA,70732
US,LA,70733
US,LA,70734
US,LA,70736
US,LA,70737
US,LA,70738
US,LA,70739
US,LA,70740
US,LA,70743
US,LA,70744
US,LA,70747
US,LA,70748
US,LA,70749
US,LA,70750
US,LA,70752
US,LA,70753
US,LA,70754
US,LA,70755
US,LA,70756
US,LA,70757
US,LA,70759
US,LA,70760
US,LA,70761
US,LA,70762
US,LA,70763
US,LA,70764
US,LA,70765
US,LA,70767
US,LA,70769
US,LA,70770
US,LA,70772
US,LA,70773
US,LA,70774
US,LA,70775
US,LA,70776
US,LA,70777
US,LA,70778
US,LA,70780
US,LA,70782
US,LA,70783
US,LA,70784
US,LA,70785
US,LA,70786
US,LA,70787
US,LA,70788
US,LA,70789
US,LA,70791
US,LA,70792
US,LA,70801
US,LA,70802
US,LA,70803
US,LA,70804
US,LA,70805
US,LA,70806
US,LA,70807
US,LA,70808
US,LA,70809
US,LA,70810
US,LA,70811
US,LA,70812
US,LA,70813
US,LA,70814
US,LA,70815
US,LA,70816
US,LA,70817
US,LA,70818
US,LA,70819
US,LA,70820
US,LA,70821
US,LA,70822
US,LA,70823
US,LA,70825
US,LA,70826
US,LA,70827
US,LA,70831
US,LA,70833
US,LA,70835
US,LA,70836
US,LA,70837
US,LA,70873
US,LA,70874
US,LA,70879
US,LA,70884
US,LA,70891
US,LA,70892
US,LA,70893
US,LA,70894
US,LA,70895
US,LA,70896
US,LA,70898
US,LA,71001
US,LA,71002
US,LA,71003
US,LA,71004
US,LA,71006
US,LA,71007
US,LA,71008
US,LA,71009
US,LA,71016
US,LA,71018
US,LA,71019
US,LA,71021
US,LA,71023
US,LA,71024
US,LA,71027
US,LA,71028
US,LA,71029
US,LA,71030
US,LA,71031
US,LA,71032
US,LA,71033
US,LA,71034
US,LA,71037
US,LA,71038
US,LA,71039
US,LA,71040
US,LA,71043
US,LA,71044
US,LA,71045
US,LA,71046
US,LA,71047
US,LA,71048
US,LA,71049
US,LA,71050
US,LA,71051
US,LA,71052
US,LA,71055
US,LA,71058
US,LA,71060
US,LA,71061
US,LA,71063
US,LA,71064
US,LA,71065
US,LA,71066
US,LA,71067
US,LA,71068
US,LA,71069
US,LA,71070
US,LA,71071
US,LA,71072
US,LA,71073
US,LA,71075
US,LA,71078
US,LA,71079
US,LA,71080
US,LA,71082
US,LA,71101
US,LA,71102
US,LA,71103
US,LA,71104
US,LA,71105
US,LA,71106
US,LA,71107
US,LA,71108
US,LA,71109
US,LA,71110
US,LA,71111
US,LA,71112
US,LA,71113
US,LA,71115
US,LA,71118
US,LA,71119
US,LA,71120
US,LA,71129
US,LA,71130
US,LA,71133
US,LA,71134
US,LA,71135
US,LA,71136
US,LA,71137
US,LA,71138
US,LA,71148
US,LA,71149
US,LA,71150
US,LA,71151
US,LA,71152
US,LA,71153
US,LA,71154
US,LA,71156
US,LA,71161
US,LA,71162
US,LA,71163
US,LA,71164
US,LA,71165
US,LA,71166
US,LA,71171
US,LA,71172
US,LA,71201
US,LA,71202
US,LA,71203
US,LA,71207
US,LA,71209
US,LA,71210
US,LA,71211
US,LA,71212
US,LA,71213
US,LA,71217
US,LA,71218
US,LA,71219
US,LA,71220
US,LA,71221
US,LA,71222
US,LA,71223
US,LA,71225
US,LA,71226
US,LA,71227
US,LA,71229
US,LA,71230
US,LA,71232
US,LA,71233
US,LA,71234
US,LA,71235
US,LA,71237
US,LA,71238
US,LA,71240
US,LA,71241
US,LA,71242
US,LA,71243
US,LA,71245
US,LA,71247
US,LA,71249
US,LA,71250
US,LA,71251
US,LA,71253
US,LA,71254
US,LA,71256
US,LA,71259
US,LA,71260
US,LA,71261
US,LA,71263
US,LA,71264
US,LA,71266
US,LA,71268
US,LA,71269
US,LA,71270
US,LA,71272
US,LA,71273
US,LA,71275
US,LA,71276
US,LA,71277
US,LA,71279
US,LA,71280
US,LA,71281
US,LA,71282
US,LA,71284
US,LA,71286
US,LA,71291
US,LA,71292
US,LA,71294
US,LA,71295
US,LA,71301
US,LA,71302
US,LA,71303
US,LA,71306
US,LA,71307
US,LA,71309
US,LA,71315
US,LA,71316
US,LA,71320
US,LA,71322
US,LA,71323
US,LA,71324
US,LA,71325
US,LA,71326
US,LA,71327
US,LA,71328
US,LA,71329
US,LA,71330
US,LA,71331
US,LA,71333
US,LA,71334
US,LA,71336
US,LA,71339
US,LA,71340
US,LA,71341
US,LA,71342
US,LA,71343
US,LA,71345
US,LA,71346
US,LA,71348
US,LA,71350
US,LA,71351
US,LA,71353
US,LA,71354
US,LA,71355
US,LA,71356
US,LA,71357
US,LA,71358
US,LA,71359
US,LA,71360
US,LA,71361
US,LA,71362
US,LA,71363
US,LA,71365
US,LA,71366
US,LA,71367
US,LA,71368
US,LA,71369
US,LA,71371
US,LA,71373
US,LA,71375
US,LA,71377
US,LA,71378
US,LA,71401
US,LA,71403
US,LA,71404
US,LA,71405
US,LA,71406
US,LA,71407
US,LA,71409
US,LA,71410
US,LA,71411
US,LA,71414
US,LA,71415
US,LA,71416
US,LA,71417
US,LA,71418
US,LA,71419
US,LA,71422
US,LA,71423
US,LA,71424
US,LA,71425
US,LA,71426
US,LA,71427
US,LA,71428
US,LA,71429
US,LA,71430
US,LA,71431
US,LA,71432
US,LA,71433
US,LA,71434
US,LA,71435
US,LA,71438
US,LA,71439
US,LA,71440
US,LA,71441
US,LA,71443
US,LA,71446
US,LA,71447
US,LA,71448
US,LA,71449
US,LA,71450
US,LA,71452
US,LA,71454
US,LA,71455
US,LA,71456
US,LA,71457
US,LA,71458
US,LA,71459
US,LA,71460
US,LA,71461
US,LA,71462
US,LA,71463
US,LA,71465
US,LA,71466
US,LA,71467
US,LA,71468
US,LA,71469
US,LA,71471
US,LA,71472
US,LA,71473
US,LA,71474
US,LA,71475
US,LA,71477
US,LA,71479
US,LA,71480
US,LA,71483
US,LA,71485
US,LA,71486
US,LA,71496
US,LA,71497
US,AR,71601
US,AR,71602
US,AR,71603
US,AR,71611
US,AR,71612
US,AR,71613
US,AR,71630
US,AR,71631
US,AR,71635
US,AR,71638
US,AR,71639
US,AR,71640
US,AR,71642
US,AR,71643
US,AR,71644
US,AR,71646
US,AR,71647
US,AR,71651
US,AR,71652
US,AR,71653
US,AR,71654
US,AR,71655
US,AR,71656
US,AR,71657
US,AR,71658
US,AR,71659
US,AR,71660
US,AR,71661
US,AR,71662
US,AR,71663
US,AR,71665
US,AR,71666
US,AR,71667
US,AR,71670
US,AR,71671
US,AR,71674
US,AR,71675
US,AR,71676
US,AR,71677
US,AR,71678
US,AR,71701
US,AR,71711
US,AR,71720
US,AR,71721
US,AR,71722
US,AR,71724
US,AR,71725
US,AR,71726
US,AR,71728
US,AR,71730
US,AR,71731
US,AR,71740
US,AR,71742
US,AR,71743
US,AR,71744
US,AR,71745
US,AR,71747
US,AR,71748
US,AR,71749
US,AR,71750
US,AR,71751
US,AR,71752
US,AR,71753
US,AR,71754
US,AR,71758
US,AR,71759
US,AR,71762
US,AR,71763
US,AR,71764
US,AR,71765
US,AR,71766
US,AR,71770
US,AR,71772
US,AR,71801
US,AR,71802
US,AR,71820
US,AR,71822
US,AR,71823
US,AR,71825
US,AR,71826
US,AR,71827
US,AR,71828
US,AR,71831
US,AR,71832
US,AR,71833
US,AR,71834
US,AR,71835
US,AR,71836
US,AR,71837
US,AR,71838
US,AR,71839
US,AR,71840
US,AR,71841
US,AR,71842
US,AR,71845
US,AR,71846
US,AR,71847
US,AR,71851
US,AR,71852
US,AR,71853
US,AR,71854
US,AR,71855
US,AR,71857
US,AR,71858
US,AR,71859
US,AR,71860
US,AR,71861
US,AR,71862
US,AR,71864
US,AR,71865
US,AR,71866
US,AR,71901
US,AR,71902
US,AR,71903
US,AR,71909
US,AR,71910
US,AR,71913
US,AR,71914
US,AR,71920
US,AR,71921
US,AR,71922
US,AR,71923
US,AR,71929
US,AR,71932
US,AR,71933
US,AR,71935
US,AR,71937
US,AR,71940
US,AR,71941
US,AR,71942
US,AR,71943
US,OR,97206
US,OR,97207
US,OR,97208
US,OR,97209
US,OR,97210
US,OR,97211
US,OR,97212
US,OR,97213
US,OR,97214
US,OR,97215
US,OR,97216
US,OR,97217
US,OR,97218
US,OR,97219
US,OR,97220
US,OR,97221
US,OR,97222
US,OR,97223
US,OR,97224
US,OR,97225
US,OR,97227
US,OR,97228
US,OR,97229
US,OR,97230
US,OR,97231
US,OR,97232
US,OR,97233
US,OR,97236
US,OR,97238
US,OR,97239
US,OR,97240
US,OR,97242
US,OR,97250
US,OR,97251
US,OR,97252
US,OR,97253
US,OR,97254
US,OR,97256
US,OR,97258
US,OR,97266
US,OR,97267
US,OR,97268
US,OR,97269
US,OR,97280
US,OR,97281
US,OR,97282
US,OR,97283
US,OR,97286
US,OR,97290
US,OR,97291
US,OR,97292
US,OR,97293
US,OR,97294
US,OR,97296
US,OR,97298
US,OR,97301
US,OR,97302
US,OR,97303
US,OR,97304
US,OR,97305
US,OR,97306
US,OR,97307
US,OR,97308
US,OR,97309
US,OR,97310
US,OR,97311
US,OR,97312
US,OR,97314
US,OR,97317
US,OR,97321
US,OR,97322
US,OR,97324
US,OR,97325
US,OR,97326
US,OR,97327
US,OR,97329
US,OR,97330
US,OR,97331
US,OR,97333
US,OR,97335
US,OR,97336
US,OR,97338
US,OR,97339
US,OR,97341
US,OR,97342
US,OR,97343
US,OR,97344
US,OR,97345
US,OR,97346
US,OR,97347
US,OR,97348
US,OR,97350
US,OR,97351
US,OR,97352
US,OR,97355
US,OR,97357
US,OR,97358
US,OR,97360
US,OR,97361
US,OR,97362
US,OR,97364
US,OR,97365
US,OR,97366
US,OR,97367
US,OR,97368
US,OR,97369
US,OR,97370
US,OR,97371
US,OR,97373
US,OR,97374
US,OR,97375
US,OR,97376
US,OR,97377
US,OR,97378
US,OR,97380
US,OR,97381
US,OR,97383
US,OR,97384
US,OR,97385
US,OR,97386
US,OR,97388
US,OR,97389
US,OR,97390
US,OR,97391
US,OR,97392
US,OR,97394
US,OR,97396
US,OR,97401
US,OR,97402
US,OR,97403
US,OR,97404
US,OR,97405
US,OR,97406
US,OR,97407
US,OR,97408
US,OR,97409
US,OR,97410
US,OR,97411
US,OR,97412
US,OR,97413
US,OR,97414
US,OR,97415
US,OR,97416
US,OR,97417
US,OR,97419
US,OR,97420
US,OR,97423
US,OR,97424
US,OR,97426
US,OR,97429
US,OR,97430
US,OR,97431
US,OR,97432
US,OR,97434
US,OR,97435
US,OR,97436
US,OR,97437
US,OR,97438
US,OR,97439
US,OR,97440
US,OR,97441
US,OR,97442
US,OR,97443
US,OR,97444
US,OR,97446
US,OR,97447
US,OR,97448
US,OR,97449
US,OR,97450
US,OR,97451
US,OR,97452
US,OR,97453
US,OR,97454
US,OR,97455
US,OR,97456
US,OR,97457
US,OR,97458
US,OR,97459
US,OR,97461
US,OR,97462
US,OR,97463
US,OR,97464
US,OR,97465
US,OR,97466
US,OR,97467
US,OR,97469
US,OR,97470
US,OR,97471
US,OR,97473
US,OR,97475
US,OR,97476
US,OR,97477
US,OR,97478
US,OR,97479
US,OR,97480
US,OR,97481
US,OR,97484
US,OR,97486
US,OR,97487
US,OR,97488
US,OR,97489
US,OR,97490
US,OR,97491
US,OR,97492
US,OR,97493
US,OR,97494
US,OR,97495
US,OR,97496
US,OR,97497
US,OR,97498
US,OR,97499
US,OR,97501
US,OR,97502
US,OR,97503
US,OR,97504
US,OR,97520
US,OR,97522
US,OR,97523
US,OR,97524
US,OR,97525
US,OR,97526
US,OR,97527
US,OR,97528
US,OR,97530
US,OR,97531
US,OR,97532
US,OR,97533
US,OR,97534
US,OR,97535
US,OR,97536
US,OR,97537
US,OR,97538
US,OR,97539
US,OR,97540
US,OR,97541
US,OR,97543
US,OR,97544
US,OR,97601
US,OR,97602
US,OR,97603
US,OR,97604
US,OR,97620
US,OR,97621
US,OR,97622
US,OR,97623
US,OR,97624
US,OR,97625
US,OR,97626
US,OR,97627
US,OR,97630
US,OR,97632
US,OR,97633
US,OR,97634
US,OR,97635
US,OR,97636
US,OR,97637
US,OR,97638
US,OR,97639
US,OR,97640
US,OR,97641
US,OR,97701
US,OR,97702
US,OR,97703
US,OR,97707
US,OR,97708
US,OR,97709
US,OR,97710
US,OR,97711
US,OR,97712
US,TX,78069
US,TX,78070
US,TX,78071
US,TX,78072
US,TX,78073
US,TX,78074
US,CA,91324
US,CA,91325
US,CA,91326
US,CA,91327
US,CA,91328
US,CA,91329
US,CA,91330
US,CA,91331
US,CA,91333
US,CA,91334
US,CA,91335
US,CA,91337
US,CA,91340
US,CA,91341
US,CA,91342
US,CA,91343
US,CA,91344
US,CA,91345
US,CA,91346
US,CA,91350
US,CA,91351
US,CA,91352
US,CA,91353
US,CA,91354
US,CA,91355
US,CA,91356
US,CA,91357
US,CA,91358
US,CA,91359
US,CA,91360
US,CA,91361
US,CA,91362
US,CA,91364
US,CA,91365
US,CA,91367
US,CA,91371
US,CA,91372
US,CA,91376
US,CA,91377
US,CA,91380
US,CA,91381
US,CA,91382
US,CA,91383
US,CA,91384
US,CA,91385
US,CA,91386
US,CA,91387
US,CA,91390
US,CA,91392
US,CA,91393
US,CA,91394
US,CA,91395
US,CA,91396
US,CA,91401
US,CA,91402
US,CA,91403
US,CA,91404
US,CA,91405
US,CA,91406
US,CA,91407
US,CA,91408
US,CA,91409
US,CA,91410
US,CA,91411
US,CA,91412
US,CA,91413
US,CA,91416
US,CA,91423
US,CA,91426
US,CA,91436
US,CA,91470
US,CA,91482
US,CA,91495
US,CA,91496
US,CA,91499
US,CA,91501
US,CA,91502
US,CA,91503
US,CA,91504
US,CA,91505
US,CA,91506
US,CA,91507
US,CA,91508
US,CA,91510
US,CA,91521
US,CA,91522
US,CA,91523
US,CA,91526
US,CA,91601
US,CA,91602
US,CA,91603
US,CA,91604
US,CA,91605
US,CA,91606
US,CA,91607
US,CA,91608
US,CA,91609
US,CA,91610
US,CA,91611
US,CA,91612
US,CA,91614
US,CA,91615
US,CA,91616
US,CA,91617
US,CA,91618
US,CA,91701
US,CA,91702
US,CA,91706
US,CA,91708
US,CA,91709
US,CA,91710
US,CA,91711
US,CA,91714
US,CA,91715
US,CA,91716
US,CA,91722
US,CA,91723
US,CA,91724
US,CA,91729
US,CA,91730
US,CA,91731
US,CA,91732
US,CA,91733
US,CA,91734
US,CA,91735
US,CA,91737
US,CA,91739
US,CA,91740
US,CA,91741
US,CA,91743
US,CA,91744
US,CA,91745
US,CA,91746
US,CA,91747
US,CA,91748
US,CA,91749
US,CA,91750
US,CA,91752
US,CA,91754
US,CA,91755
US,CA,91756
US,CA,91758
US,CA,91759
US,CA,91761
US,CA,91762
US,CA,91763
US,CA,91764
US,CA,91765
US,CA,91766
US,CA,91767
US,CA,91768
US,CA,91769
US,CA,91770
US,CA,91771
US,CA,91772
US,CA,91773
US,CA,91775
US,CA,91776
US,CA,91778
US,CA,91780
US,CA,91784
US,CA,91785
US,CA,91786
US,CA,91788
US,CA,91789
US,CA,91790
US,CA,91791
US,CA,91792
US,CA,91793
US,CA,91801
US,CA,91802
US,CA,91803
US,CA,91804
US,CA,91896
US,CA,91899
US,CA,91901
US,CA,91902
US,CA,91903
US,CA,91905
US,CA,91906
US,CA,91908
US,CA,91909
US,CA,91910
US,CA,91911
US,CA,91912
US,CA,91913
US,CA,91914
US,CA,91915
US,CA,91916
US,CA,91917
US,CA,91921
US,CA,91931
US,CA,91932
US,CA,91933
US,CA,91934
US,CA,91935
US,CA,91941
US,CA,91942
US,CA,91943
US,CA,91944
US,CA,91945
US,CA,91946
US,CA,91948
US,CA,91950
US,CA,91951
US,CA,91962
US,CA,91963
US,CA,91976
US,CA,91977
US,CA,91978
US,CA,91979
US,CA,91980
US,CA,91987
US,CA,92003
US,CA,92004
US,CA,92007
US,CA,92008
US,CA,92009
US,CA,92010
US,CA,92011
US,CA,92013
US,CA,92014
US,CA,92018
US,CA,92019
US,CA,92020
US,CA,92021
US,CA,92022
US,CA,92023
US,CA,92024
US,CA,92025
US,CA,92026
US,CA,92027
US,CA,92028
US,CA,92029
US,CA,92030
US,CA,92033
US,CA,92036
US,CA,92037
US,CA,92038
US,CA,92039
US,CA,92040
US,CA,92046
US,CA,92049
US,CA,92051
US,CA,92052
US,CA,92054
US,CA,92055
US,CA,92056
US,CA,92057
US,CA,92058
US,CA,92059
US,CA,92060
US,CA,92061
US,CA,92064
US,CA,92065
US,CA,92066
US,CA,92067
US,CA,92068
US,CA,92069
US,CA,92070
US,CA,92071
US,CA,92072
US,CA,92074
US,TX,75009
US,TX,75010
US,TX,75011
US,TX,75013
US,TX,75014
US,TX,75015
US,TX,75016
US,TX,75017
US,TX,75019
US,TX,75020
US,TX,75021
US,TX,75022
US,TX,75023
US,TX,75024
US,TX,75025
US,TX,75026
US,TX,75027
US,TX,75028
US,TX,75029
US,TX,75030
US,TX,75032
US,TX,75033
US,TX,75034
US,TX,75035
US,TX,75036
US,TX,75038
US,TX,75039
US,TX,75040
US,TX,75041
US,TX,75042
US,TX,75043
US,TX,75044
US,TX,75045
US,TX,75046
US,TX,75047
US,TX,75048
US,TX,75049
US,TX,75050
US,TX,75051
US,TX,75052
US,TX,75053
US,TX,75054
US,TX,75056
US,TX,75057
US,TX,75058
US,TX,75059
US,TX,75060
US,TX,75061
US,TX,75062
US,TX,75063
US,TX,75064
US,TX,75065
US,TX,75067
US,TX,75068
US,TX,75069
US,TX,75070
US,TX,75071
US,TX,75072
US,TX,75074
US,TX,75075
US,TX,75076
US,TX,75077
US,TX,75078
US,TX,75080
US,TX,75081
US,TX,75082
US,TX,75083
US,TX,75085
US,TX,75086
US,TX,75087
US,TX,75088
US,TX,75089
US,TX,75090
US,TX,75091
US,TX,75092
US,TX,75093
US,TX,75094
US,TX,75097
US,TX,75098
US,TX,75099
US,TX,75101
US,TX,75102
US,TX,75103
US,TX,75104
US,TX,75105
US,TX,75106
US,TX,75109
US,TX,75110
US,TX,75114
US,TX,75115
US,TX,75116
US,TX,75117
US,TX,75118
US,TX,75119
US,TX,75120
US,TX,75121
US,TX,75123
US,TX,75124
US,TX,75125
US,TX,75126
US,TX,75127
US,TX,75132
US,TX,75134
US,TX,75135
US,TX,75137
US,TX,75138
US,TX,75140
US,TX,75141
US,TX,75142
US,TX,75143
US,TX,75144
US,TX,75146
US,TX,75147
US,TX,75148
US,TX,75149
US,TX,75150
US,TX,75151
US,TX,75152
US,TX,75153
US,TX,75154
US,TX,75155
US,TX,75156
US,TX,75157
US,TX,75158
US,TX,75159
US,TX,75160
US,TX,75161
US,TX,75163
US,TX,75164
US,TX,75165
US,TX,75166
US,TX,75167
US,TX,75168
US,TX,75169
US,TX,75172
US,TX,75173
US,TX,75180
US,TX,75181
US,TX,75182
US,TX,75185
US,TX,75187
US,TX,75189
US,TX,75201
US,TX,75202
US,TX,75203
US,TX,75204
US,TX,75205
US,TX,75206
US,TX,75207
US,TX,75208
US,TX,75209
US,TX,75210
US,TX,75211
US,TX,75212
US,TX,75214
US,TX,75215
US,TX,75216
US,TX,75217
US,TX,75218
US,TX,75219
US,TX,75220
US,TX,75221
US,TX,75222
US,TX,75223
US,TX,75224
US,TX,75225
US,TX,75226
US,TX,75227
US,TX,75228
US,TX,75229
US,TX,75230
US,TX,75231
US,TX,75232
US,TX,75233
US,TX,75234
US,TX,75235
US,TX,75236
US,TX,75237
US,TX,75238
US,TX,75240
US,TX,75241
US,TX,75242
US,TX,75243
US,TX,75244
US,TX,75246
US,TX,75247
US,TX,75248
US,TX,75249
US,TX,75250
US,TX,75251
US,TX,75252
US,TX,75253
US,TX,75254
US,TX,75260
US,TX,75261
US,TX,75262
US,TX,75263
US,TX,75264
US,TX,75265
US,TX,75266
US,TX,75267
US,TX,75270
US,TX,75275
US,TX,75277
US,TX,75283
US,TX,75284
US,TX,75285
US,TX,75287
US,TX,75301
US,TX,75303
US,TX,75312
US,TX,75313
US,TX,75315
US,TX,75320
US,TX,75326
US,TX,75336
US,TX,75339
US,TX,75342
US,TX,75354
US,TX,75355
US,TX,75356
US,TX,75357
US,TX,75358
US,TX,75359
US,TX,75360
US,TX,75367
US,TX,75368
US,TX,75370
US,TX,75371
US,TX,75372
US,TX,75373
US,TX,75374
US,TX,75376
US,TX,75378
US,TX,75379
US,TX,75380
US,TX,75381
US,TX,75382
US,TX,75389
US,TX,75390
US,TX,75391
US,TX,75392
US,TX,75393
US,TX,75394
US,TX,75395
US,TX,75397
US,TX,75398
US,TX,75401
US,TX,75402
US,TX,75403
US,TX,75404
US,TX,75407
US,TX,75409
US,TX,75410
US,TX,75411
US,TX,75412
US,TX,75413
US,TX,75414
US,TX,75415
US,TX,75416
US,TX,75417
US,TX,75418
US,TX,75420
US,TX,75421
US,TX,75422
US,TX,75423
US,TX,75424
US,TX,75425
US,TX,75426
US,CA,92075
US,CA,92078
US,CA,92079
US,CA,92081
US,CA,92082
US,CA,92083
US,TX,78075
US,TX,78076
US,TX,78101
US,TX,78102
US,TX,78104
US,TX,78107
US,TX,78108
US,TX,78109
US,TX,78111
US,TX,78112
US,TX,78113
US,TX,78114
US,TX,78115
US,TX,78116
US,TX,78117
US,TX,78118
US,TX,78119
US,TX,78121
US,TX,78122
US,TX,78123
US,TX,78124
US,TX,78125
US,TX,78130
US,TX,78131
US,TX,78132
US,TX,78133
US,TX,78135
US,TX,78140
US,TX,78141
US,TX,78142
US,TX,78143
US,TX,78144
US,TX,78145
US,TX,78146
US,TX,78147
US,TX,78148
US,TX,78150
US,TX,78151
US,TX,78152
US,TX,78154
US,TX,78155
US,TX,78156
US,TX,78159
US,TX,78160
US,TX,78161
US,TX,78162
US,TX,78163
US,TX,78164
US,TX,78201
US,TX,78202
US,TX,78203
US,TX,78204
US,TX,78205
US,TX,78206
US,TX,78207
US,TX,78208
US,TX,78209
US,TX,78210
US,TX,78211
US,TX,78212
US,TX,78213
US,TX,78214
US,TX,78215
US,TX,78216
US,TX,78217
US,TX,78218
US,TX,78219
US,TX,78220
US,TX,78221
US,TX,78222
US,TX,78223
US,TX,78224
US,TX,78225
US,TX,78226
US,TX,78227
US,TX,78228
US,TX,78229
US,TX,78230
US,TX,78231
US,TX,78232
US,TX,78233
US,TX,78234
US,TX,78235
US,TX,78236
US,TX,78237
US,TX,78238
US,TX,78239
US,TX,78240
US,TX,78241
US,TX,78242
US,TX,78243
US,TX,78244
US,TX,78245
US,TX,78246
US,TX,78247
US,TX,78248
US,TX,78249
US,TX,78250
US,TX,78251
US,TX,78252
US,TX,78253
US,TX,78254
US,TX,78255
US,TX,78256
US,TX,78257
US,TX,78258
US,TX,78259
US,TX,78260
US,TX,78261
US,TX,78263
US,TX,78264
US,TX,78265
US,TX,78266
US,TX,78268
US,TX,78269
US,TX,78270
US,TX,78278
US,TX,78279
US,TX,78280
US,TX,78283
US,TX,78284
US,TX,78285
US,TX,78288
US,TX,78289
US,TX,78291
US,TX,78292
US,TX,78293
US,TX,78294
US,TX,78295
US,TX,78296
US,TX,78297
US,TX,78298
US,TX,78299
US,TX,78330
US,TX,78332
US,TX,78333
US,TX,78335
US,TX,78336
US,TX,78338
US,TX,78339
US,TX,78340
US,TX,78341
US,TX,78342
US,TX,78343
US,TX,78344
US,TX,78347
US,TX,78349
US,TX,78350
US,TX,78351
US,TX,78352
US,TX,78353
US,TX,78355
US,TX,78357
US,TX,78358
US,TX,78359
US,TX,78360
US,TX,78361
US,TX,78362
US,TX,78363
US,TX,78364
US,TX,78368
US,TX,78369
US,TX,78370
US,TX,78371
US,TX,78372
US,TX,78373
US,TX,78374
US,TX,78375
US,TX,78376
US,TX,78377
US,TX,78379
US,TX,78380
US,TX,78381
US,TX,78382
US,TX,78383
US,TX,78384
US,TX,78385
US,TX,78387
US,TX,78389
US,TX,78390
US,TX,78391
US,TX,78393
US,TX,78401
US,TX,78402
US,TX,78403
US,TX,78404
US,TX,78405
US,TX,78406
US,TX,78407
US,TX,78408
US,TX,78409
US,TX,78410
US,TX,78411
US,TX,78412
US,TX,78413
US,TX,78414
US,TX,78415
US,TX,78416
US,TX,78417
US,TX,78418
US,TX,78419
US,TX,78426
US,TX,78427
US,TX,78460
US,TX,78463
US,TX,78465
US,TX,78466
US,TX,78467
US,TX,78468
US,TX,78469
US,TX,78472
US,TX,78480
US,TX,78501
US,TX,78502
US,TX,78503
US,TX,78504
US,TX,78505
US,TX,78516
US,TX,78520
US,TX,78521
US,TX,78522
US,TX,78523
US,TX,78526
US,TX,78535
US,TX,78536
US,TX,78537
US,TX,78538
US,TX,78539
US,TX,78540
US,TX,78541
US,TX,78542
US,TX,78543
US,TX,78545
US,TX,78547
US,TX,78548
US,TX,78549
US,TX,78550
US,TX,78551
US,TX,78552
US,TX,78553
US,TX,78557
US,TX,78558
US,TX,78559
US,TX,78560
US,TX,78561
US,TX,78562
US,TX,78563
US,TX,78564
US,TX,78565
US,TX,78566
US,TX,78567
US,TX,78568
US,TX,78569
US,TX,78570
US,TX,78572
US,TX,78573
US,TX,78574
US,TX,78575
US,TX,78576
US,TX,78577
US,TX,78578
US,TX,78579
US,TX,78580
US,AZ,85621
US,AZ,85622
US,AZ,85623
US,AZ,85624
US,AZ,85625
US,AZ,85626
US,AZ,85627
US,AZ,85628
US,AZ,85629
US,AZ,85630
US,AZ,85631
US,AZ,85632
US,AZ,85633
US,AZ,85634
US,AZ,85635
US,AZ,85636
US,AZ,85637
US,AZ,85638
US,AZ,85639
US,AZ,85640
US,AZ,85641
US,AZ,85643
US,AZ,85644
US,AZ,85645
US,AZ,85646
US,AZ,85648
US,AZ,85650
US,AZ,85652
US,AZ,85653
US,AZ,85654
US,AZ,85655
US,AZ,85658
US,AZ,85670
US,AZ,85671
US,AZ,85701
US,AZ,85702
US,AZ,85703
US,AZ,85704
US,AZ,85705
US,AZ,85706
US,AZ,85707
US,AZ,85708
US,AZ,85709
US,AZ,85710
US,AZ,85711
US,AZ,85712
US,AZ,85713
US,AZ,85714
US,AZ,85715
US,AZ,85716
US,AZ,85717
US,AZ,85718
US,AZ,85719
US,AZ,85720
US,AZ,85721
US,AZ,85722
US,AZ,85723
US,AZ,85724
US,AZ,85725
US,AZ,85726
US,AZ,85728
US,AZ,85730
US,AZ,85731
US,AZ,85732
US,AZ,85733
US,AZ,85734
US,AZ,85735
US,AZ,85736
US,AZ,85737
US,AZ,85738
US,AZ,85739
US,AZ,85740
US,AZ,85741
US,AZ,85742
US,AZ,85743
US,AZ,85744
US,AZ,85745
US,AZ,85746
US,AZ,85747
US,AZ,85748
US,AZ,85749
US,AZ,85750
US,AZ,85751
US,AZ,85752
US,AZ,85754
US,AZ,85755
US,AZ,85756
US,AZ,85757
US,AZ,85775
US,AZ,85901
US,AZ,85902
US,AZ,85911
US,AZ,85912
US,AZ,85920
US,AZ,85922
US,AZ,85923
US,AZ,85924
US,AZ,85925
US,AZ,85926
US,AZ,85927
US,AZ,85928
US,AZ,85929
US,AZ,85930
US,AZ,85931
US,AZ,85932
US,AZ,85933
US,AZ,85934
US,AZ,85935
US,AZ,85936
US,AZ,85937
US,AZ,85938
US,AZ,85939
US,AZ,85940
US,AZ,85941
US,AZ,85942
US,AZ,86001
US,AZ,86002
US,AZ,86003
US,AZ,86004
US,AZ,86005
US,AZ,86011
US,AZ,86015
US,AZ,86016
US,AZ,86017
US,AZ,86018
US,AZ,86020
US,AZ,86021
US,AZ,86022
US,AZ,86023
US,AZ,86024
US,AZ,86025
US,AZ,86028
US,AZ,86029
US,AZ,86030
US,AZ,86031
US,AZ,86032
US,AZ,86033
US,AZ,86034
US,AZ,86035
US,AZ,86036
US,AZ,86038
US,AZ,86039
US,AZ,86040
US,AZ,86042
US,AZ,86043
US,AZ,86044
US,AZ,86045
US,AZ,86046
US,AZ,86047
US,AZ,86052
US,AZ,86053
US,AZ,86054
US,AZ,86301
US,AZ,86302
US,AZ,86303
US,AZ,86304
US,AZ,86305
US,AZ,86312
US,AZ,86313
US,AZ,86314
US,AZ,86315
US,AZ,86320
US,AZ,86321
US,AZ,86322
US,AZ,86323
US,AZ,86324
US,AZ,86325
US,AZ,86326
US,AZ,86327
US,AZ,86329
US,AZ,86331
US,AZ,86332
US,AZ,86333
US,AZ,86334
US,AZ,86335
US,AZ,86336
US,AZ,86337
US,AZ,86338
US,AZ,86339
US,AZ,86340
US,AZ,86341
US,AZ,86342
US,AZ,86343
US,AZ,86351
US,AZ,86401
US,AZ,86402
US,AZ,86403
US,AZ,86404
US,AZ,86405
US,AZ,86406
US,AZ,86409
US,AZ,86411
US,AZ,86412
US,AZ,86413
US,AZ,86426
US,AZ,86427
US,AZ,86429
US,AZ,86430
US,AZ,86431
US,AZ,86432
US,AZ,86433
US,AZ,86434
US,AZ,86435
US,AZ,86436
US,AZ,86437
US,AZ,86438
US,AZ,86439
US,AZ,86440
US,AZ,86441
US,AZ,86442
US,AZ,86443
US,AZ,86444
US,AZ,86445
US,AZ,86446
US,AZ,86502
US,AZ,86503
US,AZ,86504
US,AZ,86505
US,AZ,86506
US,AZ,86507
US,AZ,86508
US,AZ,86510
US,AZ,86511
US,AZ,86512
US,AZ,86514
US,AZ,86515
US,AZ,86520
US,AZ,86535
US,AZ,86538
US,AZ,86540
US,AZ,86544
US,AZ,86545
US,AZ,86547
US,AZ,86556
US,NM,87001
US,NM,87002
US,NM,87004
US,NM,87005
US,NM,87006
US,NM,87007
US,NM,87008
US,NM,87009
US,NM,87010
US,NM,87011
US,NM,87012
US,NM,87013
US,NM,87014
US,NM,87015
US,NM,87016
US,NM,87017
US,NM,87018
US,NM,87020
US,NM,87021
US,NM,87022
US,NM,87023
US,NM,87024
US,NM,87025
US,NM,87026
US,NM,87027
US,NM,87028
US,NM,87029
US,NM,87031
US,NM,87032
US,NM,87034
US,NM,87035
US,NM,87036
US,NM,87037
US,NM,87038
US,NM,87040
US,TX,78582
US,TX,78583
US,TX,78584
US,TX,78585
US,TX,78586
US,TX,78588
US,CA,92084
US,CA,92085
US,CA,92086
US,CA,92088
US,CA,92091
US,CA,92092
US,CA,92093
US,CA,92096
US,CA,92101
US,CA,92102
US,CA,92103
US,CA,92104
US,CA,92105
US,CA,92106
US,CA,92107
US,CA,92108
US,CA,92109
US,CA,92110
US,CA,92111
US,CA,92112
US,CA,92113
US,CA,92114
US,CA,92115
US,CA,92116
US,CA,92117
US,CA,92118
US,CA,92119
US,CA,92120
US,CA,92121
US,CA,92122
US,CA,92123
US,CA,92124
US,CA,92126
US,CA,92127
US,CA,92128
US,CA,92129
US,CA,92130
US,CA,92131
US,CA,92132
US,CA,92134
US,CA,92135
US,CA,92136
US,CA,92137
US,CA,92138
US,CA,92139
US,CA,92140
US,CA,92142
US,CA,92143
US,CA,92145
US,CA,92147
US,CA,92149
US,CA,92150
US,CA,92152
US,CA,92153
US,CA,92154
US,CA,92155
US,CA,92158
US,CA,92159
US,CA,92160
US,CA,92161
US,CA,92163
US,CA,92165
US,CA,92166
US,CA,92167
US,CA,92168
US,CA,92169
US,CA,92170
US,CA,92171
US,CA,92172
US,CA,92173
US,CA,92174
US,CA,92175
US,CA,92176
US,CA,92177
US,CA,92178
US,CA,92179
US,CA,92182
US,CA,92186
US,CA,92187
US,CA,92191
US,CA,92192
US,CA,92193
US,CA,92195
US,CA,92196
US,CA,92197
US,CA,92198
US,CA,92199
US,CA,92201
US,CA,92202
US,CA,92203
US,CA,92210
US,CA,92211
US,CA,92220
US,CA,92222
US,CA,92223
US,CA,92225
US,CA,92226
US,CA,92227
US,CA,92230
US,CA,92231
US,CA,92232
US,CA,92233
US,CA,92234
US,CA,92235
US,CA,92236
US,CA,92239
US,CA,92240
US,CA,92241
US,CA,92242
US,CA,92243
US,CA,92244
US,CA,92247
US,CA,92248
US,CA,92249
US,CA,92250
US,CA,92251
US,CA,92252
US,CA,92253
US,CA,92254
US,CA,92255
US,CA,92256
US,CA,92257
US,CA,92258
US,CA,92259
US,CA,92260
US,CA,92261
US,CA,92262
US,CA,92263
US,CA,92264
US,CA,92266
US,CA,92267
US,CA,92268
US,CA,92270
US,CA,92273
US,CA,92274
US,CA,92275
US,CA,92276
US,CA,92277
US,CA,92278
US,CA,92280
US,CA,92281
US,CA,92282
US,CA,92283
US,CA,92284
US,CA,92285
US,CA,92286
US,CA,92301
US,CA,92304
US,CA,92305
US,CA,92307
US,CA,92308
US,CA,92309
US,CA,92310
US,CA,92311
US,CA,92312
US,CA,92313
US,CA,92314
US,CA,92315
US,CA,92316
US,CA,92317
US,CA,92318
US,CA,92320
US,CA,92321
US,CA,92322
US,CA,92323
US,CA,92324
US,CA,92325
US,CA,92327
US,CA,92328
US,CA,92329
US,CA,92331
US,CA,92332
US,CA,92333
US,CA,92334
US,CA,92335
US,CA,92336
US,CA,92337
US,CA,92338
US,CA,92339
US,CA,92340
US,CA,92341
US,CA,92342
US,CA,92344
US,CA,92345
US,CA,92346
US,CA,92347
US,CA,92350
US,CA,92352
US,CA,92354
US,CA,92356
US,CA,92357
US,CA,92358
US,CA,92359
US,CA,92363
US,CA,92364
US,CA,92365
US,CA,92366
US,CA,92368
US,CA,92369
US,CA,92371
US,CA,92372
US,CA,92373
US,CA,92374
US,CA,92375
US,CA,92376
US,CA,92377
US,CA,92378
US,CA,92382
US,CA,92384
US,CA,92385
US,CA,92386
US,CA,92389
US,CA,92391
US,CA,92392
US,CA,92393
US,CA,92394
US,CA,92395
US,CA,92397
US,CA,92398
US,CA,92399
US,CA,92401
US,CA,92402
US,CA,92403
US,CA,92404
US,CA,92405
US,CA,92406
US,CA,92407
US,CA,92408
US,CA,92410
US,CA,92411
US,CA,92413
US,CA,92415
US,CA,92418
US,CA,92423
US,CA,92427
US,CA,92501
US,CA,92502
US,CA,92503
US,CA,92504
US,CA,92505
US,CA,92506
US,CA,92507
US,CA,92508
US,CA,92509
US,CA,92513
US,CA,92514
US,CA,92516
US,CA,92517
US,CA,92518
US,CA,92519
US,CA,92521
US,CA,92522
US,CA,92530
US,CA,92531
US,CA,92532
US,CA,92536
US,CA,92539
US,CA,92543
US,CA,92544
US,CA,92545
US,CA,92546
US,CA,92548
US,CA,92549
US,OR,97720
US,OR,97721
US,OR,97722
US,OR,97730
US,OR,97731
US,OR,97732
US,OR,97733
US,OR,97734
US,OR,97735
US,OR,97736
US,OR,97737
US,OR,97738
US,OR,97739
US,OR,97741
US,OR,97750
US,OR,97751
US,OR,97752
US,OR,97753
US,OR,97754
US,OR,97756
US,OR,97758
US,OR,97759
US,OR,97760
US,OR,97761
US,OR,97801
US,OR,97810
US,OR,97812
US,OR,97813
US,OR,97814
US,OR,97817
US,OR,97818
US,OR,97819
US,OR,97820
US,OR,97823
US,OR,97824
US,OR,97825
US,OR,97826
US,OR,97827
US,OR,97828
US,OR,97830
US,OR,97833
US,OR,97834
US,OR,97835
US,OR,97836
US,OR,97837
US,OR,97838
US,OR,97839
US,OR,97840
US,OR,97841
US,OR,97842
US,OR,97843
US,OR,97844
US,OR,97845
US,OR,97846
US,OR,97848
US,OR,97850
US,OR,97856
US,OR,97857
US,OR,97859
US,OR,97861
US,OR,97862
US,OR,97864
US,OR,97865
US,OR,97867
US,OR,97868
US,OR,97869
US,OR,97870
US,OR,97873
US,OR,97874
US,OR,97875
US,OR,97876
US,OR,97877
US,OR,97880
US,OR,97882
US,OR,97883
US,OR,97884
US,OR,97885
US,OR,97886
US,OR,97901
US,OR,97902
US,OR,97903
US,OR,97904
US,OR,97905
US,OR,97906
US,OR,97907
US,OR,97908
US,OR,97909
US,OR,97910
US,OR,97911
US,OR,97913
US,OR,97914
US,OR,97917
US,OR,97918
US,OR,97920
US,WA,98001
US,WA,98002
US,WA,98003
US,WA,98004
US,WA,98005
US,WA,98006
US,WA,98007
US,WA,98008
US,WA,98009
US,WA,98010
US,WA,98011
US,WA,98012
US,WA,98013
US,WA,98014
US,WA,98015
US,WA,98019
US,WA,98020
US,WA,98021
US,WA,98022
US,WA,98023
US,WA,98024
US,WA,98025
US,WA,98026
US,WA,98027
US,WA,98028
US,WA,98029
US,WA,98030
US,WA,98031
US,WA,98032
US,WA,98033
US,WA,98034
US,WA,98035
US,WA,98036
US,WA,98037
US,WA,98038
US,WA,98039
US,WA,98040
US,WA,98041
US,WA,98042
US,WA,98043
US,WA,98045
US,WA,98046
US,WA,98047
US,WA,98050
US,WA,98051
US,WA,98052
US,WA,98053
US,WA,98055
US,WA,98056
US,WA,98057
US,WA,98058
US,WA,98059
US,WA,98061
US,WA,98062
US,WA,98063
US,WA,98064
US,WA,98065
US,WA,98068
US,WA,98070
US,WA,98071
US,WA,98072
US,WA,98073
US,WA,98074
US,WA,98075
US,WA,98077
US,WA,98082
US,WA,98083
US,WA,98087
US,WA,98089
US,WA,98092
US,WA,98093
US,WA,98101
US,WA,98102
US,WA,98103
US,WA,98104
US,WA,98105
US,WA,98106
US,WA,98107
US,WA,98108
US,WA,98109
US,WA,98110
US,WA,98111
US,WA,98112
US,WA,98113
US,WA,98114
US,WA,98115
US,WA,98116
US,WA,98117
US,WA,98118
US,WA,98119
US,WA,98121
US,WA,98122
US,WA,98124
US,WA,98125
US,WA,98126
US,WA,98127
US,WA,98129
US,WA,98131
US,WA,98133
US,WA,98134
US,WA,98136
US,WA,98138
US,WA,98139
US,WA,98141
US,WA,98144
US,WA,98145
US,WA,98146
US,WA,98148
US,WA,98154
US,WA,98155
US,WA,98158
US,WA,98160
US,WA,98161
US,WA,98164
US,WA,98165
US,WA,98166
US,WA,98168
US,WA,98170
US,WA,98174
US,WA,98175
US,WA,98177
US,WA,98178
US,WA,98181
US,WA,98185
US,WA,98188
US,WA,98190
US,WA,98191
US,WA,98194
US,WA,98195
US,WA,98198
US,WA,98199
US,WA,98201
US,WA,98203
US,WA,98204
US,WA,98206
US,WA,98207
US,WA,98208
US,WA,98213
US,WA,98220
US,WA,98221
US,WA,98222
US,WA,98223
US,WA,98224
US,WA,98225
US,WA,98226
US,WA,98227
US,WA,98228
US,WA,98229
US,WA,98230
US,WA,98231
US,WA,98232
US,WA,98233
US,WA,98235
US,WA,98236
US,WA,98237
US,WA,98238
US,WA,98239
US,WA,98240
US,WA,98241
US,WA,98243
US,WA,98244
US,WA,98245
US,WA,98247
US,WA,98248
US,WA,98249
US,WA,98250
US,WA,98251
US,WA,98252
US,WA,98253
US,WA,98255
US,WA,98256
US,WA,98257
US,WA,98258
US,WA,98259
US,WA,98260
US,CA,92551
US,CA,92552
US,CA,92553
US,CA,92554
US,CA,92555
US,CA,92556
US,TX,78589
US,TX,78590
US,TX,78591
US,TX,78592
US,TX,78593
US,TX,78594
US,TX,78595
US,TX,78596
US,TX,78597
US,TX,78598
US,TX,78599
US,TX,78602
US,TX,78604
US,TX,78605
US,TX,78606
US,TX,78607
US,TX,78608
US,TX,78609
US,TX,78610
US,TX,78611
US,TX,78612
US,TX,78613
US,TX,78614
US,TX,78615
US,TX,78616
US,TX,78617
US,TX,78618
US,TX,78619
US,TX,78620
US,TX,78621
US,TX,78622
US,TX,78623
US,TX,78624
US,TX,78626
US,TX,78627
US,TX,78628
US,TX,78629
US,TX,78630
US,TX,78631
US,TX,78632
US,TX,78633
US,TX,78634
US,TX,78635
US,TX,78636
US,TX,78638
US,TX,78639
US,TX,78640
US,TX,78641
US,TX,78642
US,TX,78643
US,TX,78644
US,TX,78645
US,TX,78646
US,TX,78648
US,TX,78650
US,TX,78651
US,TX,78652
US,TX,78653
US,TX,78654
US,TX,78655
US,TX,78656
US,TX,78657
US,TX,78658
US,TX,78659
US,TX,78660
US,TX,78661
US,TX,78662
US,TX,78663
US,TX,78664
US,TX,78665
US,TX,78666
US,TX,78667
US,TX,78669
US,TX,78670
US,TX,78671
US,TX,78672
US,TX,78673
US,TX,78674
US,TX,78675
US,TX,78676
US,TX,78677
US,TX,78680
US,TX,78681
US,TX,78682
US,TX,78683
US,TX,78691
US,TX,78701
US,TX,78702
US,TX,78703
US,TX,78704
US,TX,78705
US,TX,78708
US,TX,78709
US,TX,78710
US,TX,78711
US,TX,78712
US,TX,78713
US,TX,78714
US,TX,78715
US,TX,78716
US,TX,78717
US,TX,78718
US,TX,78719
US,TX,78720
US,TX,78721
US,TX,78722
US,TX,78723
US,TX,78724
US,TX,78725
US,TX,78726
US,TX,78727
US,TX,78728
US,TX,78729
US,TX,78730
US,TX,78731
US,TX,78732
US,TX,78733
US,TX,78734
US,TX,78735
US,TX,78736
US,TX,78737
US,TX,78738
US,TX,78739
US,TX,78741
US,TX,78742
US,TX,78744
US,TX,78745
US,TX,78746
US,TX,78747
US,TX,78748
US,TX,78749
US,TX,78750
US,TX,78751
US,TX,78752
US,TX,78753
US,TX,78754
US,TX,78755
US,TX,78756
US,TX,78757
US,TX,78758
US,TX,78759
US,TX,78760
US,TX,78761
US,TX,78762
US,TX,78763
US,TX,78764
US,TX,78765
US,TX,78766
US,TX,78767
US,TX,78768
US,TX,78772
US,TX,78773
US,TX,78774
US,TX,78778
US,TX,78779
US,TX,78783
US,TX,78799
US,TX,78801
US,TX,78802
US,TX,78827
US,TX,78828
US,TX,78829
US,TX,78830
US,TX,78832
US,TX,78833
US,TX,78834
US,TX,78836
US,TX,78837
US,TX,78838
US,TX,78839
US,TX,78840
US,TX,78841
US,TX,78842
US,TX,78843
US,TX,78847
US,TX,78850
US,TX,78851
US,TX,78852
US,TX,78853
US,TX,78860
US,TX,78861
US,TX,78870
US,TX,78871
US,TX,78872
US,TX,78873
US,TX,78877
US,TX,78879
US,TX,78880
US,TX,78881
US,TX,78883
US,TX,78884
US,TX,78885
US,TX,78886
US,TX,78931
US,TX,78932
US,TX,78933
US,TX,78934
US,TX,78935
US,TX,78938
US,TX,78940
US,TX,78941
US,TX,78942
US,TX,78943
US,TX,78944
US,TX,78945
US,TX,78946
US,TX,78947
US,TX,78948
US,TX,78949
US,TX,78950
US,TX,78951
US,TX,78952
US,TX,78953
US,TX,78954
US,TX,78956
US,TX,78957
US,TX,78959
US,TX,78960
US,TX,78961
US,TX,78962
US,TX,78963
US,TX,79001
US,TX,79002
US,TX,79003
US,TX,79005
US,TX,79007
US,TX,79008
US,TX,79009
US,TX,79010
US,TX,79011
US,TX,79012
US,TX,79013
US,TX,79014
US,TX,79015
US,TX,79016
US,TX,79018
US,TX,79019
US,TX,79021
US,TX,79022
US,TX,79024
US,TX,79025
US,TX,79027
US,TX,79029
US,TX,79031
US,TX,79032
US,TX,79033
US,TX,79034
US,TX,79035
US,TX,79036
US,TX,79039
US,TX,79040
US,TX,79041
US,TX,79042
US,TX,79043
US,TX,79044
US,TX,79045
US,TX,79046
US,TX,79051
US,TX,79052
US,TX,79053
US,TX,79054
US,TX,79056
US,TX,79057
US,TX,75428
US,TX,75429
US,TX,75431
US,TX,75432
US,TX,75433
US,TX,75434
US,TX,75435
US,TX,75436
US,TX,75437
US,TX,75438
US,TX,75439
US,TX,75440
US,TX,75441
US,TX,75442
US,TX,75443
US,TX,75444
US,TX,75446
US,TX,75447
US,TX,75448
US,TX,75449
US,TX,75450
US,TX,75451
US,TX,75452
US,TX,75453
US,TX,75454
US,TX,75455
US,TX,75456
US,TX,75457
US,TX,75458
US,TX,75459
US,TX,75460
US,TX,75461
US,TX,75462
US,TX,75468
US,TX,75469
US,TX,75470
US,TX,75471
US,TX,75472
US,TX,75473
US,TX,75474
US,TX,75475
US,TX,75476
US,TX,75477
US,TX,75478
US,TX,75479
US,TX,75480
US,TX,75481
US,TX,75482
US,TX,75483
US,TX,75485
US,TX,75486
US,TX,75487
US,TX,75488
US,TX,75489
US,TX,75490
US,TX,75491
US,TX,75492
US,TX,75493
US,TX,75494
US,TX,75495
US,TX,75496
US,TX,75497
US,TX,75501
US,TX,75503
US,TX,75504
US,TX,75505
US,TX,75507
US,TX,75550
US,TX,75551
US,TX,75554
US,TX,75555
US,TX,75556
US,TX,75558
US,TX,75559
US,TX,75560
US,TX,75561
US,TX,75562
US,TX,75563
US,TX,75564
US,TX,75565
US,TX,75566
US,TX,75567
US,TX,75568
US,TX,75569
US,TX,75570
US,TX,75571
US,TX,75572
US,TX,75573
US,TX,75574
US,TX,75599
US,TX,75601
US,TX,75602
US,TX,75603
US,TX,75604
US,TX,75605
US,TX,75606
US,TX,75607
US,TX,75608
US,TX,75615
US,TX,75630
US,TX,75631
US,TX,75633
US,TX,75636
US,TX,75637
US,TX,75638
US,TX,75639
US,TX,75640
US,TX,75641
US,TX,75642
US,TX,75643
US,TX,75644
US,TX,75645
US,TX,75647
US,TX,75650
US,TX,75651
US,TX,75652
US,TX,75653
US,TX,75654
US,TX,75656
US,TX,75657
US,TX,75658
US,TX,75659
US,TX,75660
US,TX,75661
US,TX,75662
US,TX,75663
US,TX,75666
US,TX,75667
US,TX,75668
US,TX,75669
US,TX,75670
US,TX,75671
US,TX,75672
US,TX,75680
US,TX,75681
US,TX,75682
US,TX,75683
US,TX,75684
US,TX,75685
US,TX,75686
US,TX,75687
US,TX,75688
US,TX,75689
US,TX,75691
US,TX,75692
US,TX,75693
US,TX,75694
US,TX,75701
US,TX,75702
US,TX,75703
US,TX,75704
US,TX,75705
US,TX,75706
US,TX,75707
US,TX,75708
US,TX,75709
US,TX,75710
US,TX,75711
US,TX,75712
US,TX,75713
US,TX,75750
US,TX,75751
US,TX,75752
US,TX,75754
US,TX,75755
US,TX,75756
US,TX,75757
US,TX,75758
US,TX,75759
US,TX,75760
US,TX,75762
US,TX,75763
US,TX,75764
US,TX,75765
US,TX,75766
US,TX,75770
US,TX,75771
US,TX,75772
US,TX,75773
US,TX,75778
US,TX,75779
US,TX,75780
US,TX,75782
US,TX,75783
US,TX,75784
US,TX,75785
US,TX,75788
US,TX,75789
US,TX,75790
US,TX,75791
US,TX,75792
US,TX,75797
US,TX,75798
US,TX,75799
US,TX,75801
US,TX,75802
US,TX,75803
US,TX,75831
US,TX,75832
US,TX,75833
US,TX,75834
US,TX,75835
US,TX,75838
US,TX,75839
US,TX,75840
US,TX,75844
US,TX,75845
US,TX,75846
US,TX,75847
US,TX,75848
US,TX,75849
US,TX,75850
US,TX,75851
US,TX,75852
US,TX,75853
US,TX,75855
US,TX,75856
US,TX,75858
US,TX,75859
US,TX,75860
US,TX,75861
US,TX,75862
US,TX,75865
US,TX,75880
US,TX,75882
US,TX,75884
US,TX,75886
US,TX,75901
US,TX,75902
US,TX,75903
US,TX,75904
US,TX,75915
US,TX,75925
US,TX,75926
US,TX,75928
US,TX,75929
US,TX,75930
US,TX,75931
US,TX,75932
US,TX,75933
US,TX,75934
US,TX,75935
US,TX,75936
US,TX,75937
US,TX,75938
US,TX,75939
US,TX,75941
US,TX,75942
US,TX,75943
US,TX,75944
US,TX,75946
US,TX,75948
US,TX,75949
US,TX,75951
US,TX,75954
US,TX,75956
US,TX,75958
US,TX,75959
US,TX,75960
US,TX,75961
US,TX,75962
US,TX,75963
US,TX,75964
US,TX,75965
US,TX,75966
US,TX,75968
US,TX,75969
US,TX,75972
US,TX,75973
US,TX,79058
US,TX,79059
US,TX,79061
US,TX,79062
US,TX,79063
US,TX,79064
US,CA,92557
US,CA,92561
US,CA,92562
US,CA,92563
US,CA,92564
US,CA,92567
US,CA,92570
US,CA,92571
US,CA,92572
US,CA,92581
US,CA,92582
US,CA,92583
US,CA,92584
US,CA,92585
US,CA,92586
US,CA,92587
US,CA,92589
US,CA,92590
US,CA,92591
US,CA,92592
US,CA,92593
US,CA,92595
US,CA,92596
US,CA,92599
US,CA,92602
US,CA,92603
US,CA,92604
US,CA,92605
US,CA,92606
US,CA,92607
US,CA,92609
US,CA,92610
US,CA,92612
US,CA,92614
US,CA,92615
US,CA,92616
US,CA,92617
US,CA,92618
US,CA,92619
US,CA,92620
US,CA,92623
US,CA,92624
US,CA,92625
US,CA,92626
US,CA,92627
US,CA,92628
US,CA,92629
US,CA,92630
US,CA,92637
US,CA,92646
US,CA,92647
US,CA,92648
US,CA,92649
US,CA,92650
US,CA,92651
US,CA,92652
US,CA,92653
US,CA,92654
US,CA,92655
US,CA,92656
US,CA,92657
US,CA,92658
US,CA,92659
US,CA,92660
US,CA,92661
US,CA,92662
US,CA,92663
US,CA,92672
US,CA,92673
US,CA,92674
US,CA,92675
US,CA,92676
US,CA,92677
US,CA,92678
US,CA,92679
US,CA,92683
US,CA,92684
US,CA,92685
US,CA,92688
US,CA,92690
US,CA,92691
US,CA,92692
US,CA,92693
US,CA,92694
US,CA,92697
US,CA,92698
US,CA,92701
US,CA,92702
US,CA,92703
US,CA,92704
US,CA,92705
US,CA,92706
US,CA,92707
US,CA,92708
US,CA,92711
US,CA,92712
US,CA,92728
US,CA,92735
US,CA,92780
US,CA,92781
US,CA,92782
US,CA,92799
US,CA,92801
US,CA,92802
US,CA,92803
US,CA,92804
US,CA,92805
US,CA,92806
US,CA,92807
US,CA,92808
US,CA,92809
US,CA,92811
US,CA,92812
US,CA,92814
US,CA,92815
US,CA,92816
US,CA,92817
US,CA,92821
US,CA,92822
US,CA,92823
US,CA,92825
US,CA,92831
US,CA,92832
US,CA,92833
US,CA,92834
US,CA,92835
US,CA,92836
US,CA,92837
US,CA,92838
US,CA,92840
US,CA,92841
US,CA,92842
US,CA,92843
US,CA,92844
US,CA,92845
US,CA,92846
US,CA,92850
US,CA,92856
US,CA,92857
US,CA,92859
US,CA,92860
US,CA,92861
US,CA,92862
US,CA,92863
US,CA,92864
US,CA,92865
US,CA,92866
US,CA,92867
US,CA,92868
US,CA,92869
US,CA,92870
US,CA,92871
US,CA,92877
US,CA,92878
US,CA,92879
US,CA,92880
US,CA,92881
US,CA,92882
US,CA,92883
US,CA,92885
US,CA,92886
US,CA,92887
US,CA,92899
US,CA,93001
US,CA,93002
US,CA,93003
US,CA,93004
US,CA,93005
US,CA,93006
US,CA,93007
US,CA,93009
US,CA,93010
US,CA,93011
US,CA,93012
US,CA,93013
US,CA,93014
US,CA,93015
US,CA,93016
US,CA,93020
US,CA,93021
US,CA,93022
US,CA,93023
US,CA,93024
US,CA,93030
US,CA,93031
US,CA,93032
US,CA,93033
US,CA,93034
US,CA,93035
US,CA,93036
US,CA,93040
US,CA,93041
US,CA,93042
US,CA,93043
US,CA,93044
US,CA,93060
US,CA,93061
US,CA,93062
US,CA,93063
US,CA,93064
US,CA,93065
US,CA,93066
US,CA,93067
US,CA,93094
US,CA,93099
US,CA,93101
US,CA,93102
US,CA,93103
US,CA,93105
US,CA,93106
US,CA,93107
US,CA,93108
US,CA,93109
US,CA,93110
US,CA,93111
US,CA,93116
US,CA,93117
US,CA,93118
US,CA,93120
US,CA,93121
US,CA,93130
US,CA,93140
US,CA,93150
US,CA,93160
US,CA,93190
US,CA,93199
US,CA,93201
US,CA,93202
US,CA,93203
US,CA,93204
US,CA,93205
US,CA,93206
US,CA,93207
US,CA,93208
US,CA,93210
US,CA,93212
US,CA,93215
US,CA,93216
US,CA,93218
US,CA,93219
US,CA,93220
US,CA,93221
US,CA,93222
US,CA,93223
US,CA,93224
US,CA,93225
US,CA,93226
US,CA,93227
US,CA,93230
US,CA,93232
US,CA,93234
US,CA,93235
US,CA,93237
US,CA,93238
US,CA,93239
US,CA,93240
US,CA,93241
US,CA,93242
US,CA,93243
US,CA,93244
US,CA,93245
US,CA,93246
US,CA,93247
US,NM,87041
US,NM,87042
US,NM,87043
US,NM,87044
US,NM,87045
US,NM,87046
US,NM,87047
US,NM,87048
US,NM,87049
US,NM,87051
US,NM,87052
US,NM,87053
US,NM,87056
US,NM,87059
US,NM,87060
US,NM,87061
US,NM,87062
US,NM,87063
US,NM,87064
US,NM,87068
US,NM,87070
US,NM,87072
US,NM,87083
US,NM,87101
US,NM,87102
US,NM,87103
US,NM,87104
US,NM,87105
US,NM,87106
US,NM,87107
US,NM,87108
US,NM,87109
US,NM,87110
US,NM,87111
US,NM,87112
US,NM,87113
US,NM,87114
US,NM,87115
US,NM,87116
US,NM,87117
US,NM,87119
US,NM,87120
US,NM,87121
US,NM,87122
US,NM,87123
US,NM,87124
US,NM,87125
US,NM,87131
US,NM,87144
US,NM,87151
US,NM,87153
US,NM,87154
US,NM,87158
US,NM,87174
US,NM,87176
US,NM,87181
US,NM,87184
US,NM,87185
US,NM,87187
US,NM,87190
US,NM,87191
US,NM,87192
US,NM,87193
US,NM,87194
US,NM,87195
US,NM,87196
US,NM,87197
US,NM,87198
US,NM,87199
US,NM,87301
US,NM,87302
US,NM,87305
US,NM,87310
US,NM,87311
US,NM,87312
US,NM,87313
US,NM,87315
US,NM,87316
US,NM,87317
US,NM,87319
US,NM,87320
US,NM,87321
US,NM,87322
US,NM,87323
US,NM,87325
US,NM,87326
US,NM,87327
US,NM,87328
US,NM,87347
US,NM,87357
US,NM,87364
US,NM,87365
US,NM,87375
US,NM,87401
US,NM,87402
US,NM,87410
US,NM,87412
US,NM,87413
US,NM,87415
US,NM,87416
US,NM,87417
US,NM,87418
US,NM,87419
US,NM,87420
US,NM,87421
US,NM,87455
US,NM,87461
US,NM,87499
US,NM,87501
US,NM,87502
US,NM,87503
US,NM,87504
US,NM,87505
US,NM,87506
US,NM,87507
US,NM,87508
US,NM,87509
US,NM,87510
US,NM,87511
US,NM,87512
US,NM,87513
US,NM,87514
US,NM,87515
US,NM,87516
US,NM,87517
US,NM,87518
US,NM,87519
US,NM,87520
US,NM,87521
US,NM,87522
US,NM,87523
US,NM,87524
US,NM,87525
US,NM,87527
US,NM,87528
US,NM,87529
US,NM,87530
US,NM,87531
US,NM,87532
US,NM,87533
US,NM,87535
US,NM,87537
US,NM,87538
US,NM,87539
US,NM,87540
US,NM,87543
US,NM,87544
US,NM,87545
US,NM,87547
US,NM,87548
US,NM,87549
US,NM,87551
US,NM,87552
US,NM,87553
US,NM,87554
US,NM,87556
US,NM,87557
US,NM,87558
US,NM,87560
US,NM,87562
US,NM,87564
US,NM,87565
US,NM,87566
US,NM,87567
US,NM,87569
US,NM,87571
US,NM,87573
US,NM,87574
US,NM,87575
US,NM,87576
US,NM,87577
US,NM,87578
US,NM,87579
US,NM,87580
US,NM,87581
US,NM,87582
US,NM,87583
US,NM,87592
US,NM,87594
US,NM,87654
US,NM,87701
US,NM,87710
US,NM,87711
US,NM,87712
US,NM,87713
US,NM,87714
US,NM,87715
US,NM,87718
US,NM,87722
US,NM,87723
US,NM,87724
US,NM,87728
US,NM,87729
US,NM,87730
US,NM,87731
US,NM,87732
US,NM,87733
US,NM,87734
US,NM,87735
US,NM,87736
US,NM,87740
US,NM,87742
US,NM,87743
US,NM,87745
US,NM,87746
US,NM,87747
US,NM,87749
US,NM,87750
US,NM,87752
US,NM,87753
US,NM,87801
US,NM,87820
US,NM,87821
US,NM,87823
US,NM,87824
US,NM,87825
US,NM,87827
US,NM,87828
US,NM,87829
US,NM,87830
US,NM,87831
US,NM,87832
US,NM,87901
US,NM,87930
US,NM,87931
US,NM,87933
US,NM,87935
US,NM,87936
US,NM,87937
US,NM,87939
US,NM,87940
US,NM,87941
US,NM,87942
US,NM,87943
US,NM,88001
US,NM,88002
US,NM,88003
US,NM,88004
US,NM,88005
US,NM,88006
US,NM,88007
US,NM,88008
US,NM,88009
US,NM,88011
US,NM,88012
US,NM,88013
US,NM,88020
US,NM,88021
US,NM,88022
US,NM,88023
US,NM,88024
US,NM,88025
US,NM,88026
US,NM,88027
US,NM,88028
US,NM,88029
US,NM,88030
US,NM,88031
US,NM,88032
US,NM,88033
US,NM,88034
US,NM,88036
US,NM,88038
US,NM,88039
US,NM,88040
US,NM,88041
US,NM,88042
US,NM,88043
US,NM,88044
US,CA,93249
US,CA,93250
US,CA,93251
US,CA,93252
US,CA,93254
US,CA,93255
US,TX,79065
US,TX,79066
US,TX,79068
US,TX,79070
US,TX,79072
US,TX,79073
US,TX,79077
US,TX,79078
US,TX,79079
US,TX,79080
US,TX,79081
US,TX,79082
US,TX,79083
US,TX,79084
US,TX,79085
US,TX,79086
US,TX,79087
US,TX,79088
US,TX,79091
US,TX,79092
US,TX,79093
US,TX,79094
US,TX,79095
US,TX,79096
US,TX,79097
US,TX,79098
US,TX,79101
US,TX,79102
US,TX,79103
US,TX,79104
US,TX,79105
US,TX,79106
US,TX,79107
US,TX,79108
US,TX,79109
US,TX,79110
US,TX,79111
US,TX,79114
US,TX,79116
US,TX,79117
US,TX,79118
US,TX,79119
US,TX,79120
US,TX,79121
US,TX,79124
US,TX,79159
US,TX,79166
US,TX,79168
US,TX,79172
US,TX,79174
US,TX,79178
US,TX,79185
US,TX,79189
US,TX,79201
US,TX,79220
US,TX,79221
US,TX,79223
US,TX,79225
US,TX,79226
US,TX,79227
US,TX,79229
US,TX,79230
US,TX,79231
US,TX,79233
US,TX,79234
US,TX,79235
US,TX,79236
US,TX,79237
US,TX,79239
US,TX,79240
US,TX,79241
US,TX,79243
US,TX,79244
US,TX,79245
US,TX,79247
US,TX,79248
US,TX,79250
US,TX,79251
US,TX,79252
US,TX,79255
US,TX,79256
US,TX,79257
US,TX,79258
US,TX,79259
US,TX,79261
US,TX,79311
US,TX,79312
US,TX,79313
US,TX,79314
US,TX,79316
US,TX,79322
US,TX,79323
US,TX,79324
US,TX,79325
US,TX,79326
US,TX,79329
US,TX,79330
US,TX,79331
US,TX,79336
US,TX,79338
US,TX,79339
US,TX,79342
US,TX,79343
US,TX,79344
US,TX,79345
US,TX,79346
US,TX,79347
US,TX,79350
US,TX,79351
US,TX,79353
US,TX,79355
US,TX,79356
US,TX,79357
US,TX,79358
US,TX,79359
US,TX,79360
US,TX,79363
US,TX,79364
US,TX,79366
US,TX,79367
US,TX,79369
US,TX,79370
US,TX,79371
US,TX,79372
US,TX,79373
US,TX,79376
US,TX,79377
US,TX,79378
US,TX,79379
US,TX,79380
US,TX,79381
US,TX,79382
US,TX,79383
US,TX,79401
US,TX,79402
US,TX,79403
US,TX,79404
US,TX,79406
US,TX,79407
US,TX,79408
US,TX,79409
US,TX,79410
US,TX,79411
US,TX,79412
US,TX,79413
US,TX,79414
US,TX,79415
US,TX,79416
US,TX,79423
US,TX,79424
US,TX,79430
US,TX,79452
US,TX,79453
US,TX,79457
US,TX,79464
US,TX,79490
US,TX,79491
US,TX,79493
US,TX,79499
US,TX,79501
US,TX,79502
US,TX,79503
US,TX,79504
US,TX,79505
US,TX,79506
US,TX,79508
US,TX,79510
US,TX,79511
US,TX,79512
US,TX,79516
US,TX,79517
US,TX,79518
US,TX,79519
US,TX,79520
US,TX,79521
US,TX,79525
US,TX,79526
US,TX,79527
US,TX,79528
US,TX,79529
US,TX,79530
US,TX,79532
US,TX,79533
US,TX,79534
US,TX,79535
US,TX,79536
US,TX,79537
US,TX,79538
US,TX,79539
US,TX,79540
US,TX,79541
US,TX,79543
US,TX,79544
US,TX,79545
US,TX,79546
US,TX,79547
US,TX,79548
US,TX,79549
US,TX,79550
US,TX,79553
US,TX,79556
US,TX,79560
US,TX,79561
US,TX,79562
US,TX,79563
US,TX,79565
US,TX,79566
US,TX,79567
US,TX,79601
US,TX,79602
US,TX,79603
US,TX,79604
US,TX,79605
US,TX,79606
US,TX,79607
US,TX,79608
US,TX,79697
US,TX,79698
US,TX,79699
US,TX,79701
US,TX,79702
US,TX,79703
US,TX,79704
US,TX,79705
US,TX,79706
US,TX,79707
US,TX,79708
US,TX,79710
US,TX,79711
US,TX,79712
US,TX,79713
US,TX,79714
US,TX,79718
US,TX,79719
US,TX,79720
US,TX,79721
US,TX,79730
US,TX,79731
US,TX,79733
US,TX,79734
US,TX,79735
US,TX,79738
US,TX,79739
US,TX,79740
US,TX,79741
US,TX,79742
US,TX,79743
US,TX,79744
US,TX,79745
US,TX,79748
US,TX,79749
US,TX,79752
US,TX,79754
US,TX,79755
US,TX,79756
US,TX,79758
US,TX,79759
US,TX,79760
US,TX,79761
US,TX,79762
US,TX,79763
US,TX,79764
US,TX,79765
US,WA,98261
US,WA,98262
US,WA,98263
US,WA,98264
US,WA,98266
US,WA,98267
US,WA,98270
US,WA,98271
US,WA,98272
US,WA,98273
US,WA,98274
US,WA,98275
US,WA,98276
US,WA,98277
US,WA,98278
US,WA,98279
US,WA,98280
US,WA,98281
US,WA,98282
US,WA,98283
US,WA,98284
US,WA,98286
US,WA,98287
US,WA,98288
US,WA,98290
US,WA,98291
US,WA,98292
US,WA,98293
US,WA,98294
US,WA,98295
US,WA,98296
US,WA,98297
US,WA,98303
US,WA,98304
US,WA,98305
US,WA,98310
US,WA,98311
US,WA,98312
US,WA,98314
US,WA,98315
US,WA,98320
US,WA,98321
US,WA,98322
US,WA,98323
US,WA,98324
US,WA,98325
US,WA,98326
US,WA,98327
US,WA,98328
US,WA,98329
US,WA,98330
US,WA,98331
US,WA,98332
US,WA,98333
US,WA,98335
US,WA,98336
US,WA,98337
US,WA,98338
US,WA,98339
US,WA,98340
US,WA,98342
US,WA,98343
US,WA,98344
US,WA,98345
US,WA,98346
US,WA,98348
US,WA,98349
US,WA,98350
US,WA,98351
US,WA,98352
US,WA,98353
US,WA,98354
US,WA,98355
US,WA,98356
US,WA,98357
US,WA,98358
US,WA,98359
US,WA,98360
US,WA,98361
US,WA,98362
US,WA,98363
US,WA,98364
US,WA,98365
US,WA,98366
US,WA,98367
US,WA,98368
US,WA,98370
US,WA,98371
US,WA,98372
US,WA,98373
US,WA,98374
US,WA,98375
US,WA,98376
US,WA,98377
US,WA,98378
US,WA,98380
US,WA,98381
US,WA,98382
US,WA,98383
US,WA,98384
US,WA,98385
US,WA,98386
US,WA,98387
US,WA,98388
US,WA,98390
US,WA,98391
US,WA,98392
US,WA,98393
US,WA,98394
US,WA,98395
US,WA,98396
US,WA,98397
US,WA,98398
US,WA,98401
US,WA,98402
US,WA,98403
US,WA,98404
US,WA,98405
US,WA,98406
US,WA,98407
US,WA,98408
US,WA,98409
US,WA,98411
US,WA,98412
US,WA,98413
US,WA,98415
US,WA,98416
US,WA,98417
US,WA,98418
US,WA,98419
US,WA,98421
US,WA,98422
US,WA,98424
US,WA,98430
US,WA,98431
US,WA,98433
US,WA,98438
US,WA,98439
US,WA,98443
US,WA,98444
US,WA,98445
US,WA,98446
US,WA,98447
US,WA,98448
US,WA,98464
US,WA,98465
US,WA,98466
US,WA,98467
US,WA,98471
US,WA,98481
US,WA,98490
US,WA,98493
US,WA,98496
US,WA,98497
US,WA,98498
US,WA,98499
US,WA,98501
US,WA,98502
US,WA,98503
US,WA,98504
US,WA,98505
US,WA,98506
US,WA,98507
US,WA,98508
US,WA,98509
US,WA,98511
US,WA,98512
US,WA,98513
US,WA,98516
US,WA,98520
US,WA,98522
US,WA,98524
US,WA,98526
US,WA,98527
US,WA,98528
US,WA,98530
US,WA,98531
US,WA,98532
US,WA,98533
US,WA,98535
US,WA,98536
US,WA,98537
US,WA,98538
US,WA,98539
US,WA,98540
US,WA,98541
US,WA,98542
US,WA,98544
US,WA,98546
US,WA,98547
US,WA,98548
US,WA,98550
US,WA,98552
US,WA,98554
US,WA,98555
US,WA,98556
US,WA,98557
US,WA,98558
US,WA,98559
US,WA,98560
US,WA,98561
US,WA,98562
US,WA,98563
US,WA,98564
US,WA,98565
US,WA,98566
US,WA,98568
US,WA,98569
US,WA,98570
US,WA,98571
US,WA,98572
US,WA,98575
US,WA,98576
US,WA,98577
US,WA,98579
US,WA,98580
US,WA,98581
US,WA,98582
US,WA,98583
US,WA,98584
US,WA,98585
US,WA,98586
US,WA,98587
US,WA,98588
US,WA,98589
US,WA,98590
US,WA,98591
US,WA,98592
US,WA,98593
US,WA,98595
US,WA,98596
US,WA,98597
US,WA,98599
US,WA,98601
US,WA,98602
US,WA,98603
US,WA,98604
US,WA,98605
US,WA,98606
US,WA,98607
US,WA,98609
US,WA,98610
US,WA,98611
US,WA,98612
US,WA,98613
US,WA,98614
US,WA,98616
US,WA,98617
US,WA,98619
US,WA,98620
US,WA,98621
US,WA,98622
US,WA,98623
US,WA,98624
US,WA,98625
US,WA,98626
US,WA,98628
US,WA,98629
US,WA,98631
US,WA,98632
US,WA,98635
US,WA,98637
US,WA,98638
US,WA,98639
US,WA,98640
US,WA,98641
US,WA,98642
US,WA,98643
US,WA,98644
US,TX,79766
US,TX,79768
US,TX,79769
US,TX,79770
US,TX,79772
US,TX,79776
US,CA,93256
US,CA,93257
US,CA,93258
US,CA,93260
US,CA,93261
US,CA,93262
US,CA,93263
US,CA,93265
US,CA,93266
US,CA,93267
US,CA,93268
US,CA,93270
US,CA,93271
US,CA,93272
US,CA,93274
US,CA,93275
US,CA,93276
US,CA,93277
US,CA,93278
US,CA,93279
US,CA,93280
US,CA,93282
US,CA,93283
US,CA,93285
US,CA,93286
US,CA,93287
US,CA,93290
US,CA,93291
US,CA,93292
US,CA,93301
US,CA,93302
US,CA,93303
US,CA,93304
US,CA,93305
US,CA,93306
US,CA,93307
US,CA,93308
US,CA,93309
US,CA,93311
US,CA,93312
US,CA,93313
US,CA,93314
US,CA,93380
US,CA,93383
US,CA,93384
US,CA,93385
US,CA,93386
US,CA,93387
US,CA,93388
US,CA,93389
US,CA,93390
US,CA,93401
US,CA,93402
US,CA,93403
US,CA,93405
US,CA,93406
US,CA,93407
US,CA,93408
US,CA,93409
US,CA,93410
US,CA,93412
US,CA,93420
US,CA,93421
US,CA,93422
US,CA,93423
US,CA,93424
US,CA,93426
US,CA,93427
US,CA,93428
US,CA,93429
US,CA,93430
US,CA,93432
US,CA,93433
US,CA,93434
US,CA,93435
US,CA,93436
US,CA,93437
US,CA,93438
US,CA,93440
US,CA,93441
US,CA,93442
US,CA,93443
US,CA,93444
US,CA,93445
US,CA,93446
US,CA,93447
US,CA,93448
US,CA,93449
US,CA,93450
US,CA,93451
US,CA,93452
US,CA,93453
US,CA,93454
US,CA,93455
US,CA,93456
US,CA,93457
US,CA,93458
US,CA,93460
US,CA,93461
US,CA,93463
US,CA,93464
US,CA,93465
US,CA,93475
US,CA,93483
US,CA,93501
US,CA,93502
US,CA,93504
US,CA,93505
US,CA,93510
US,CA,93512
US,CA,93513
US,CA,93514
US,CA,93515
US,CA,93516
US,CA,93517
US,CA,93518
US,CA,93519
US,CA,93522
US,CA,93523
US,CA,93524
US,CA,93526
US,CA,93527
US,CA,93528
US,CA,93529
US,CA,93530
US,CA,93531
US,CA,93532
US,CA,93534
US,CA,93535
US,CA,93536
US,CA,93539
US,CA,93541
US,CA,93542
US,CA,93543
US,CA,93544
US,CA,93545
US,CA,93546
US,CA,93549
US,CA,93550
US,CA,93551
US,CA,93552
US,CA,93553
US,CA,93554
US,CA,93555
US,CA,93556
US,CA,93558
US,CA,93560
US,CA,93561
US,CA,93562
US,CA,93563
US,CA,93581
US,CA,93584
US,CA,93586
US,CA,93590
US,CA,93591
US,CA,93592
US,CA,93596
US,CA,93599
US,CA,93601
US,CA,93602
US,CA,93603
US,CA,93604
US,CA,93605
US,CA,93606
US,CA,93607
US,CA,93608
US,CA,93609
US,CA,93610
US,CA,93611
US,CA,93612
US,CA,93613
US,CA,93614
US,CA,93615
US,CA,93616
US,CA,93618
US,CA,93619
US,CA,93620
US,CA,93621
US,CA,93622
US,CA,93623
US,CA,93624
US,CA,93625
US,CA,93626
US,CA,93627
US,CA,93628
US,CA,93630
US,CA,93631
US,CA,93633
US,CA,93634
US,CA,93635
US,CA,93636
US,CA,93637
US,CA,93638
US,CA,93639
US,CA,93640
US,CA,93641
US,CA,93642
US,CA,93643
US,CA,93644
US,CA,93645
US,CA,93646
US,CA,93647
US,CA,93648
US,CA,93649
US,CA,93650
US,CA,93651
US,CA,93652
US,CA,93653
US,CA,93654
US,CA,93656
US,CA,93657
US,CA,93660
US,CA,93661
US,CA,93662
US,CA,93664
US,CA,93665
US,CA,93666
US,CA,93667
US,CA,93668
US,CA,93669
US,CA,93670
US,CA,93673
US,CA,93675
US,CA,93701
US,CA,93702
US,CA,93703
US,CA,93704
US,CA,93705
US,CA,93706
US,CA,93707
US,CA,93708
US,CA,93709
US,CA,93710
US,CA,93711
US,CA,93712
US,CA,93714
US,CA,93715
US,CA,93716
US,CA,93717
US,CA,93718
US,CA,93720
US,CA,93721
US,CA,93722
US,CA,93723
US,CA,93724
US,CA,93725
US,CA,93726
US,CA,93727
US,CA,93728
US,CA,93729
US,CA,93730
US,CA,93737
US,CA,93740
US,CA,93741
US,CA,93744
US,CA,93745
US,CA,93747
US,CA,93750
US,CA,93755
US,CA,93760
US,CA,93761
US,CA,93764
US,CA,93765
US,TX,75974
US,TX,75975
US,TX,75976
US,TX,75977
US,TX,75978
US,TX,75979
US,TX,75980
US,TX,75990
US,TX,76001
US,TX,76002
US,TX,76003
US,TX,76004
US,TX,76005
US,TX,76006
US,TX,76007
US,TX,76008
US,TX,76009
US,TX,76010
US,TX,76011
US,TX,76012
US,TX,76013
US,TX,76014
US,TX,76015
US,TX,76016
US,TX,76017
US,TX,76018
US,TX,76019
US,TX,76020
US,TX,76021
US,TX,76022
US,TX,76023
US,TX,76028
US,TX,76031
US,TX,76033
US,TX,76034
US,TX,76035
US,TX,76036
US,TX,76039
US,TX,76040
US,TX,76041
US,TX,76043
US,TX,76044
US,TX,76048
US,TX,76049
US,TX,76050
US,TX,76051
US,TX,76052
US,TX,76053
US,TX,76054
US,TX,76055
US,TX,76058
US,TX,76059
US,TX,76060
US,TX,76061
US,TX,76063
US,TX,76064
US,TX,76065
US,TX,76066
US,TX,76067
US,TX,76068
US,TX,76070
US,TX,76071
US,TX,76073
US,TX,76077
US,TX,76078
US,TX,76082
US,TX,76084
US,TX,76085
US,TX,76086
US,TX,76087
US,TX,76088
US,TX,76092
US,TX,76093
US,TX,76094
US,TX,76095
US,TX,76096
US,TX,76097
US,TX,76098
US,TX,76099
US,TX,76101
US,TX,76102
US,TX,76103
US,TX,76104
US,TX,76105
US,TX,76106
US,TX,76107
US,TX,76108
US,TX,76109
US,TX,76110
US,TX,76111
US,TX,76112
US,TX,76113
US,TX,76114
US,TX,76115
US,TX,76116
US,TX,76117
US,TX,76118
US,TX,76119
US,TX,76120
US,TX,76121
US,TX,76122
US,TX,76123
US,TX,76124
US,TX,76126
US,TX,76127
US,TX,76129
US,TX,76130
US,TX,76131
US,TX,76132
US,TX,76133
US,TX,76134
US,TX,76135
US,TX,76136
US,TX,76137
US,TX,76140
US,TX,76147
US,TX,76148
US,TX,76150
US,TX,76155
US,TX,76161
US,TX,76162
US,TX,76163
US,TX,76164
US,TX,76166
US,TX,76177
US,TX,76179
US,TX,76180
US,TX,76181
US,TX,76182
US,TX,76185
US,TX,76190
US,TX,76191
US,TX,76192
US,TX,76193
US,TX,76195
US,TX,76196
US,TX,76197
US,TX,76198
US,TX,76199
US,TX,76201
US,TX,76202
US,TX,76203
US,TX,76204
US,TX,76205
US,TX,76206
US,TX,76207
US,TX,76208
US,TX,76209
US,TX,76210
US,TX,76225
US,TX,76226
US,TX,76227
US,TX,76228
US,TX,76230
US,TX,76233
US,TX,76234
US,TX,76238
US,TX,76239
US,TX,76240
US,TX,76241
US,TX,76244
US,TX,76245
US,TX,76246
US,TX,76247
US,TX,76248
US,TX,76249
US,TX,76250
US,TX,76251
US,TX,76252
US,TX,76253
US,TX,76255
US,TX,76258
US,TX,76259
US,TX,76261
US,TX,76262
US,TX,76263
US,TX,76264
US,TX,76265
US,TX,76266
US,TX,76267
US,TX,76268
US,TX,76270
US,TX,76271
US,TX,76272
US,TX,76273
US,TX,76301
US,TX,76302
US,TX,76305
US,TX,76306
US,TX,76307
US,TX,76308
US,TX,76309
US,TX,76310
US,TX,76311
US,TX,76351
US,TX,76352
US,TX,76354
US,TX,76357
US,TX,76360
US,TX,76363
US,TX,76364
US,TX,76365
US,TX,76366
US,TX,76367
US,TX,76369
US,TX,76370
US,TX,76371
US,TX,76372
US,TX,76373
US,TX,76374
US,TX,76377
US,TX,76379
US,TX,76380
US,TX,76384
US,TX,76385
US,TX,76388
US,TX,76389
US,TX,76401
US,TX,76402
US,TX,76424
US,TX,76426
US,TX,76427
US,TX,76429
US,TX,76430
US,TX,76431
US,TX,76432
US,TX,76433
US,TX,76435
US,TX,76436
US,TX,76437
US,TX,76439
US,TX,76442
US,TX,76443
US,TX,76444
US,TX,76445
US,TX,76446
US,TX,76448
US,TX,76449
US,TX,76450
US,TX,76452
US,TX,76453
US,TX,76454
US,TX,76455
US,TX,76457
US,TX,76458
US,TX,76459
US,TX,76460
US,TX,76461
US,TX,76462
US,TX,76463
US,TX,76464
US,TX,76465
US,TX,76466
US,TX,76467
US,TX,76468
US,TX,76469
US,TX,76470
US,TX,76471
US,TX,76472
US,TX,76474
US,TX,76475
US,TX,76476
US,TX,76481
US,TX,76483
US,TX,76484
US,TX,76485
US,TX,76486
US,TX,76487
US,TX,76490
US,CA,93771
US,CA,93772
US,CA,93773
US,CA,93774
US,CA,93775
US,CA,93776
US,TX,79777
US,TX,79778
US,TX,79780
US,TX,79781
US,TX,79782
US,TX,79783
US,TX,79785
US,TX,79786
US,TX,79788
US,TX,79789
US,TX,79821
US,TX,79830
US,TX,79831
US,TX,79832
US,TX,79834
US,TX,79835
US,TX,79836
US,TX,79837
US,TX,79838
US,TX,79839
US,TX,79842
US,TX,79843
US,TX,79845
US,TX,79846
US,TX,79847
US,TX,79848
US,TX,79849
US,TX,79851
US,TX,79852
US,TX,79853
US,TX,79854
US,TX,79855
US,TX,79901
US,TX,79902
US,TX,79903
US,TX,79904
US,TX,79905
US,TX,79906
US,TX,79907
US,TX,79908
US,TX,79910
US,TX,79911
US,TX,79912
US,TX,79913
US,TX,79914
US,TX,79915
US,TX,79916
US,TX,79917
US,TX,79918
US,TX,79920
US,TX,79922
US,TX,79923
US,TX,79924
US,TX,79925
US,TX,79926
US,TX,79927
US,TX,79928
US,TX,79929
US,TX,79930
US,TX,79931
US,TX,79932
US,TX,79934
US,TX,79935
US,TX,79936
US,TX,79937
US,TX,79938
US,TX,79940
US,TX,79941
US,TX,79942
US,TX,79943
US,TX,79944
US,TX,79945
US,TX,79946
US,TX,79947
US,TX,79948
US,TX,79949
US,TX,79950
US,TX,79951
US,TX,79952
US,TX,79953
US,TX,79954
US,TX,79955
US,TX,79958
US,TX,79960
US,TX,79961
US,TX,79968
US,TX,79976
US,TX,79978
US,TX,79980
US,TX,79995
US,TX,79996
US,TX,79997
US,TX,79998
US,TX,79999
US,CO,80001
US,CO,80002
US,CO,80003
US,CO,80004
US,CO,80005
US,CO,80006
US,CO,80007
US,CO,80010
US,CO,80011
US,CO,80012
US,CO,80013
US,CO,80014
US,CO,80015
US,CO,80016
US,CO,80017
US,CO,80018
US,CO,80019
US,CO,80020
US,CO,80021
US,CO,80022
US,CO,80023
US,CO,80024
US,CO,80025
US,CO,80026
US,CO,80027
US,CO,80030
US,CO,80031
US,CO,80033
US,CO,80034
US,CO,80035
US,CO,80036
US,CO,80037
US,CO,80038
US,CO,80040
US,CO,80041
US,CO,80042
US,CO,80044
US,CO,80045
US,CO,80046
US,CO,80047
US,CO,80101
US,CO,80102
US,CO,80103
US,CO,80104
US,CO,80105
US,CO,80106
US,CO,80107
US,CO,80108
US,CO,80109
US,CO,80110
US,CO,80111
US,CO,80112
US,CO,80113
US,CO,80116
US,CO,80117
US,CO,80118
US,CO,80120
US,CO,80121
US,CO,80122
US,CO,80123
US,CO,80124
US,CO,80125
US,CO,80126
US,CO,80127
US,CO,80128
US,CO,80129
US,CO,80130
US,CO,80131
US,CO,80132
US,CO,80133
US,CO,80134
US,CO,80135
US,CO,80136
US,CO,80137
US,CO,80138
US,CO,80150
US,CO,80151
US,CO,80155
US,CO,80160
US,CO,80161
US,CO,80162
US,CO,80163
US,CO,80165
US,CO,80166
US,CO,80201
US,CO,80202
US,CO,80203
US,CO,80204
US,CO,80205
US,CO,80206
US,CO,80207
US,CO,80208
US,CO,80209
US,CO,80210
US,CO,80211
US,CO,80212
US,CO,80214
US,CO,80215
US,CO,80216
US,CO,80217
US,CO,80218
US,CO,80219
US,CO,80220
US,CO,80221
US,CO,80222
US,CO,80223
US,CO,80224
US,CO,80225
US,CO,80226
US,CO,80227
US,CO,80228
US,CO,80229
US,CO,80230
US,CO,80231
US,CO,80232
US,CO,80233
US,CO,80234
US,CO,80235
US,CO,80236
US,CO,80237
US,CO,80238
US,CO,80239
US,CO,80241
US,CO,80243
US,CO,80244
US,CO,80246
US,CO,80247
US,CO,80248
US,CO,80249
US,CO,80250
US,CO,80251
US,CO,80256
US,CO,80257
US,CO,80259
US,CO,80260
US,CO,80261
US,CO,80262
US,CO,80263
US,CO,80264
US,CO,80265
US,CO,80266
US,CO,80271
US,CO,80273
US,CO,80274
US,CO,80281
US,CO,80290
US,CO,80291
US,CO,80293
US,CO,80294
US,CO,80299
US,CO,80301
US,CO,80302
US,CO,80303
US,CO,80304
US,CO,80305
US,CO,80306
US,CO,80307
US,CO,80308
US,CO,80309
US,CO,80310
US,CO,80314
US,CO,80401
US,CO,80402
US,CO,80403
US,CO,80419
US,CO,80420
US,CO,80421
US,CO,80422
US,CO,80423
US,NM,88045
US,NM,88046
US,NM,88047
US,NM,88048
US,NM,88049
US,NM,88051
US,NM,88052
US,NM,88053
US,NM,88054
US,NM,88055
US,NM,88056
US,NM,88058
US,NM,88061
US,NM,88062
US,NM,88063
US,NM,88065
US,NM,88072
US,NM,88081
US,NM,88101
US,NM,88102
US,NM,88103
US,NM,88112
US,NM,88113
US,NM,88114
US,NM,88115
US,NM,88116
US,NM,88118
US,NM,88119
US,NM,88120
US,NM,88121
US,NM,88122
US,NM,88123
US,NM,88124
US,NM,88125
US,NM,88126
US,NM,88130
US,NM,88132
US,NM,88133
US,NM,88134
US,NM,88135
US,NM,88136
US,NM,88201
US,NM,88202
US,NM,88203
US,NM,88210
US,NM,88211
US,NM,88213
US,NM,88220
US,NM,88221
US,NM,88230
US,NM,88231
US,NM,88232
US,NM,88240
US,NM,88241
US,NM,88242
US,NM,88244
US,NM,88250
US,NM,88252
US,NM,88253
US,NM,88254
US,NM,88255
US,NM,88256
US,NM,88260
US,NM,88262
US,NM,88263
US,NM,88264
US,NM,88265
US,NM,88267
US,NM,88268
US,NM,88301
US,NM,88310
US,NM,88311
US,NM,88312
US,NM,88314
US,NM,88316
US,NM,88317
US,NM,88318
US,NM,88321
US,NM,88323
US,NM,88324
US,NM,88325
US,NM,88330
US,NM,88336
US,NM,88337
US,NM,88338
US,NM,88339
US,NM,88340
US,NM,88341
US,NM,88342
US,NM,88343
US,NM,88344
US,NM,88345
US,NM,88346
US,NM,88347
US,NM,88348
US,NM,88349
US,NM,88350
US,NM,88351
US,NM,88352
US,NM,88353
US,NM,88354
US,NM,88355
US,NM,88401
US,NM,88410
US,NM,88411
US,NM,88414
US,NM,88415
US,NM,88416
US,NM,88417
US,NM,88418
US,NM,88419
US,NM,88421
US,NM,88422
US,NM,88424
US,NM,88426
US,NM,88427
US,NM,88430
US,NM,88431
US,NM,88433
US,NM,88434
US,NM,88435
US,NM,88436
US,NM,88439
US,TX,88510
US,TX,88511
US,TX,88512
US,TX,88513
US,TX,88514
US,TX,88515
US,TX,88517
US,TX,88518
US,TX,88519
US,TX,88520
US,TX,88521
US,TX,88523
US,TX,88524
US,TX,88525
US,TX,88526
US,TX,88527
US,TX,88528
US,TX,88529
US,TX,88530
US,TX,88531
US,TX,88532
US,TX,88533
US,TX,88534
US,TX,88535
US,TX,88536
US,TX,88538
US,TX,88539
US,TX,88540
US,TX,88541
US,TX,88542
US,TX,88543
US,TX,88544
US,TX,88545
US,TX,88546
US,TX,88547
US,TX,88548
US,TX,88549
US,TX,88550
US,TX,88553
US,TX,88554
US,TX,88555
US,TX,88556
US,TX,88557
US,TX,88558
US,TX,88559
US,TX,88560
US,TX,88561
US,TX,88562
US,TX,88563
US,TX,88565
US,TX,88566
US,TX,88567
US,TX,88568
US,TX,88569
US,TX,88570
US,TX,88571
US,TX,88572
US,TX,88573
US,TX,88574
US,TX,88575
US,TX,88576
US,TX,88577
US,TX,88578
US,TX,88579
US,TX,88580
US,TX,88581
US,TX,88582
US,TX,88583
US,TX,88584
US,TX,88585
US,TX,88586
US,TX,88587
US,TX,88588
US,TX,88589
US,TX,88590
US,TX,88595
US,UNKNOWN,88888
US,NV,88901
US,NV,88905
US,NV,89001
US,NV,89002
US,NV,89003
US,NV,89004
US,NV,89005
US,NV,89006
US,NV,89007
US,NV,89008
US,NV,89009
US,NV,89010
US,NV,89011
US,NV,89012
US,NV,89013
US,NV,89014
US,NV,89015
US,NV,89016
US,NV,89017
US,NV,89018
US,NV,89019
US,NV,89020
US,NV,89021
US,NV,89022
US,NV,89023
US,NV,89024
US,NV,89025
US,NV,89026
US,NV,89027
US,NV,89028
US,NV,89029
US,NV,89030
US,NV,89031
US,NV,89032
US,NV,89033
US,NV,89034
US,NV,89036
US,NV,89037
US,NV,89039
US,NV,89040
US,NV,89041
US,NV,89042
US,NV,89043
US,NV,89044
US,NV,89045
US,NV,89046
US,NV,89047
US,NV,89048
US,NV,89049
US,NV,89052
US,NV,89053
US,NV,89054
US,NV,89060
US,NV,89061
US,NV,89067
US,NV,89070
US,NV,89074
US,NV,89077
US,NV,89081
US,NV,89084
US,NV,89085
US,NV,89086
US,NV,89087
US,NV,89101
US,NV,89102
US,NV,89103
US,NV,89104
US,NV,89105
US,NV,89106
US,CO,80424
US,CO,80425
US,CO,80426
US,CO,80427
US,CO,80428
US,CO,80429
US,CA,93777
US,CA,93778
US,CA,93779
US,CA,93786
US,CA,93790
US,CA,93791
US,CA,93792
US,CA,93793
US,CA,93794
US,CA,93844
US,CA,93888
US,CA,93901
US,CA,93902
US,CA,93905
US,CA,93906
US,CA,93907
US,CA,93908
US,CA,93912
US,CA,93915
US,CA,93920
US,CA,93921
US,CA,93922
US,CA,93923
US,CA,93924
US,CA,93925
US,CA,93926
US,CA,93927
US,CA,93928
US,CA,93930
US,CA,93932
US,CA,93933
US,CA,93940
US,CA,93942
US,CA,93943
US,CA,93944
US,CA,93950
US,CA,93953
US,CA,93954
US,CA,93955
US,CA,93960
US,CA,93962
US,CA,94002
US,CA,94005
US,CA,94010
US,CA,94011
US,CA,94014
US,CA,94015
US,CA,94016
US,CA,94017
US,CA,94018
US,CA,94019
US,CA,94020
US,CA,94021
US,CA,94022
US,CA,94023
US,CA,94024
US,CA,94025
US,CA,94026
US,CA,94027
US,CA,94028
US,CA,94030
US,CA,94035
US,CA,94037
US,CA,94038
US,CA,94039
US,CA,94040
US,CA,94041
US,CA,94042
US,CA,94043
US,CA,94044
US,CA,94060
US,CA,94061
US,CA,94062
US,CA,94063
US,CA,94064
US,CA,94065
US,CA,94066
US,CA,94070
US,CA,94074
US,CA,94080
US,CA,94083
US,CA,94085
US,CA,94086
US,CA,94087
US,CA,94088
US,CA,94089
US,CA,94102
US,CA,94103
US,CA,94104
US,CA,94105
US,CA,94107
US,CA,94108
US,CA,94109
US,CA,94110
US,CA,94111
US,CA,94112
US,CA,94114
US,CA,94115
US,CA,94116
US,CA,94117
US,CA,94118
US,CA,94119
US,CA,94120
US,CA,94121
US,CA,94122
US,CA,94123
US,CA,94124
US,CA,94125
US,CA,94126
US,CA,94127
US,CA,94128
US,CA,94129
US,CA,94130
US,CA,94131
US,CA,94132
US,CA,94133
US,CA,94134
US,CA,94137
US,CA,94139
US,CA,94140
US,CA,94141
US,CA,94142
US,CA,94143
US,CA,94144
US,CA,94145
US,CA,94146
US,CA,94147
US,CA,94151
US,CA,94158
US,CA,94159
US,CA,94160
US,CA,94161
US,CA,94163
US,CA,94164
US,CA,94172
US,CA,94177
US,CA,94188
US,CA,94203
US,CA,94204
US,CA,94205
US,CA,94206
US,CA,94207
US,CA,94208
US,CA,94209
US,CA,94211
US,CA,94229
US,CA,94230
US,CA,94232
US,CA,94234
US,CA,94235
US,CA,94236
US,CA,94237
US,CA,94239
US,CA,94240
US,CA,94244
US,CA,94245
US,CA,94247
US,CA,94248
US,CA,94249
US,CA,94250
US,CA,94252
US,CA,94254
US,CA,94256
US,CA,94257
US,CA,94258
US,CA,94259
US,CA,94261
US,CA,94262
US,CA,94263
US,CA,94267
US,CA,94268
US,CA,94269
US,CA,94271
US,CA,94273
US,CA,94274
US,CA,94277
US,CA,94278
US,CA,94279
US,CA,94280
US,CA,94282
US,CA,94283
US,CA,94284
US,CA,94285
US,CA,94287
US,CA,94288
US,CA,94289
US,CA,94290
US,CA,94291
US,CA,94293
US,CA,94294
US,CA,94295
US,CA,94296
US,CA,94297
US,CA,94298
US,CA,94299
US,CA,94301
US,CA,94302
US,CA,94303
US,CA,94304
US,CA,94305
US,CA,94306
US,CA,94309
US,CA,94401
US,CA,94402
US,CA,94403
US,CA,94404
US,CA,94497
US,CA,94501
US,CA,94502
US,CA,94503
US,CA,94505
US,CA,94506
US,CA,94507
US,CA,94508
US,CA,94509
US,CA,94510
US,CA,94511
US,CA,94512
US,CA,94513
US,CA,94514
US,CA,94515
US,CA,94516
US,CA,94517
US,CA,94518
US,CA,94519
US,CA,94520
US,CA,94521
US,CA,94522
US,CA,94523
US,CA,94524
US,CA,94525
US,CA,94526
US,CA,94527
US,CA,94528
US,CA,94529
US,CA,94530
US,CA,94531
US,CA,94533
US,CA,94534
US,CA,94535
US,CA,94536
US,CA,94537
US,CA,94538
US,CA,94539
US,CA,94540
US,CA,94541
US,CA,94542
US,CA,94543
US,CA,94544
US,CA,94545
US,CA,94546
US,CA,94547
US,CA,94548
US,CA,94549
US,CA,94550
US,CA,94551
US,CA,94552
US,CA,94553
US,CA,94555
US,CA,94556
US,CA,94557
US,CA,94558
US,CA,94559
US,WA,98645
US,WA,98647
US,WA,98648
US,WA,98649
US,WA,98650
US,WA,98651
US,WA,98660
US,WA,98661
US,WA,98662
US,WA,98663
US,WA,98664
US,WA,98665
US,WA,98666
US,WA,98668
US,WA,98670
US,WA,98671
US,WA,98672
US,WA,98673
US,WA,98674
US,WA,98675
US,WA,98682
US,WA,98683
US,WA,98684
US,WA,98685
US,WA,98686
US,WA,98687
US,WA,98801
US,WA,98802
US,WA,98807
US,WA,98811
US,WA,98812
US,WA,98813
US,WA,98814
US,WA,98815
US,WA,98816
US,WA,98817
US,WA,98819
US,WA,98821
US,WA,98822
US,WA,98823
US,WA,98824
US,WA,98826
US,WA,98827
US,WA,98828
US,WA,98829
US,WA,98830
US,WA,98831
US,WA,98832
US,WA,98833
US,WA,98834
US,WA,98836
US,WA,98837
US,WA,98840
US,WA,98841
US,WA,98843
US,WA,98844
US,WA,98845
US,WA,98846
US,WA,98847
US,WA,98848
US,WA,98849
US,WA,98850
US,WA,98851
US,WA,98852
US,WA,98853
US,WA,98855
US,WA,98856
US,WA,98857
US,WA,98858
US,WA,98859
US,WA,98860
US,WA,98862
US,WA,98901
US,WA,98902
US,WA,98903
US,WA,98904
US,WA,98907
US,WA,98908
US,WA,98909
US,WA,98920
US,WA,98921
US,WA,98922
US,WA,98923
US,WA,98925
US,WA,98926
US,WA,98930
US,WA,98932
US,WA,98933
US,WA,98934
US,WA,98935
US,WA,98936
US,WA,98937
US,WA,98938
US,WA,98939
US,WA,98940
US,WA,98941
US,WA,98942
US,WA,98943
US,WA,98944
US,WA,98946
US,WA,98947
US,WA,98948
US,WA,98950
US,WA,98951
US,WA,98952
US,WA,98953
US,WA,99001
US,WA,99003
US,WA,99004
US,WA,99005
US,WA,99006
US,WA,99008
US,WA,99009
US,WA,99011
US,WA,99012
US,WA,99013
US,WA,99014
US,WA,99016
US,WA,99017
US,WA,99018
US,WA,99019
US,WA,99020
US,WA,99021
US,WA,99022
US,WA,99023
US,WA,99025
US,WA,99026
US,WA,99027
US,WA,99029
US,WA,99030
US,WA,99031
US,WA,99032
US,WA,99033
US,WA,99034
US,WA,99036
US,WA,99037
US,WA,99039
US,WA,99040
US,WA,99101
US,WA,99102
US,WA,99103
US,WA,99104
US,WA,99105
US,WA,99109
US,WA,99110
US,WA,99111
US,WA,99113
US,WA,99114
US,WA,99115
US,WA,99116
US,WA,99117
US,WA,99118
US,WA,99119
US,WA,99121
US,WA,99122
US,WA,99123
US,WA,99124
US,WA,99125
US,WA,99126
US,WA,99128
US,WA,99129
US,WA,99130
US,WA,99131
US,WA,99133
US,WA,99134
US,WA,99135
US,WA,99136
US,WA,99137
US,WA,99138
US,WA,99139
US,WA,99140
US,WA,99141
US,WA,99143
US,WA,99144
US,WA,99146
US,WA,99147
US,WA,99148
US,WA,99149
US,WA,99150
US,WA,99151
US,WA,99152
US,WA,99153
US,WA,99154
US,WA,99155
US,WA,99156
US,WA,99157
US,WA,99158
US,WA,99159
US,WA,99160
US,WA,99161
US,WA,99163
US,WA,99164
US,WA,99166
US,WA,99167
US,WA,99169
US,WA,99170
US,WA,99171
US,WA,99173
US,WA,99174
US,WA,99176
US,WA,99179
US,WA,99180
US,WA,99181
US,WA,99185
US,WA,99201
US,WA,99202
US,WA,99203
US,WA,99204
US,WA,99205
US,WA,99206
US,WA,99207
US,WA,99208
US,WA,99209
US,WA,99210
US,WA,99211
US,WA,99212
US,WA,99213
US,WA,99214
US,WA,99215
US,WA,99216
US,WA,99217
US,WA,99218
US,WA,99219
US,WA,99220
US,WA,99223
US,WA,99224
US,WA,99228
US,WA,99251
US,WA,99252
US,WA,99256
US,WA,99258
US,WA,99260
US,WA,99301
US,WA,99302
US,WA,99320
US,WA,99321
US,WA,99322
US,WA,99323
US,WA,99324
US,WA,99326
US,WA,99328
US,WA,99329
US,WA,99330
US,WA,99333
US,WA,99335
US,WA,99336
US,WA,99337
US,WA,99338
US,WA,99341
US,WA,99343
US,WA,99344
US,WA,99345
US,WA,99346
US,WA,99347
US,WA,99348
US,WA,99349
US,WA,99350
US,WA,99352
US,WA,99353
US,WA,99354
US,WA,99356
US,WA,99357
US,WA,99359
US,WA,99360
US,WA,99361
US,WA,99362
US,WA,99363
US,WA,99371
US,WA,99401
US,CA,94560
US,CA,94561
US,CA,94562
US,CA,94563
US,CA,94564
US,CA,94565
US,CO,80430
US,CO,80432
US,CO,80433
US,CO,80434
US,CO,80435
US,CO,80436
US,CO,80437
US,CO,80438
US,CO,80439
US,CO,80440
US,CO,80442
US,CO,80443
US,CO,80444
US,CO,80446
US,CO,80447
US,CO,80448
US,CO,80449
US,CO,80451
US,CO,80452
US,CO,80453
US,CO,80454
US,CO,80455
US,CO,80456
US,CO,80457
US,CO,80459
US,CO,80461
US,CO,80463
US,CO,80465
US,CO,80466
US,CO,80467
US,CO,80468
US,CO,80469
US,CO,80470
US,CO,80471
US,CO,80473
US,CO,80474
US,CO,80475
US,CO,80476
US,CO,80477
US,CO,80478
US,CO,80479
US,CO,80480
US,CO,80481
US,CO,80482
US,CO,80483
US,CO,80487
US,CO,80488
US,CO,80497
US,CO,80498
US,CO,80501
US,CO,80502
US,CO,80503
US,CO,80504
US,CO,80510
US,CO,80511
US,CO,80512
US,CO,80513
US,CO,80514
US,CO,80515
US,CO,80516
US,CO,80517
US,CO,80520
US,CO,80521
US,CO,80522
US,CO,80523
US,CO,80524
US,CO,80525
US,CO,80526
US,CO,80527
US,CO,80528
US,CO,80530
US,CO,80532
US,CO,80533
US,CO,80534
US,CO,80535
US,CO,80536
US,CO,80537
US,CO,80538
US,CO,80539
US,CO,80540
US,CO,80541
US,CO,80542
US,CO,80543
US,CO,80544
US,CO,80545
US,CO,80546
US,CO,80547
US,CO,80549
US,CO,80550
US,CO,80551
US,CO,80553
US,CO,80601
US,CO,80602
US,CO,80603
US,CO,80610
US,CO,80611
US,CO,80612
US,CO,80614
US,CO,80615
US,CO,80620
US,CO,80621
US,CO,80622
US,CO,80623
US,CO,80624
US,CO,80631
US,CO,80632
US,CO,80633
US,CO,80634
US,CO,80638
US,CO,80639
US,CO,80640
US,CO,80642
US,CO,80643
US,CO,80644
US,CO,80645
US,CO,80646
US,CO,80648
US,CO,80649
US,CO,80650
US,CO,80651
US,CO,80652
US,CO,80653
US,CO,80654
US,CO,80701
US,CO,80705
US,CO,80720
US,CO,80721
US,CO,80722
US,CO,80723
US,CO,80726
US,CO,80727
US,CO,80728
US,CO,80729
US,CO,80731
US,CO,80732
US,CO,80733
US,CO,80734
US,CO,80735
US,CO,80736
US,CO,80737
US,CO,80740
US,CO,80741
US,CO,80742
US,CO,80743
US,CO,80744
US,CO,80745
US,CO,80746
US,CO,80747
US,CO,80749
US,CO,80750
US,CO,80751
US,CO,80754
US,CO,80755
US,CO,80757
US,CO,80758
US,CO,80759
US,CO,80801
US,CO,80802
US,CO,80804
US,CO,80805
US,CO,80807
US,CO,80808
US,CO,80809
US,CO,80810
US,CO,80812
US,CO,80813
US,CO,80814
US,CO,80815
US,CO,80816
US,CO,80817
US,CO,80818
US,CO,80819
US,CO,80820
US,CO,80821
US,CO,80822
US,CO,80823
US,CO,80824
US,CO,80825
US,CO,80826
US,CO,80827
US,CO,80828
US,CO,80829
US,CO,80830
US,CO,80831
US,CO,80832
US,CO,80833
US,CO,80834
US,CO,80835
US,CO,80836
US,CO,80840
US,CO,80841
US,CO,80860
US,CO,80861
US,CO,80862
US,CO,80863
US,CO,80864
US,CO,80866
US,CO,80901
US,CO,80902
US,CO,80903
US,CO,80904
US,CO,80905
US,CO,80906
US,CO,80907
US,CO,80908
US,CO,80909
US,CO,80910
US,CO,80911
US,CO,80912
US,CO,80913
US,CO,80914
US,CO,80915
US,CO,80916
US,CO,80917
US,CO,80918
US,CO,80919
US,CO,80920
US,CO,80921
US,CO,80922
US,CO,80923
US,CO,80924
US,CO,80925
US,CO,80926
US,CO,80927
US,CO,80928
US,CO,80929
US,CO,80930
US,CO,80931
US,CO,80932
US,CO,80933
US,CO,80934
US,CO,80935
US,CO,80936
US,CO,80937
US,CO,80938
US,CO,80939
US,CO,80941
US,CO,80942
US,CO,80946
US,CO,80947
US,CO,80949
US,CO,80950
US,CO,80951
US,CO,80960
US,CO,80962
US,CO,80970
US,CO,80977
US,CO,80995
US,CO,80997
US,CO,81001
US,CO,81002
US,CO,81003
US,CO,81004
US,CO,81005
US,CO,81006
US,CO,81007
US,CO,81008
US,CO,81009
US,CO,81010
US,CO,81011
US,CO,81012
US,CO,81019
US,CO,81020
US,TX,76491
US,TX,76501
US,TX,76502
US,TX,76503
US,TX,76504
US,TX,76508
US,TX,76511
US,TX,76513
US,TX,76518
US,TX,76519
US,TX,76520
US,TX,76522
US,TX,76523
US,TX,76524
US,TX,76525
US,TX,76526
US,TX,76527
US,TX,76528
US,TX,76530
US,TX,76531
US,TX,76533
US,TX,76534
US,TX,76537
US,TX,76538
US,TX,76539
US,TX,76540
US,TX,76541
US,TX,76542
US,TX,76543
US,TX,76544
US,TX,76547
US,TX,76548
US,TX,76549
US,TX,76550
US,TX,76554
US,TX,76556
US,TX,76557
US,TX,76558
US,TX,76559
US,TX,76561
US,TX,76564
US,TX,76565
US,TX,76566
US,TX,76567
US,TX,76569
US,TX,76570
US,TX,76571
US,TX,76573
US,TX,76574
US,TX,76577
US,TX,76578
US,TX,76579
US,TX,76596
US,TX,76597
US,TX,76598
US,TX,76599
US,TX,76621
US,TX,76622
US,TX,76623
US,TX,76624
US,TX,76626
US,TX,76627
US,TX,76628
US,TX,76629
US,TX,76630
US,TX,76631
US,TX,76632
US,TX,76633
US,TX,76634
US,TX,76635
US,TX,76636
US,TX,76637
US,TX,76638
US,TX,76639
US,TX,76640
US,TX,76641
US,TX,76642
US,TX,76643
US,TX,76644
US,TX,76645
US,TX,76648
US,TX,76649
US,TX,76650
US,TX,76651
US,TX,76652
US,TX,76653
US,TX,76654
US,TX,76655
US,TX,76656
US,TX,76657
US,TX,76660
US,TX,76661
US,TX,76664
US,TX,76665
US,TX,76666
US,TX,76667
US,TX,76670
US,TX,76671
US,TX,76673
US,TX,76676
US,TX,76678
US,TX,76679
US,TX,76680
US,TX,76681
US,TX,76682
US,TX,76684
US,TX,76685
US,TX,76686
US,TX,76687
US,TX,76689
US,TX,76690
US,TX,76691
US,TX,76692
US,TX,76693
US,TX,76701
US,TX,76702
US,TX,76703
US,TX,76704
US,TX,76705
US,TX,76706
US,TX,76707
US,TX,76708
US,TX,76710
US,TX,76711
US,TX,76712
US,TX,76714
US,TX,76715
US,TX,76716
US,TX,76797
US,TX,76798
US,TX,76799
US,TX,76801
US,TX,76802
US,TX,76803
US,TX,76804
US,TX,76820
US,TX,76821
US,TX,76823
US,TX,76824
US,TX,76825
US,TX,76827
US,TX,76828
US,TX,76831
US,TX,76832
US,TX,76834
US,TX,76836
US,TX,76837
US,TX,76841
US,TX,76842
US,TX,76844
US,TX,76845
US,TX,76848
US,TX,76849
US,TX,76852
US,TX,76853
US,TX,76854
US,TX,76855
US,TX,76856
US,TX,76857
US,TX,76858
US,TX,76859
US,TX,76861
US,TX,76862
US,TX,76864
US,TX,76865
US,TX,76866
US,TX,76869
US,TX,76870
US,TX,76871
US,TX,76872
US,TX,76873
US,TX,76874
US,TX,76875
US,TX,76877
US,TX,76878
US,TX,76880
US,TX,76882
US,TX,76883
US,TX,76884
US,TX,76885
US,TX,76886
US,TX,76887
US,TX,76888
US,TX,76890
US,TX,76901
US,TX,76902
US,TX,76903
US,TX,76904
US,TX,76905
US,TX,76906
US,TX,76908
US,TX,76909
US,TX,76930
US,TX,76932
US,TX,76933
US,TX,76934
US,TX,76935
US,TX,76936
US,TX,76937
US,TX,76939
US,TX,76940
US,TX,76941
US,TX,76943
US,TX,76945
US,TX,76949
US,TX,76950
US,TX,76951
US,TX,76953
US,TX,76955
US,TX,76957
US,TX,76958
US,TX,77001
US,TX,77002
US,TX,77003
US,TX,77004
US,TX,77005
US,TX,77006
US,TX,77007
US,TX,77008
US,TX,77009
US,TX,77010
US,TX,77011
US,TX,77012
US,TX,77013
US,TX,77014
US,TX,77015
US,TX,77016
US,TX,77017
US,TX,77018
US,TX,77019
US,TX,77020
US,TX,77021
US,TX,77022
US,TX,77023
US,TX,77024
US,TX,77025
US,TX,77026
US,TX,77027
US,TX,77028
US,TX,77029
US,TX,77030
US,TX,77031
US,TX,77032
US,TX,77033
US,TX,77034
US,TX,77035
US,TX,77036
US,TX,77037
US,TX,77038
US,TX,77039
US,TX,77040
US,TX,77041
US,TX,77042
US,TX,77043
US,TX,77044
US,TX,77045
US,TX,77046
US,TX,77047
US,TX,77048
US,TX,77049
US,TX,77050
US,TX,77051
US,TX,77052
US,TX,77053
US,TX,77054
US,TX,77055
US,TX,77056
US,TX,77057
US,TX,77058
US,CO,81021
US,CO,81022
US,CO,81023
US,CO,81024
US,CO,81025
US,CO,81027
US,CA,94566
US,CA,94567
US,CA,94568
US,CA,94569
US,CA,94570
US,CA,94571
US,CA,94572
US,CA,94573
US,CA,94574
US,CA,94575
US,CA,94576
US,CA,94577
US,CA,94578
US,CA,94579
US,CA,94580
US,CA,94581
US,CA,94582
US,CA,94583
US,CA,94585
US,CA,94586
US,CA,94587
US,CA,94588
US,CA,94589
US,CA,94590
US,CA,94591
US,CA,94592
US,CA,94595
US,CA,94596
US,CA,94597
US,CA,94598
US,CA,94599
US,CA,94601
US,CA,94602
US,CA,94603
US,CA,94604
US,CA,94605
US,CA,94606
US,CA,94607
US,CA,94608
US,CA,94609
US,CA,94610
US,CA,94611
US,CA,94612
US,CA,94613
US,CA,94614
US,CA,94615
US,CA,94617
US,CA,94618
US,CA,94619
US,CA,94620
US,CA,94621
US,CA,94622
US,CA,94623
US,CA,94624
US,CA,94649
US,CA,94659
US,CA,94660
US,CA,94661
US,CA,94662
US,CA,94666
US,CA,94701
US,CA,94702
US,CA,94703
US,CA,94704
US,CA,94705
US,CA,94706
US,CA,94707
US,CA,94708
US,CA,94709
US,CA,94710
US,CA,94712
US,CA,94720
US,CA,94801
US,CA,94802
US,CA,94803
US,CA,94804
US,CA,94805
US,CA,94806
US,CA,94807
US,CA,94808
US,CA,94820
US,CA,94850
US,CA,94901
US,CA,94903
US,CA,94904
US,CA,94912
US,CA,94913
US,CA,94914
US,CA,94915
US,CA,94920
US,CA,94922
US,CA,94923
US,CA,94924
US,CA,94925
US,CA,94926
US,CA,94927
US,CA,94928
US,CA,94929
US,CA,94930
US,CA,94931
US,CA,94933
US,CA,94937
US,CA,94938
US,CA,94939
US,CA,94940
US,CA,94941
US,CA,94942
US,CA,94945
US,CA,94946
US,CA,94947
US,CA,94948
US,CA,94949
US,CA,94950
US,CA,94951
US,CA,94952
US,CA,94953
US,CA,94954
US,CA,94955
US,CA,94956
US,CA,94957
US,CA,94960
US,CA,94963
US,CA,94964
US,CA,94965
US,CA,94966
US,CA,94970
US,CA,94971
US,CA,94972
US,CA,94973
US,CA,94974
US,CA,94975
US,CA,94976
US,CA,94977
US,CA,94978
US,CA,94979
US,CA,94998
US,CA,94999
US,CA,95001
US,CA,95002
US,CA,95003
US,CA,95004
US,CA,95005
US,CA,95006
US,CA,95007
US,CA,95008
US,CA,95009
US,CA,95010
US,CA,95011
US,CA,95012
US,CA,95013
US,CA,95014
US,CA,95015
US,CA,95017
US,CA,95018
US,CA,95019
US,CA,95020
US,CA,95021
US,CA,95023
US,CA,95024
US,CA,95026
US,CA,95030
US,CA,95031
US,CA,95032
US,CA,95033
US,CA,95035
US,CA,95036
US,CA,95037
US,CA,95038
US,CA,95039
US,CA,95041
US,CA,95042
US,CA,95043
US,CA,95044
US,CA,95045
US,CA,95046
US,CA,95050
US,CA,95051
US,CA,95052
US,CA,95053
US,CA,95054
US,CA,95055
US,CA,95056
US,CA,95060
US,CA,95061
US,CA,95062
US,CA,95063
US,CA,95064
US,CA,95065
US,CA,95066
US,CA,95067
US,CA,95070
US,CA,95071
US,CA,95073
US,CA,95075
US,CA,95076
US,CA,95077
US,CA,95101
US,CA,95103
US,CA,95106
US,CA,95108
US,CA,95109
US,CA,95110
US,CA,95111
US,CA,95112
US,CA,95113
US,CA,95115
US,CA,95116
US,CA,95117
US,CA,95118
US,CA,95119
US,CA,95120
US,CA,95121
US,CA,95122
US,CA,95123
US,CA,95124
US,CA,95125
US,CA,95126
US,CA,95127
US,CA,95128
US,CA,95129
US,CA,95130
US,CA,95131
US,CA,95132
US,CA,95133
US,CA,95134
US,CA,95135
US,CA,95136
US,CA,95138
US,CA,95139
US,CA,95140
US,CA,95141
US,CA,95148
US,CA,95150
US,CA,95151
US,CA,95152
US,CA,95153
US,CA,95154
US,CA,95155
US,CA,95156
US,CA,95157
US,CA,95158
US,CA,95159
US,CA,95160
US,CA,95161
US,CA,95164
US,CA,95170
US,CA,95172
US,CA,95173
US,CA,95190
US,CA,95191
US,CA,95192
US,CA,95193
US,CA,95194
US,CA,95196
US,CA,95201
US,CA,95202
US,CA,95203
US,CA,95204
US,CA,95205
US,CA,95206
US,CA,95207
US,CA,95208
US,CA,95209
US,ID,83524
US,ID,83525
US,ID,83526
US,ID,83530
US,ID,83531
US,ID,83533
US,ID,83535
US,ID,83536
US,ID,83537
US,ID,83539
US,ID,83540
US,ID,83541
US,ID,83542
US,ID,83543
US,ID,83544
US,ID,83545
US,ID,83546
US,ID,83547
US,ID,83548
US,ID,83549
US,ID,83552
US,ID,83553
US,ID,83554
US,ID,83555
US,ID,83602
US,ID,83604
US,ID,83605
US,ID,83606
US,ID,83607
US,ID,83610
US,ID,83611
US,ID,83612
US,ID,83615
US,ID,83616
US,ID,83617
US,ID,83619
US,ID,83622
US,ID,83623
US,ID,83624
US,ID,83626
US,ID,83627
US,ID,83628
US,ID,83629
US,ID,83630
US,ID,83631
US,ID,83632
US,ID,83633
US,ID,83634
US,ID,83635
US,ID,83636
US,ID,83637
US,ID,83638
US,ID,83639
US,ID,83641
US,ID,83642
US,ID,83643
US,ID,83644
US,ID,83645
US,ID,83646
US,ID,83647
US,ID,83648
US,ID,83650
US,ID,83651
US,ID,83652
US,ID,83653
US,ID,83654
US,ID,83655
US,ID,83656
US,ID,83657
US,ID,83660
US,ID,83661
US,ID,83666
US,ID,83669
US,ID,83670
US,ID,83671
US,ID,83672
US,ID,83676
US,ID,83677
US,ID,83680
US,ID,83686
US,ID,83687
US,ID,83701
US,ID,83702
US,ID,83703
US,ID,83704
US,ID,83705
US,ID,83706
US,ID,83707
US,ID,83708
US,ID,83709
US,ID,83711
US,ID,83712
US,ID,83713
US,ID,83714
US,ID,83715
US,ID,83716
US,ID,83717
US,ID,83719
US,ID,83720
US,ID,83722
US,ID,83724
US,ID,83725
US,ID,83726
US,ID,83728
US,ID,83729
US,ID,83732
US,ID,83735
US,ID,83756
US,ID,83799
US,ID,83801
US,ID,83802
US,ID,83803
US,ID,83804
US,ID,83805
US,ID,83806
US,ID,83808
US,ID,83809
US,ID,83810
US,ID,83811
US,ID,83812
US,ID,83813
US,ID,83814
US,ID,83815
US,ID,83816
US,ID,83821
US,ID,83822
US,ID,83823
US,ID,83824
US,ID,83825
US,ID,83826
US,ID,83827
US,ID,83830
US,ID,83832
US,ID,83833
US,ID,83834
US,ID,83835
US,ID,83836
US,ID,83837
US,ID,83839
US,ID,83840
US,ID,83841
US,ID,83842
US,ID,83843
US,ID,83844
US,ID,83845
US,ID,83846
US,ID,83847
US,ID,83848
US,ID,83849
US,ID,83850
US,ID,83851
US,ID,83852
US,ID,83853
US,ID,83854
US,ID,83855
US,ID,83856
US,ID,83857
US,ID,83858
US,ID,83860
US,ID,83861
US,ID,83864
US,ID,83865
US,ID,83866
US,ID,83867
US,ID,83868
US,ID,83869
US,ID,83870
US,ID,83871
US,ID,83872
US,ID,83873
US,ID,83874
US,ID,83876
US,ID,83877
US,UT,84001
US,UT,84002
US,UT,84003
US,UT,84004
US,UT,84005
US,UT,84006
US,UT,84007
US,UT,84008
US,UT,84009
US,UT,84010
US,UT,84011
US,UT,84013
US,UT,84014
US,UT,84015
US,UT,84016
US,UT,84017
US,UT,84018
US,UT,84020
US,UT,84021
US,UT,84022
US,UT,84023
US,UT,84024
US,UT,84025
US,UT,84026
US,UT,84027
US,UT,84028
US,UT,84029
US,UT,84031
US,UT,84032
US,UT,84033
US,UT,84034
US,UT,84035
US,UT,84036
US,UT,84037
US,UT,84038
US,UT,84039
US,UT,84040
US,UT,84041
US,UT,84042
US,UT,84043
US,UT,84044
US,UT,84045
US,UT,84046
US,UT,84047
US,UT,84049
US,UT,84050
US,UT,84051
US,UT,84052
US,UT,84053
US,UT,84054
US,UT,84055
US,UT,84056
US,UT,84057
US,UT,84058
US,UT,84059
US,UT,84060
US,UT,84061
US,UT,84062
US,UT,84063
US,UT,84064
US,UT,84065
US,UT,84066
US,UT,84067
US,UT,84068
US,UT,84069
US,UT,84070
US,UT,84071
US,UT,84072
US,UT,84073
US,UT,84074
US,UT,84075
US,UT,84076
US,UT,84078
US,UT,84079
US,UT,84080
US,UT,84081
US,UT,84082
US,UT,84083
US,UT,84084
US,UT,84085
US,UT,84086
US,UT,84087
US,UT,84088
US,UT,84089
US,UT,84090
US,UT,84091
US,UT,84092
US,UT,84093
US,UT,84094
US,UT,84095
US,UT,84096
US,UT,84097
US,UT,84098
US,UT,84101
US,UT,84102
US,UT,84103
US,NV,89107
US,NV,89108
US,NV,89109
US,NV,89110
US,NV,89111
US,NV,89112
US,NV,89113
US,NV,89114
US,NV,89115
US,NV,89116
US,NV,89117
US,NV,89118
US,NV,89119
US,NV,89120
US,NV,89121
US,NV,89122
US,NV,89123
US,NV,89124
US,NV,89125
US,NV,89126
US,NV,89127
US,NV,89128
US,NV,89129
US,NV,89130
US,NV,89131
US,NV,89132
US,NV,89133
US,NV,89134
US,NV,89135
US,NV,89136
US,NV,89137
US,NV,89138
US,NV,89139
US,NV,89140
US,NV,89141
US,NV,89142
US,NV,89143
US,NV,89144
US,NV,89145
US,NV,89146
US,NV,89147
US,NV,89148
US,NV,89149
US,NV,89150
US,NV,89151
US,NV,89152
US,NV,89153
US,NV,89154
US,NV,89155
US,NV,89156
US,NV,89157
US,NV,89158
US,NV,89159
US,NV,89160
US,NV,89161
US,NV,89162
US,NV,89163
US,NV,89164
US,NV,89165
US,NV,89166
US,NV,89169
US,NV,89170
US,NV,89173
US,NV,89177
US,NV,89178
US,NV,89179
US,NV,89180
US,NV,89183
US,NV,89185
US,NV,89191
US,NV,89193
US,NV,89195
US,NV,89199
US,NV,89301
US,NV,89310
US,NV,89311
US,NV,89314
US,NV,89315
US,NV,89316
US,NV,89317
US,NV,89318
US,NV,89319
US,NV,89402
US,NV,89403
US,NV,89404
US,NV,89405
US,NV,89406
US,NV,89407
US,NV,89408
US,NV,89409
US,NV,89410
US,NV,89411
US,NV,89412
US,NV,89413
US,NV,89414
US,NV,89415
US,NV,89418
US,NV,89419
US,NV,89420
US,NV,89421
US,NV,89422
US,NV,89423
US,NV,89424
US,NV,89425
US,NV,89426
US,NV,89427
US,NV,89428
US,NV,89429
US,NV,89430
US,NV,89431
US,NV,89432
US,NV,89433
US,NV,89434
US,NV,89435
US,NV,89436
US,NV,89437
US,NV,89438
US,NV,89439
US,NV,89440
US,NV,89441
US,NV,89442
US,NV,89444
US,NV,89445
US,NV,89446
US,NV,89447
US,NV,89448
US,NV,89449
US,NV,89450
US,NV,89451
US,NV,89452
US,NV,89460
US,NV,89496
US,NV,89501
US,NV,89502
US,NV,89503
US,NV,89504
US,NV,89505
US,NV,89506
US,NV,89507
US,NV,89508
US,NV,89509
US,NV,89510
US,NV,89511
US,NV,89512
US,NV,89513
US,NV,89515
US,NV,89519
US,NV,89520
US,NV,89521
US,NV,89523
US,NV,89533
US,NV,89555
US,NV,89557
US,NV,89570
US,NV,89595
US,NV,89599
US,NV,89701
US,NV,89702
US,NV,89703
US,NV,89704
US,NV,89705
US,NV,89706
US,NV,89711
US,NV,89712
US,NV,89713
US,NV,89714
US,NV,89721
US,NV,89801
US,NV,89802
US,NV,89803
US,NV,89815
US,NV,89820
US,NV,89821
US,NV,89822
US,NV,89823
US,NV,89825
US,NV,89826
US,NV,89828
US,NV,89830
US,NV,89831
US,NV,89832
US,NV,89833
US,NV,89834
US,NV,89835
US,NV,89883
US,CA,90001
US,CA,90002
US,CA,90003
US,CA,90004
US,CA,90005
US,CA,90006
US,CA,90007
US,CA,90008
US,CA,90009
US,CA,90010
US,CA,90011
US,CA,90012
US,CA,90013
US,CA,90014
US,CA,90015
US,CA,90016
US,CA,90017
US,CA,90018
US,CA,90019
US,CA,90020
US,CA,90021
US,CA,90022
US,CA,90023
US,CA,90024
US,CA,90025
US,CA,90026
US,CA,90027
US,CA,90028
US,CA,90029
US,CA,90030
US,CA,90031
US,CA,90032
US,CA,90033
US,CA,90034
US,CA,90035
US,CA,90036
US,CA,90037
US,CA,90038
US,CA,90039
US,CA,90040
US,CA,90041
US,CA,90042
US,CA,90043
US,CA,90044
US,CA,90045
US,CA,90046
US,CA,90047
US,CA,90048
US,CA,90049
US,CA,90050
US,CA,90051
US,CA,90052
US,CA,90053
US,CA,90054
US,CA,90055
US,CA,90056
US,CA,90057
US,CA,90058
US,CA,90059
US,CA,90060
US,CA,90061
US,CA,90062
US,CA,90063
US,CA,90064
US,CA,90065
US,CA,90066
US,CA,90067
US,CA,90068
US,CA,90069
US,CA,90070
US,CA,90071
US,CA,90072
US,CA,90073
US,CA,90074
US,CA,90075
US,CA,90076
US,CA,90077
US,CA,90078
US,CA,90079
US,CA,90080
US,CA,90081
US,CA,90082
US,CA,90083
US,CA,90084
US,CA,95210
US,CA,95211
US,CA,95212
US,CA,95213
US,CA,95214
US,CA,95215
US,CO,81029
US,CO,81030
US,CO,81033
US,CO,81034
US,CO,81036
US,CO,81038
US,CO,81039
US,CO,81040
US,CO,81041
US,CO,81043
US,CO,81044
US,CO,81045
US,CO,81046
US,CO,81047
US,CO,81049
US,CO,81050
US,CO,81052
US,CO,81054
US,CO,81055
US,CO,81057
US,CO,81058
US,CO,81059
US,CO,81062
US,CO,81063
US,CO,81064
US,CO,81067
US,CO,81069
US,CO,81071
US,CO,81073
US,CO,81076
US,CO,81077
US,CO,81081
US,CO,81082
US,CO,81084
US,CO,81087
US,CO,81089
US,CO,81090
US,CO,81091
US,CO,81092
US,CO,81101
US,CO,81102
US,CO,81120
US,CO,81121
US,CO,81122
US,CO,81123
US,CO,81124
US,CO,81125
US,CO,81126
US,CO,81128
US,CO,81129
US,CO,81130
US,CO,81131
US,CO,81132
US,CO,81133
US,CO,81135
US,CO,81136
US,CO,81137
US,CO,81138
US,CO,81140
US,CO,81141
US,CO,81143
US,CO,81144
US,CO,81146
US,CO,81147
US,CO,81148
US,CO,81149
US,CO,81151
US,CO,81152
US,CO,81154
US,CO,81155
US,CO,81157
US,CO,81201
US,CO,81210
US,CO,81211
US,CO,81212
US,CO,81215
US,CO,81220
US,CO,81221
US,CO,81222
US,CO,81223
US,CO,81224
US,CO,81225
US,CO,81226
US,CO,81227
US,CO,81228
US,CO,81230
US,CO,81231
US,CO,81232
US,CO,81233
US,CO,81235
US,CO,81236
US,CO,81237
US,CO,81239
US,CO,81240
US,CO,81241
US,CO,81242
US,CO,81243
US,CO,81244
US,CO,81248
US,CO,81251
US,CO,81252
US,CO,81253
US,CO,81290
US,CO,81301
US,CO,81302
US,CO,81303
US,CO,81320
US,CO,81321
US,CO,81323
US,CO,81324
US,CO,81325
US,CO,81326
US,CO,81327
US,CO,81328
US,CO,81329
US,CO,81330
US,CO,81331
US,CO,81332
US,CO,81334
US,CO,81335
US,CO,81401
US,CO,81402
US,CO,81403
US,CO,81410
US,CO,81411
US,CO,81413
US,CO,81414
US,CO,81415
US,CO,81416
US,CO,81418
US,CO,81419
US,CO,81420
US,CO,81422
US,CO,81423
US,CO,81424
US,CO,81425
US,CO,81426
US,CO,81427
US,CO,81428
US,CO,81429
US,CO,81430
US,CO,81431
US,CO,81432
US,CO,81433
US,CO,81434
US,CO,81435
US,CO,81501
US,CO,81502
US,CO,81503
US,CO,81504
US,CO,81505
US,CO,81506
US,CO,81507
US,CO,81520
US,CO,81521
US,CO,81522
US,CO,81523
US,CO,81524
US,CO,81525
US,CO,81526
US,CO,81527
US,CO,81601
US,CO,81602
US,CO,81610
US,CO,81611
US,CO,81612
US,CO,81615
US,CO,81620
US,CO,81621
US,CO,81623
US,CO,81624
US,CO,81625
US,CO,81626
US,CO,81630
US,CO,81631
US,CO,81632
US,CO,81633
US,CO,81635
US,CO,81636
US,CO,81637
US,CO,81638
US,CO,81639
US,CO,81640
US,CO,81641
US,CO,81642
US,CO,81643
US,CO,81645
US,CO,81646
US,CO,81647
US,CO,81648
US,CO,81649
US,CO,81650
US,CO,81652
US,CO,81653
US,CO,81654
US,CO,81655
US,CO,81656
US,CO,81657
US,CO,81658
US,WY,82001
US,WY,82002
US,WY,82003
US,WY,82005
US,WY,82006
US,WY,82007
US,WY,82009
US,WY,82010
US,WY,82050
US,WY,82051
US,WY,82052
US,WY,82053
US,WY,82054
US,WY,82055
US,WY,82058
US,WY,82059
US,WY,82060
US,WY,82061
US,WY,82063
US,WY,82070
US,WY,82071
US,WY,82072
US,WY,82073
US,WY,82081
US,WY,82082
US,WY,82083
US,WY,82084
US,WY,82190
US,WY,82201
US,WY,82210
US,WY,82212
US,WY,82213
US,WY,82214
US,WY,82215
US,WY,82217
US,WY,82218
US,WY,82219
US,WY,82221
US,WY,82222
US,WY,82223
US,WY,82224
US,WY,82225
US,WY,82227
US,WY,82229
US,WY,82240
US,WY,82242
US,WY,82243
US,WY,82244
US,WY,82301
US,WY,82310
US,WY,82321
US,WY,82322
US,WY,82323
US,WY,82324
US,WY,82325
US,WY,82327
US,WY,82329
US,WY,82331
US,WY,82332
US,WY,82334
US,WY,82335
US,WY,82336
US,WY,82401
US,WY,82410
US,CA,96065
US,CA,96067
US,CA,96068
US,CA,96069
US,CA,96070
US,CA,96071
US,CA,96073
US,CA,96074
US,CA,96075
US,CA,96076
US,CA,96078
US,CA,96079
US,CA,96080
US,CA,96084
US,CA,96085
US,CA,96086
US,CA,96087
US,CA,96088
US,CA,96089
US,CA,96090
US,CA,96091
US,CA,96092
US,CA,96093
US,CA,96094
US,CA,96095
US,CA,96096
US,CA,96097
US,CA,96099
US,CA,96101
US,CA,96103
US,CA,96104
US,CA,96105
US,CA,96106
US,CA,96107
US,CA,96108
US,CA,96109
US,CA,96110
US,CA,96111
US,CA,96112
US,CA,96113
US,CA,96114
US,CA,96115
US,CA,96116
US,CA,96117
US,CA,96118
US,CA,96119
US,CA,96120
US,CA,96121
US,CA,96122
US,CA,96123
US,CA,96124
US,CA,96125
US,CA,96126
US,CA,96127
US,CA,96128
US,CA,96129
US,CA,96130
US,CA,96132
US,CA,96133
US,CA,96134
US,CA,96135
US,CA,96136
US,CA,96137
US,CA,96140
US,CA,96141
US,CA,96142
US,CA,96143
US,CA,96145
US,CA,96146
US,CA,96148
US,CA,96150
US,CA,96151
US,CA,96152
US,CA,96154
US,CA,96155
US,CA,96156
US,CA,96157
US,CA,96158
US,CA,96160
US,CA,96161
US,CA,96162
US,AP,96201
US,AP,96202
US,AP,96203
US,AP,96204
US,AP,96205
US,AP,96206
US,AP,96207
US,AP,96208
US,AP,96209
US,AP,96210
US,AP,96212
US,AP,96213
US,AP,96214
US,AP,96218
US,AP,96224
US,AP,96251
US,AP,96257
US,AP,96258
US,AP,96260
US,AP,96262
US,AP,96264
US,AP,96266
US,AP,96267
US,AP,96269
US,AP,96271
US,AP,96273
US,AP,96275
US,AP,96276
US,AP,96278
US,AP,96283
US,AP,96284
US,AP,96297
US,AP,96301
US,AP,96303
US,AP,96306
US,AP,96309
US,AP,96310
US,AP,96311
US,AP,96319
US,AP,96321
US,AP,96322
US,AP,96323
US,AP,96326
US,AP,96328
US,AP,96330
US,AP,96331
US,AP,96336
US,AP,96337
US,AP,96338
US,AP,96339
US,AP,96343
US,AP,96346
US,AP,96347
US,AP,96349
US,AP,96350
US,AP,96351
US,AP,96362
US,AP,96365
US,AP,96367
US,AP,96368
US,AP,96370
US,AP,96371
US,AP,96372
US,AP,96373
US,AP,96374
US,AP,96375
US,AP,96376
US,AP,96377
US,AP,96378
US,AP,96379
US,AP,96380
US,AP,96382
US,AP,96384
US,AP,96385
US,AP,96386
US,AP,96387
US,AP,96388
US,AP,96389
US,AP,96401
US,AP,96501
US,AP,96502
US,AP,96504
US,AP,96505
US,AP,96507
US,AP,96510
US,AP,96511
US,AP,96515
US,AP,96516
US,AP,96517
US,AP,96520
US,AP,96521
US,AP,96522
US,AP,96530
US,AP,96531
US,AP,96532
US,AP,96534
US,AP,96535
US,AP,96537
US,AP,96539
US,AP,96540
US,AP,96542
US,AP,96543
US,AP,96546
US,AP,96548
US,AP,96549
US,AP,96550
US,AP,96551
US,AP,96552
US,AP,96553
US,AP,96554
US,AP,96555
US,AP,96557
US,AP,96562
US,AP,96577
US,AP,96578
US,AP,96595
US,AP,96598
US,AP,96599
US,AP,96601
US,AP,96602
US,AP,96603
US,AP,96604
US,AP,96605
US,AP,96606
US,AP,96607
US,AP,96608
US,AP,96609
US,AP,96610
US,AP,96611
US,AP,96612
US,AP,96613
US,AP,96615
US,AP,96616
US,AP,96617
US,AP,96619
US,AP,96620
US,AP,96628
US,AP,96629
US,AP,96632
US,AP,96633
US,AP,96641
US,AP,96642
US,AP,96643
US,AP,96644
US,AP,96645
US,AP,96649
US,AP,96650
US,AP,96657
US,AP,96660
US,AP,96661
US,AP,96662
US,AP,96663
US,AP,96664
US,AP,96665
US,AP,96666
US,AP,96667
US,AP,96668
US,AP,96669
US,AP,96670
US,AP,96671
US,AP,96672
US,AP,96673
US,AP,96674
US,AP,96675
US,AP,96677
US,AP,96678
US,AP,96679
US,AP,96681
US,AP,96682
US,AP,96683
US,AP,96686
US,AP,96691
US,AP,96692
US,AP,96693
US,AP,96694
US,AP,96695
US,AP,96696
US,AP,96698
US,HI,96701
US,HI,96703
US,HI,96704
US,HI,96705
US,HI,96706
US,HI,96707
US,HI,96708
US,HI,96709
US,HI,96710
US,HI,96712
US,WA,99402
US,WA,99403
US,AK,99501
US,AK,99502
US,AK,99503
US,AK,99504
US,AK,99505
US,AK,99506
US,AK,99507
US,AK,99508
US,AK,99509
US,AK,99510
US,AK,99511
US,AK,99513
US,AK,99514
US,AK,99515
US,AK,99516
US,AK,99517
US,AK,99518
US,AK,99519
US,AK,99520
US,AK,99521
US,AK,99522
US,AK,99523
US,AK,99524
US,AK,99529
US,AK,99530
US,AK,99540
US,AK,99545
US,AK,99546
US,AK,99547
US,AK,99548
US,AK,99549
US,AK,99550
US,AK,99551
US,AK,99552
US,AK,99553
US,AK,99554
US,AK,99555
US,AK,99556
US,AK,99557
US,AK,99558
US,AK,99559
US,AK,99561
US,AK,99563
US,AK,99564
US,AK,99565
US,AK,99566
US,AK,99567
US,AK,99568
US,AK,99569
US,AK,99571
US,AK,99572
US,AK,99573
US,AK,99574
US,AK,99575
US,AK,99576
US,AK,99577
US,AK,99578
US,AK,99579
US,AK,99580
US,AK,99581
US,AK,99583
US,AK,99585
US,AK,99586
US,AK,99587
US,AK,99588
US,AK,99589
US,AK,99590
US,AK,99591
US,AK,99599
US,AK,99602
US,AK,99603
US,AK,99604
US,AK,99605
US,AK,99606
US,AK,99607
US,AK,99608
US,AK,99609
US,AK,99610
US,AK,99611
US,AK,99612
US,AK,99613
US,AK,99614
US,AK,99615
US,AK,99619
US,AK,99620
US,AK,99621
US,AK,99622
US,AK,99623
US,AK,99624
US,AK,99625
US,AK,99626
US,AK,99627
US,AK,99628
US,AK,99629
US,AK,99630
US,AK,99631
US,AK,99632
US,AK,99633
US,AK,99634
US,AK,99635
US,AK,99636
US,AK,99637
US,AK,99638
US,AK,99639
US,AK,99640
US,AK,99641
US,AK,99643
US,AK,99644
US,AK,99645
US,AK,99647
US,AK,99648
US,AK,99649
US,AK,99650
US,AK,99651
US,AK,99652
US,AK,99653
US,AK,99654
US,AK,99655
US,AK,99656
US,AK,99657
US,AK,99658
US,AK,99659
US,AK,99660
US,AK,99661
US,AK,99662
US,AK,99663
US,AK,99664
US,AK,99665
US,AK,99666
US,AK,99667
US,AK,99668
US,AK,99669
US,AK,99670
US,AK,99671
US,AK,99672
US,AK,99674
US,AK,99675
US,AK,99676
US,AK,99677
US,AK,99678
US,AK,99679
US,AK,99680
US,AK,99681
US,AK,99682
US,AK,99683
US,AK,99684
US,AK,99685
US,AK,99686
US,AK,99687
US,AK,99688
US,AK,99689
US,AK,99690
US,AK,99691
US,AK,99692
US,AK,99693
US,AK,99694
US,AK,99695
US,AK,99697
US,AK,99701
US,AK,99702
US,AK,99703
US,AK,99704
US,AK,99705
US,AK,99706
US,AK,99707
US,AK,99708
US,AK,99709
US,AK,99710
US,AK,99711
US,AK,99712
US,AK,99714
US,AK,99716
US,AK,99720
US,AK,99721
US,AK,99722
US,AK,99723
US,AK,99724
US,AK,99725
US,AK,99726
US,AK,99727
US,AK,99729
US,AK,99730
US,AK,99731
US,AK,99732
US,AK,99733
US,AK,99734
US,AK,99736
US,AK,99737
US,AK,99738
US,AK,99739
US,AK,99740
US,AK,99741
US,AK,99742
US,AK,99743
US,AK,99744
US,AK,99745
US,AK,99746
US,AK,99747
US,AK,99748
US,AK,99749
US,AK,99750
US,AK,99751
US,AK,99752
US,AK,99753
US,AK,99754
US,AK,99755
US,AK,99756
US,AK,99757
US,AK,99758
US,AK,99759
US,AK,99760
US,AK,99761
US,AK,99762
US,AK,99763
US,AK,99764
US,AK,99765
US,AK,99766
US,AK,99767
US,AK,99768
US,AK,99769
US,AK,99770
US,AK,99771
US,AK,99772
US,AK,99773
US,AK,99774
US,AK,99775
US,AK,99776
US,AK,99777
US,AK,99778
US,AK,99780
US,AK,99781
US,AK,99782
US,AK,99783
US,AK,99784
US,AK,99785
US,AK,99786
US,AK,99788
US,AK,99789
US,AK,99790
US,AK,99791
US,AK,99801
US,AK,99802
US,AK,99803
US,AK,99811
US,AK,99812
US,AK,99820
US,AK,99821
US,AK,99824
US,AK,99825
US,AK,99826
US,AK,99827
US,AK,99829
US,AK,99830
US,AK,99832
US,AK,99833
US,AK,99835
US,AK,99836
US,AK,99840
US,AK,99841
US,AK,99850
US,AK,99901
US,AK,99903
US,AK,99918
US,AK,99919
US,AK,99921
US,AK,99922
US,AK,99923
US,WY,82411
US,WY,82412
US,WY,82414
US,WY,82420
US,WY,82421
US,WY,82422
US,CA,95219
US,CA,95220
US,CA,95221
US,CA,95222
US,CA,95223
US,CA,95224
US,CA,95225
US,CA,95226
US,CA,95227
US,CA,95228
US,CA,95229
US,CA,95230
US,CA,95231
US,CA,95232
US,CA,95233
US,CA,95234
US,CA,95236
US,CA,95237
US,CA,95240
US,CA,95241
US,CA,95242
US,CA,95245
US,CA,95246
US,CA,95247
US,CA,95248
US,CA,95249
US,CA,95251
US,CA,95252
US,CA,95253
US,CA,95254
US,CA,95255
US,CA,95257
US,CA,95258
US,CA,95267
US,CA,95269
US,CA,95296
US,CA,95297
US,CA,95301
US,CA,95303
US,CA,95304
US,CA,95305
US,CA,95306
US,CA,95307
US,CA,95309
US,CA,95310
US,CA,95311
US,CA,95312
US,CA,95313
US,CA,95315
US,CA,95316
US,CA,95317
US,CA,95318
US,CA,95319
US,CA,95320
US,CA,95321
US,CA,95322
US,CA,95323
US,CA,95324
US,CA,95325
US,CA,95326
US,CA,95327
US,CA,95328
US,CA,95329
US,CA,95330
US,CA,95333
US,CA,95334
US,CA,95335
US,CA,95336
US,CA,95337
US,CA,95338
US,CA,95340
US,CA,95341
US,CA,95343
US,CA,95344
US,CA,95345
US,CA,95346
US,CA,95347
US,CA,95348
US,CA,95350
US,CA,95351
US,CA,95352
US,CA,95353
US,CA,95354
US,CA,95355
US,CA,95356
US,CA,95357
US,CA,95358
US,CA,95360
US,CA,95361
US,CA,95363
US,CA,95364
US,CA,95365
US,CA,95366
US,CA,95367
US,CA,95368
US,CA,95369
US,CA,95370
US,CA,95372
US,CA,95373
US,CA,95374
US,CA,95375
US,CA,95376
US,CA,95377
US,CA,95378
US,CA,95379
US,CA,95380
US,CA,95381
US,CA,95382
US,CA,95383
US,CA,95385
US,CA,95386
US,CA,95387
US,CA,95388
US,CA,95389
US,CA,95391
US,CA,95397
US,CA,95401
US,CA,95402
US,CA,95403
US,CA,95404
US,CA,95405
US,CA,95406
US,CA,95407
US,CA,95409
US,CA,95410
US,CA,95412
US,CA,95415
US,CA,95416
US,CA,95417
US,CA,95418
US,CA,95419
US,CA,95420
US,CA,95421
US,CA,95422
US,CA,95423
US,CA,95424
US,CA,95425
US,CA,95426
US,CA,95427
US,CA,95428
US,CA,95429
US,CA,95430
US,CA,95431
US,CA,95432
US,CA,95433
US,CA,95435
US,CA,95436
US,CA,95437
US,CA,95439
US,CA,95441
US,CA,95442
US,CA,95443
US,CA,95444
US,CA,95445
US,CA,95446
US,CA,95448
US,CA,95449
US,CA,95450
US,CA,95451
US,CA,95452
US,CA,95453
US,CA,95454
US,CA,95456
US,CA,95457
US,CA,95458
US,CA,95459
US,CA,95460
US,CA,95461
US,CA,95462
US,CA,95463
US,CA,95464
US,CA,95465
US,CA,95466
US,CA,95467
US,CA,95468
US,CA,95469
US,CA,95470
US,CA,95471
US,CA,95472
US,CA,95473
US,CA,95476
US,CA,95480
US,CA,95481
US,CA,95482
US,CA,95485
US,CA,95486
US,CA,95487
US,CA,95488
US,CA,95490
US,CA,95492
US,CA,95493
US,CA,95494
US,CA,95497
US,CA,95501
US,CA,95502
US,CA,95503
US,CA,95511
US,CA,95514
US,CA,95518
US,CA,95519
US,CA,95521
US,CA,95524
US,CA,95525
US,CA,95526
US,CA,95527
US,CA,95528
US,CA,95531
US,CA,95532
US,CA,95534
US,CA,95536
US,CA,95537
US,CA,95538
US,CA,95540
US,CA,95542
US,CA,95543
US,CA,95545
US,CA,95546
US,CA,95547
US,CA,95548
US,CA,95549
US,CA,95550
US,CA,95551
US,CA,95552
US,CA,95553
US,CA,95554
US,CA,95555
US,CA,95556
US,CA,95558
US,CA,95559
US,CA,95560
US,CA,95562
US,CA,95563
US,CA,95564
US,CA,95565
US,CA,95567
US,CA,95568
US,CA,95569
US,CA,95570
US,CA,95571
US,CA,95573
US,CA,95585
US,CA,95587
US,CA,95589
US,CA,95595
US,CA,95601
US,CA,95602
US,CA,95603
US,CA,95604
US,CA,95605
US,CA,95606
US,CA,95607
US,CA,95608
US,CA,95609
US,CA,95610
US,CA,95611
US,CA,95612
US,CA,95613
US,CA,95614
US,CA,95615
US,CA,95616
US,CA,95617
US,CA,95618
US,CA,95619
US,UT,84104
US,UT,84105
US,UT,84106
US,UT,84107
US,UT,84108
US,UT,84109
US,UT,84110
US,UT,84111
US,UT,84112
US,UT,84113
US,UT,84114
US,UT,84115
US,UT,84116
US,UT,84117
US,UT,84118
US,UT,84119
US,UT,84120
US,UT,84121
US,UT,84122
US,UT,84123
US,UT,84124
US,UT,84125
US,UT,84126
US,UT,84127
US,UT,84128
US,UT,84129
US,UT,84130
US,UT,84131
US,UT,84132
US,UT,84133
US,UT,84134
US,UT,84138
US,UT,84139
US,UT,84141
US,UT,84143
US,UT,84145
US,UT,84147
US,UT,84148
US,UT,84150
US,UT,84151
US,UT,84152
US,UT,84157
US,UT,84158
US,UT,84165
US,UT,84170
US,UT,84171
US,UT,84180
US,UT,84184
US,UT,84190
US,UT,84199
US,UT,84201
US,UT,84244
US,UT,84301
US,UT,84302
US,UT,84304
US,UT,84305
US,UT,84306
US,UT,84307
US,UT,84308
US,UT,84309
US,UT,84310
US,UT,84311
US,UT,84312
US,UT,84313
US,UT,84314
US,UT,84315
US,UT,84316
US,UT,84317
US,UT,84318
US,UT,84319
US,UT,84320
US,UT,84321
US,UT,84322
US,UT,84323
US,UT,84324
US,UT,84325
US,UT,84326
US,UT,84327
US,UT,84328
US,UT,84329
US,UT,84330
US,UT,84331
US,UT,84332
US,UT,84333
US,UT,84334
US,UT,84335
US,UT,84336
US,UT,84337
US,UT,84338
US,UT,84339
US,UT,84340
US,UT,84341
US,UT,84401
US,UT,84402
US,UT,84403
US,UT,84404
US,UT,84405
US,UT,84407
US,UT,84408
US,UT,84409
US,UT,84412
US,UT,84414
US,UT,84415
US,UT,84501
US,UT,84510
US,UT,84511
US,UT,84512
US,UT,84513
US,UT,84515
US,UT,84516
US,UT,84518
US,UT,84520
US,UT,84521
US,UT,84522
US,UT,84523
US,UT,84525
US,UT,84526
US,UT,84528
US,UT,84529
US,UT,84530
US,UT,84531
US,UT,84532
US,UT,84533
US,UT,84534
US,UT,84535
US,UT,84536
US,UT,84537
US,UT,84539
US,UT,84540
US,UT,84542
US,UT,84601
US,UT,84602
US,UT,84603
US,UT,84604
US,UT,84605
US,UT,84606
US,UT,84620
US,UT,84621
US,UT,84622
US,UT,84623
US,UT,84624
US,UT,84626
US,UT,84627
US,UT,84628
US,UT,84629
US,UT,84630
US,UT,84631
US,UT,84632
US,UT,84633
US,UT,84634
US,UT,84635
US,UT,84636
US,UT,84637
US,UT,84638
US,UT,84639
US,UT,84640
US,UT,84642
US,UT,84643
US,UT,84644
US,UT,84645
US,UT,84646
US,UT,84647
US,UT,84648
US,UT,84649
US,UT,84651
US,UT,84652
US,UT,84653
US,UT,84654
US,UT,84655
US,UT,84656
US,UT,84657
US,UT,84660
US,UT,84662
US,UT,84663
US,UT,84664
US,UT,84665
US,UT,84667
US,UT,84701
US,UT,84710
US,UT,84711
US,UT,84712
US,UT,84713
US,UT,84714
US,UT,84715
US,UT,84716
US,UT,84718
US,UT,84719
US,UT,84720
US,UT,84721
US,UT,84722
US,UT,84723
US,UT,84724
US,UT,84725
US,UT,84726
US,UT,84728
US,UT,84729
US,UT,84730
US,UT,84731
US,UT,84732
US,UT,84733
US,UT,84734
US,UT,84735
US,UT,84736
US,UT,84737
US,UT,84738
US,UT,84739
US,UT,84740
US,UT,84741
US,UT,84742
US,UT,84743
US,UT,84744
US,UT,84745
US,UT,84746
US,UT,84747
US,UT,84749
US,UT,84750
US,UT,84751
US,UT,84752
US,UT,84753
US,UT,84754
US,UT,84755
US,UT,84756
US,UT,84757
US,UT,84758
US,UT,84759
US,UT,84760
US,UT,84761
US,UT,84762
US,UT,84763
US,UT,84764
US,UT,84765
US,UT,84766
US,UT,84767
US,UT,84770
US,UT,84771
US,UT,84772
US,UT,84773
US,UT,84774
US,UT,84775
US,UT,84776
US,UT,84779
US,UT,84780
US,UT,84781
US,UT,84782
US,UT,84783
US,UT,84784
US,UT,84790
US,UT,84791
US,AZ,85001
US,AZ,85002
US,AZ,85003
US,AZ,85004
US,AZ,85005
US,AZ,85006
US,AZ,85007
US,AZ,85008
US,AZ,85009
US,AZ,85010
US,AZ,85011
US,AZ,85012
US,AZ,85013
US,AZ,85014
US,AZ,85015
US,AZ,85016
US,AZ,85017
US,AZ,85018
US,AZ,85019
US,AZ,85020
US,AZ,85021
US,TX,77059
US,TX,77060
US,TX,77061
US,TX,77062
US,TX,77063
US,TX,77064
US,TX,77065
US,TX,77066
US,TX,77067
US,TX,77068
US,TX,77069
US,TX,77070
US,TX,77071
US,TX,77072
US,TX,77073
US,TX,77074
US,TX,77075
US,TX,77076
US,TX,77077
US,TX,77078
US,TX,77079
US,TX,77080
US,TX,77081
US,TX,77082
US,TX,77083
US,TX,77084
US,TX,77085
US,TX,77086
US,TX,77087
US,TX,77088
US,TX,77089
US,TX,77090
US,TX,77091
US,TX,77092
US,TX,77093
US,TX,77094
US,TX,77095
US,TX,77096
US,TX,77098
US,TX,77099
US,TX,77201
US,TX,77202
US,TX,77203
US,TX,77204
US,TX,77205
US,TX,77206
US,TX,77207
US,TX,77208
US,TX,77209
US,TX,77210
US,TX,77212
US,TX,77213
US,TX,77215
US,TX,77216
US,TX,77217
US,TX,77218
US,TX,77219
US,TX,77220
US,TX,77221
US,TX,77222
US,TX,77223
US,TX,77224
US,TX,77225
US,TX,77226
US,TX,77227
US,TX,77228
US,TX,77229
US,TX,77230
US,TX,77231
US,TX,77233
US,TX,77234
US,TX,77235
US,TX,77236
US,TX,77237
US,TX,77238
US,TX,77240
US,TX,77241
US,TX,77242
US,TX,77243
US,TX,77244
US,TX,77245
US,TX,77248
US,TX,77249
US,TX,77251
US,TX,77252
US,TX,77253
US,TX,77254
US,TX,77255
US,TX,77256
US,TX,77257
US,TX,77258
US,TX,77259
US,TX,77261
US,TX,77262
US,TX,77263
US,TX,77265
US,TX,77266
US,TX,77267
US,TX,77268
US,TX,77269
US,TX,77270
US,TX,77271
US,TX,77272
US,TX,77273
US,TX,77274
US,TX,77275
US,TX,77277
US,TX,77279
US,TX,77280
US,TX,77282
US,TX,77284
US,TX,77287
US,TX,77288
US,TX,77289
US,TX,77290
US,TX,77291
US,TX,77292
US,TX,77293
US,TX,77297
US,TX,77299
US,TX,77301
US,TX,77302
US,TX,77303
US,TX,77304
US,TX,77305
US,TX,77306
US,TX,77315
US,TX,77316
US,TX,77318
US,TX,77320
US,TX,77325
US,TX,77326
US,TX,77327
US,TX,77328
US,TX,77331
US,TX,77332
US,TX,77333
US,TX,77334
US,TX,77335
US,TX,77336
US,TX,77337
US,TX,77338
US,TX,77339
US,TX,77340
US,TX,77341
US,TX,77342
US,TX,77343
US,TX,77344
US,TX,77345
US,TX,77346
US,TX,77347
US,TX,77348
US,TX,77349
US,TX,77350
US,TX,77351
US,TX,77353
US,TX,77354
US,TX,77355
US,TX,77356
US,TX,77357
US,TX,77358
US,TX,77359
US,TX,77360
US,TX,77362
US,TX,77363
US,TX,77364
US,TX,77365
US,TX,77367
US,TX,77368
US,TX,77369
US,TX,77371
US,TX,77372
US,TX,77373
US,TX,77374
US,TX,77375
US,TX,77376
US,TX,77377
US,TX,77378
US,TX,77379
US,TX,77380
US,TX,77381
US,TX,77382
US,TX,77383
US,TX,77384
US,TX,77385
US,TX,77386
US,TX,77387
US,TX,77388
US,TX,77389
US,TX,77391
US,TX,77393
US,TX,77396
US,TX,77399
US,TX,77401
US,TX,77402
US,TX,77404
US,TX,77406
US,TX,77407
US,TX,77410
US,TX,77411
US,TX,77412
US,TX,77413
US,TX,77414
US,TX,77415
US,TX,77417
US,TX,77418
US,TX,77419
US,TX,77420
US,TX,77422
US,TX,77423
US,TX,77426
US,TX,77428
US,TX,77429
US,TX,77430
US,TX,77431
US,TX,77432
US,TX,77433
US,TX,77434
US,TX,77435
US,TX,77436
US,TX,77437
US,TX,77440
US,TX,77441
US,TX,77442
US,TX,77443
US,TX,77444
US,TX,77445
US,TX,77446
US,TX,77447
US,TX,77448
US,TX,77449
US,TX,77450
US,TX,77451
US,TX,77452
US,TX,77453
US,TX,77454
US,TX,77455
US,TX,77456
US,TX,77457
US,TX,77458
US,TX,77459
US,TX,77460
US,TX,77461
US,TX,77463
US,TX,77464
US,TX,77465
US,TX,77466
US,TX,77467
US,TX,77468
US,TX,77469
US,TX,77470
US,TX,77471
US,TX,77473
US,TX,77474
US,TX,77475
US,TX,77476
US,TX,77477
US,TX,77478
US,TX,77479
US,TX,77480
US,TX,77481
US,TX,77482
US,TX,77483
US,TX,77484
US,TX,77485
US,TX,77486
US,TX,77487
US,TX,77488
US,TX,77489
US,CA,95620
US,CA,95621
US,CA,95623
US,CA,95624
US,CA,95625
US,CA,95626
US,WY,82423
US,WY,82426
US,WY,82428
US,WY,82430
US,WY,82431
US,WY,82432
US,WY,82433
US,WY,82434
US,WY,82435
US,WY,82440
US,WY,82441
US,WY,82442
US,WY,82443
US,WY,82450
US,WY,82501
US,WY,82510
US,WY,82512
US,WY,82513
US,WY,82514
US,WY,82515
US,WY,82516
US,WY,82520
US,WY,82523
US,WY,82524
US,WY,82601
US,WY,82602
US,WY,82604
US,WY,82605
US,WY,82609
US,WY,82615
US,WY,82620
US,WY,82630
US,WY,82633
US,WY,82635
US,WY,82636
US,WY,82637
US,WY,82638
US,WY,82639
US,WY,82640
US,WY,82642
US,WY,82643
US,WY,82644
US,WY,82646
US,WY,82648
US,WY,82649
US,WY,82701
US,WY,82710
US,WY,82711
US,WY,82712
US,WY,82714
US,WY,82715
US,WY,82716
US,WY,82717
US,WY,82718
US,WY,82720
US,WY,82721
US,WY,82723
US,WY,82725
US,WY,82727
US,WY,82729
US,WY,82730
US,WY,82731
US,WY,82732
US,WY,82801
US,WY,82831
US,WY,82832
US,WY,82833
US,WY,82834
US,WY,82835
US,WY,82836
US,WY,82837
US,WY,82838
US,WY,82839
US,WY,82840
US,WY,82842
US,WY,82844
US,WY,82845
US,WY,82901
US,WY,82902
US,WY,82922
US,WY,82923
US,WY,82925
US,WY,82929
US,WY,82930
US,WY,82931
US,WY,82932
US,WY,82933
US,WY,82934
US,WY,82935
US,WY,82936
US,WY,82937
US,WY,82938
US,WY,82939
US,WY,82941
US,WY,82942
US,WY,82943
US,WY,82944
US,WY,82945
US,WY,83001
US,WY,83002
US,WY,83011
US,WY,83012
US,WY,83013
US,WY,83014
US,WY,83025
US,WY,83101
US,WY,83110
US,WY,83111
US,WY,83112
US,WY,83113
US,WY,83114
US,WY,83115
US,WY,83116
US,WY,83118
US,WY,83119
US,WY,83120
US,WY,83121
US,WY,83122
US,WY,83123
US,WY,83124
US,WY,83126
US,WY,83127
US,WY,83128
US,ID,83201
US,ID,83202
US,ID,83203
US,ID,83204
US,ID,83205
US,ID,83206
US,ID,83209
US,ID,83210
US,ID,83211
US,ID,83212
US,ID,83213
US,ID,83214
US,ID,83215
US,ID,83217
US,ID,83218
US,ID,83220
US,ID,83221
US,ID,83223
US,ID,83226
US,ID,83227
US,ID,83228
US,ID,83229
US,ID,83230
US,ID,83232
US,ID,83233
US,ID,83234
US,ID,83235
US,ID,83236
US,ID,83237
US,ID,83238
US,ID,83239
US,ID,83241
US,ID,83243
US,ID,83244
US,ID,83245
US,ID,83246
US,ID,83250
US,ID,83251
US,ID,83252
US,ID,83253
US,ID,83254
US,ID,83255
US,ID,83256
US,ID,83261
US,ID,83262
US,ID,83263
US,ID,83271
US,ID,83272
US,ID,83274
US,ID,83276
US,ID,83277
US,ID,83278
US,ID,83281
US,ID,83283
US,ID,83285
US,ID,83286
US,ID,83287
US,ID,83301
US,ID,83302
US,ID,83303
US,ID,83311
US,ID,83312
US,ID,83313
US,ID,83314
US,ID,83316
US,ID,83318
US,ID,83320
US,ID,83321
US,ID,83322
US,ID,83323
US,ID,83324
US,ID,83325
US,ID,83327
US,ID,83328
US,ID,83330
US,ID,83332
US,ID,83333
US,ID,83334
US,ID,83335
US,ID,83336
US,ID,83337
US,ID,83338
US,ID,83340
US,ID,83341
US,ID,83342
US,ID,83343
US,ID,83344
US,ID,83346
US,ID,83347
US,ID,83348
US,ID,83349
US,ID,83350
US,ID,83352
US,ID,83353
US,ID,83354
US,ID,83355
US,ID,83401
US,ID,83402
US,ID,83403
US,ID,83404
US,ID,83405
US,ID,83406
US,ID,83414
US,ID,83415
US,ID,83420
US,ID,83421
US,ID,83422
US,ID,83423
US,ID,83424
US,ID,83425
US,ID,83427
US,ID,83428
US,ID,83429
US,ID,83431
US,ID,83433
US,ID,83434
US,ID,83435
US,ID,83436
US,ID,83438
US,ID,83440
US,ID,83441
US,ID,83442
US,ID,83443
US,ID,83444
US,ID,83445
US,ID,83446
US,ID,83448
US,ID,83449
US,ID,83450
US,ID,83451
US,ID,83452
US,ID,83454
US,ID,83455
US,ID,83460
US,ID,83462
US,ID,83463
US,ID,83464
US,ID,83465
US,ID,83466
US,ID,83467
US,HI,96713
US,HI,96714
US,HI,96715
US,HI,96716
US,HI,96717
US,HI,96718
US,HI,96719
US,HI,96720
US,HI,96721
US,HI,96722
US,HI,96725
US,HI,96726
US,HI,96727
US,HI,96728
US,HI,96729
US,HI,96730
US,HI,96731
US,HI,96732
US,HI,96733
US,HI,96734
US,HI,96737
US,HI,96738
US,HI,96739
US,HI,96740
US,HI,96741
US,HI,96742
US,HI,96743
US,HI,96744
US,HI,96745
US,HI,96746
US,HI,96747
US,HI,96748
US,HI,96749
US,HI,96750
US,HI,96751
US,HI,96752
US,HI,96753
US,HI,96754
US,HI,96755
US,HI,96756
US,HI,96757
US,HI,96759
US,HI,96760
US,HI,96761
US,HI,96762
US,HI,96763
US,HI,96764
US,HI,96765
US,HI,96766
US,HI,96767
US,HI,96768
US,HI,96769
US,HI,96770
US,HI,96771
US,HI,96772
US,HI,96773
US,HI,96774
US,HI,96776
US,HI,96777
US,HI,96778
US,HI,96779
US,HI,96780
US,HI,96781
US,HI,96782
US,HI,96783
US,HI,96784
US,HI,96785
US,HI,96786
US,HI,96788
US,HI,96789
US,HI,96790
US,HI,96791
US,HI,96792
US,HI,96793
US,HI,96795
US,HI,96796
US,HI,96797
US,HI,96799
US,HI,96801
US,HI,96802
US,HI,96803
US,HI,96804
US,HI,96805
US,HI,96806
US,HI,96807
US,HI,96808
US,HI,96809
US,HI,96810
US,HI,96811
US,HI,96812
US,HI,96813
US,HI,96814
US,HI,96815
US,HI,96816
US,HI,96817
US,HI,96818
US,HI,96819
US,HI,96820
US,HI,96821
US,HI,96822
US,HI,96823
US,HI,96824
US,HI,96825
US,HI,96826
US,HI,96828
US,HI,96830
US,HI,96836
US,HI,96837
US,HI,96838
US,HI,96839
US,HI,96840
US,HI,96841
US,HI,96843
US,HI,96844
US,HI,96846
US,HI,96847
US,HI,96848
US,HI,96849
US,HI,96850
US,HI,96853
US,HI,96854
US,HI,96857
US,HI,96858
US,HI,96859
US,HI,96860
US,HI,96861
US,HI,96863
US,HI,96898
US,GU,96910
US,GU,96912
US,GU,96913
US,GU,96915
US,GU,96916
US,GU,96917
US,GU,96919
US,GU,96921
US,GU,96923
US,GU,96928
US,GU,96929
US,GU,96931
US,GU,96932
US,GU,96939
US,GU,96940
US,GU,96941
US,GU,96942
US,GU,96943
US,GU,96944
US,GU,96950
US,GU,96951
US,GU,96952
US,GU,96960
US,GU,96970
US,OR,97001
US,OR,97002
US,OR,97003
US,OR,97004
US,OR,97005
US,OR,97006
US,OR,97007
US,OR,97008
US,OR,97009
US,OR,97010
US,OR,97011
US,OR,97013
US,OR,97014
US,OR,97015
US,OR,97016
US,OR,97017
US,OR,97018
US,OR,97019
US,OR,97020
US,OR,97021
US,OR,97022
US,OR,97023
US,OR,97024
US,OR,97026
US,OR,97027
US,OR,97028
US,OR,97029
US,OR,97030
US,OR,97031
US,OR,97032
US,OR,97033
US,OR,97034
US,OR,97035
US,OR,97036
US,OR,97037
US,OR,97038
US,OR,97039
US,OR,97040
US,OR,97041
US,OR,97042
US,OR,97044
US,OR,97045
US,OR,97048
US,OR,97049
US,OR,97050
US,OR,97051
US,OR,97053
US,OR,97054
US,OR,97055
US,OR,97056
US,OR,97057
US,OR,97058
US,OR,97060
US,OR,97062
US,OR,97063
US,OR,97064
US,OR,97065
US,OR,97067
US,OR,97068
US,OR,97070
US,OR,97071
US,OR,97075
US,OR,97076
US,OR,97077
US,OR,97078
US,OR,97079
US,OR,97080
US,OR,97086
US,OR,97089
US,OR,97101
US,OR,97102
US,OR,97103
US,OR,97106
US,OR,97107
US,OR,97108
US,OR,97109
US,OR,97110
US,OR,97111
US,OR,97112
US,OR,97113
US,OR,97114
US,OR,97115
US,OR,97116
US,OR,97117
US,OR,97118
US,OR,97119
US,OR,97121
US,OR,97122
US,OR,97123
US,OR,97124
US,OR,97125
US,OR,97127
US,OR,97128
US,OR,97129
US,OR,97130
US,OR,97131
US,OR,97132
US,OR,97133
US,OR,97134
US,OR,97135
US,OR,97136
US,OR,97137
US,OR,97138
US,OR,97140
US,OR,97141
US,OR,97143
US,OR,97144
US,OR,97145
US,OR,97146
US,OR,97147
US,OR,97148
US,OR,97149
US,OR,97201
US,OR,97202
US,OR,97203
US,OR,97204
US,OR,97205
US,CA,90086
US,CA,90087
US,CA,90088
US,CA,90089
US,CA,90090
US,CA,90091
US,CA,90093
US,CA,90094
US,CA,90095
US,CA,90096
US,CA,90099
US,CA,90134
US,CA,90189
US,CA,90201
US,CA,90202
US,CA,90209
US,CA,90210
US,CA,90211
US,CA,90212
US,CA,90213
US,CA,90220
US,CA,90221
US,CA,90222
US,CA,90223
US,CA,90224
US,CA,90230
US,CA,90231
US,CA,90232
US,CA,90233
US,CA,90239
US,CA,90240
US,CA,90241
US,CA,90242
US,CA,90245
US,CA,90247
US,CA,90248
US,CA,90249
US,CA,90250
US,CA,90251
US,CA,90254
US,CA,90255
US,CA,90260
US,CA,90261
US,CA,90262
US,CA,90263
US,CA,90264
US,CA,90265
US,CA,90266
US,CA,90267
US,CA,90270
US,CA,90272
US,CA,90274
US,CA,90275
US,CA,90277
US,CA,90278
US,CA,90280
US,CA,90290
US,CA,90291
US,CA,90292
US,CA,90293
US,CA,90294
US,CA,90295
US,CA,90296
US,CA,90301
US,CA,90302
US,CA,90303
US,CA,90304
US,CA,90305
US,CA,90306
US,CA,90307
US,CA,90308
US,CA,90309
US,CA,90310
US,CA,90311
US,CA,90312
US,CA,90401
US,CA,90402
US,CA,90403
US,CA,90404
US,CA,90405
US,CA,90406
US,CA,90407
US,CA,90408
US,CA,90409
US,CA,90410
US,CA,90411
US,CA,90501
US,CA,90502
US,CA,90503
US,CA,90504
US,CA,90505
US,CA,90506
US,CA,90507
US,CA,90508
US,CA,90509
US,CA,90510
US,CA,90601
US,CA,90602
US,CA,90603
US,CA,90604
US,CA,90605
US,CA,90606
US,CA,90607
US,CA,90608
US,CA,90609
US,CA,90610
US,CA,90620
US,CA,90621
US,CA,90622
US,CA,90623
US,CA,90624
US,CA,90630
US,CA,90631
US,CA,90632
US,CA,90633
US,CA,90637
US,CA,90638
US,CA,90639
US,CA,90640
US,CA,90650
US,CA,90651
US,CA,90652
US,CA,90660
US,CA,90661
US,CA,90662
US,CA,90670
US,CA,90671
US,CA,90680
US,CA,90701
US,CA,90702
US,CA,90703
US,CA,90704
US,CA,90706
US,CA,90707
US,CA,90710
US,CA,90711
US,CA,90712
US,CA,90713
US,CA,90714
US,CA,90715
US,CA,90716
US,CA,90717
US,CA,90720
US,CA,90721
US,CA,90723
US,CA,90731
US,CA,90732
US,CA,90733
US,CA,90734
US,CA,90740
US,CA,90742
US,CA,90743
US,CA,90744
US,CA,90745
US,CA,90746
US,CA,90747
US,CA,90748
US,CA,90749
US,CA,90755
US,CA,90801
US,CA,90802
US,CA,90803
US,CA,90804
US,CA,90805
US,CA,90806
US,CA,90807
US,CA,90808
US,CA,90809
US,CA,90810
US,CA,90813
US,CA,90814
US,CA,90815
US,CA,90822
US,CA,90831
US,CA,90832
US,CA,90833
US,CA,90840
US,CA,90842
US,CA,90844
US,CA,90846
US,CA,90847
US,CA,90848
US,CA,90853
US,CA,90895
US,CA,91001
US,CA,91003
US,CA,91006
US,CA,91007
US,CA,91008
US,CA,91009
US,CA,91010
US,CA,91011
US,CA,91012
US,CA,91016
US,CA,91017
US,CA,91020
US,CA,91021
US,CA,91023
US,CA,91024
US,CA,91025
US,CA,91030
US,CA,91031
US,CA,91040
US,CA,91041
US,CA,91042
US,CA,91043
US,CA,91046
US,CA,91066
US,CA,91077
US,CA,91101
US,CA,91102
US,CA,91103
US,CA,91104
US,CA,91105
US,CA,91106
US,CA,91107
US,CA,91108
US,CA,91109
US,CA,91110
US,CA,91114
US,CA,91115
US,CA,91116
US,CA,91117
US,CA,91118
US,CA,91121
US,CA,91123
US,CA,91124
US,CA,91125
US,CA,91126
US,CA,91129
US,CA,91182
US,CA,91184
US,CA,91185
US,CA,91188
US,CA,91189
US,CA,91199
US,CA,91201
US,CA,91202
US,CA,91203
US,CA,91204
US,CA,91205
US,CA,91206
US,CA,91207
US,CA,91208
US,CA,91209
US,CA,91210
US,CA,91214
US,CA,91221
US,CA,91222
US,CA,91224
US,CA,91225
US,CA,91226
US,CA,91301
US,CA,91302
US,CA,91303
US,CA,91304
US,CA,91305
US,CA,91306
US,CA,91307
US,CA,91308
US,CA,91309
US,CA,91310
US,CA,91311
US,CA,91313
US,CA,91316
US,CA,91319
US,CA,91320
US,CA,91321
US,CA,91322
US,ID,83468
US,ID,83469
US,ID,83501
US,ID,83520
US,ID,83522
US,ID,83523
US,CA,95627
US,CA,95628
US,CA,95629
US,CA,95630
US,CA,95631
US,CA,95632
US,CA,95633
US,CA,95634
US,CA,95635
US,CA,95636
US,CA,95637
US,CA,95638
US,CA,95639
US,CA,95640
US,CA,95641
US,CA,95642
US,CA,95644
US,CA,95645
US,CA,95646
US,CA,95648
US,CA,95650
US,CA,95651
US,CA,95652
US,CA,95653
US,CA,95654
US,CA,95655
US,CA,95656
US,CA,95658
US,CA,95659
US,CA,95660
US,CA,95661
US,CA,95662
US,CA,95663
US,CA,95664
US,CA,95665
US,CA,95666
US,CA,95667
US,CA,95668
US,CA,95669
US,CA,95670
US,CA,95671
US,CA,95672
US,CA,95673
US,CA,95674
US,CA,95675
US,CA,95676
US,CA,95677
US,CA,95678
US,CA,95679
US,CA,95680
US,CA,95681
US,CA,95682
US,CA,95683
US,CA,95684
US,CA,95685
US,CA,95686
US,CA,95687
US,CA,95688
US,CA,95689
US,CA,95690
US,CA,95691
US,CA,95692
US,CA,95693
US,CA,95694
US,CA,95695
US,CA,95696
US,CA,95697
US,CA,95698
US,CA,95699
US,CA,95701
US,CA,95703
US,CA,95709
US,CA,95712
US,CA,95713
US,CA,95714
US,CA,95715
US,CA,95717
US,CA,95720
US,CA,95721
US,CA,95722
US,CA,95724
US,CA,95726
US,CA,95728
US,CA,95735
US,CA,95736
US,CA,95741
US,CA,95742
US,CA,95746
US,CA,95747
US,CA,95757
US,CA,95758
US,CA,95759
US,CA,95762
US,CA,95763
US,CA,95765
US,CA,95776
US,CA,95798
US,CA,95799
US,CA,95811
US,CA,95812
US,CA,95813
US,CA,95814
US,CA,95815
US,CA,95816
US,CA,95817
US,CA,95818
US,CA,95819
US,CA,95820
US,CA,95821
US,CA,95822
US,CA,95823
US,CA,95824
US,CA,95825
US,CA,95826
US,CA,95827
US,CA,95828
US,CA,95829
US,CA,95830
US,CA,95831
US,CA,95832
US,CA,95833
US,CA,95834
US,CA,95835
US,CA,95836
US,CA,95837
US,CA,95838
US,CA,95840
US,CA,95841
US,CA,95842
US,CA,95843
US,CA,95851
US,CA,95852
US,CA,95853
US,CA,95860
US,CA,95864
US,CA,95865
US,CA,95866
US,CA,95867
US,CA,95894
US,CA,95899
US,CA,95901
US,CA,95903
US,CA,95910
US,CA,95912
US,CA,95913
US,CA,95914
US,CA,95915
US,CA,95916
US,CA,95917
US,CA,95918
US,CA,95919
US,CA,95920
US,CA,95922
US,CA,95923
US,CA,95924
US,CA,95925
US,CA,95926
US,CA,95927
US,CA,95928
US,CA,95929
US,CA,95930
US,CA,95932
US,CA,95934
US,CA,95935
US,CA,95936
US,CA,95937
US,CA,95938
US,CA,95939
US,CA,95940
US,CA,95941
US,CA,95942
US,CA,95943
US,CA,95944
US,CA,95945
US,CA,95946
US,CA,95947
US,CA,95948
US,CA,95949
US,CA,95950
US,CA,95951
US,CA,95953
US,CA,95954
US,CA,95955
US,CA,95956
US,CA,95957
US,CA,95958
US,CA,95959
US,CA,95960
US,CA,95961
US,CA,95962
US,CA,95963
US,CA,95965
US,CA,95966
US,CA,95967
US,CA,95968
US,CA,95969
US,CA,95970
US,CA,95971
US,CA,95972
US,CA,95973
US,CA,95974
US,CA,95975
US,CA,95976
US,CA,95977
US,CA,95978
US,CA,95979
US,CA,95980
US,CA,95981
US,CA,95982
US,CA,95983
US,CA,95984
US,CA,95986
US,CA,95987
US,CA,95988
US,CA,95991
US,CA,95992
US,CA,95993
US,CA,96001
US,CA,96002
US,CA,96003
US,CA,96006
US,CA,96007
US,CA,96008
US,CA,96009
US,CA,96010
US,CA,96011
US,CA,96013
US,CA,96014
US,CA,96015
US,CA,96016
US,CA,96017
US,CA,96019
US,CA,96020
US,CA,96021
US,CA,96022
US,CA,96023
US,CA,96024
US,CA,96025
US,CA,96027
US,CA,96028
US,CA,96029
US,CA,96031
US,CA,96032
US,CA,96033
US,CA,96034
US,CA,96035
US,CA,96037
US,CA,96038
US,CA,96039
US,CA,96040
US,CA,96041
US,CA,96044
US,CA,96046
US,CA,96047
US,CA,96048
US,CA,96049
US,CA,96050
US,CA,96051
US,CA,96052
US,CA,96054
US,CA,96055
US,CA,96056
US,CA,96057
US,OK,74192
US,OK,74193
US,OK,74301
US,OK,74330
US,OK,74331
US,OK,74332
US,OK,74333
US,OK,74335
US,OK,74337
US,OK,74338
US,OK,74339
US,OK,74340
US,OK,74342
US,OK,74343
US,OK,74344
US,OK,74345
US,OK,74346
US,OK,74347
US,OK,74349
US,OK,74350
US,OK,74352
US,OK,74354
US,OK,74355
US,OK,74358
US,OK,74359
US,OK,74360
US,OK,74361
US,OK,74362
US,OK,74363
US,OK,74364
US,OK,74365
US,OK,74366
US,OK,74367
US,OK,74368
US,OK,74369
US,OK,74370
US,OK,74401
US,OK,74402
US,OK,74403
US,OK,74421
US,OK,74422
US,OK,74423
US,OK,74425
US,OK,74426
US,OK,74427
US,OK,74428
US,OK,74429
US,OK,74430
US,OK,74431
US,OK,74432
US,OK,74434
US,OK,74435
US,OK,74436
US,OK,74437
US,OK,74438
US,OK,74439
US,OK,74440
US,OK,74441
US,OK,74442
US,OK,74444
US,OK,74445
US,OK,74446
US,OK,74447
US,OK,74450
US,OK,74451
US,OK,74452
US,OK,74454
US,OK,74455
US,OK,74456
US,OK,74457
US,OK,74458
US,OK,74459
US,OK,74460
US,OK,74461
US,OK,74462
US,OK,74463
US,OK,74464
US,OK,74465
US,OK,74467
US,OK,74468
US,OK,74469
US,OK,74470
US,OK,74471
US,OK,74472
US,OK,74477
US,OK,74501
US,OK,74502
US,OK,74521
US,OK,74522
US,OK,74523
US,OK,74525
US,OK,74528
US,OK,74529
US,OK,74530
US,OK,74531
US,OK,74533
US,OK,74534
US,OK,74535
US,OK,74536
US,OK,74538
US,OK,74540
US,OK,74543
US,OK,74545
US,OK,74546
US,OK,74547
US,OK,74549
US,OK,74552
US,OK,74553
US,OK,74554
US,OK,74555
US,OK,74556
US,OK,74557
US,OK,74558
US,OK,74559
US,OK,74560
US,OK,74561
US,OK,74562
US,OK,74563
US,OK,74565
US,OK,74567
US,OK,74569
US,OK,74570
US,OK,74571
US,OK,74572
US,OK,74574
US,OK,74576
US,OK,74577
US,OK,74578
US,OK,74601
US,OK,74602
US,OK,74604
US,OK,74630
US,OK,74631
US,OK,74632
US,OK,74633
US,OK,74636
US,OK,74637
US,OK,74640
US,OK,74641
US,OK,74643
US,OK,74644
US,OK,74646
US,OK,74647
US,OK,74650
US,OK,74651
US,OK,74652
US,OK,74653
US,OK,74701
US,OK,74702
US,OK,74720
US,OK,74721
US,OK,74722
US,OK,74723
US,OK,74724
US,OK,74726
US,OK,74727
US,OK,74728
US,OK,74729
US,OK,74730
US,OK,74731
US,OK,74733
US,OK,74734
US,OK,74735
US,OK,74736
US,OK,74737
US,OK,74738
US,OK,74740
US,OK,74741
US,OK,74743
US,OK,74745
US,OK,74747
US,OK,74748
US,OK,74750
US,OK,74752
US,OK,74753
US,OK,74754
US,OK,74755
US,OK,74756
US,OK,74759
US,OK,74760
US,OK,74761
US,OK,74764
US,OK,74766
US,OK,74801
US,OK,74802
US,OK,74804
US,OK,74818
US,OK,74820
US,OK,74821
US,OK,74824
US,OK,74825
US,OK,74826
US,OK,74827
US,OK,74829
US,OK,74830
US,OK,74831
US,OK,74832
US,OK,74833
US,OK,74834
US,OK,74836
US,OK,74837
US,OK,74839
US,OK,74840
US,OK,74842
US,OK,74843
US,OK,74844
US,OK,74845
US,OK,74848
US,OK,74849
US,OK,74850
US,OK,74851
US,OK,74852
US,OK,74854
US,OK,74855
US,OK,74856
US,OK,74857
US,OK,74859
US,OK,74860
US,OK,74864
US,OK,74865
US,OK,74866
US,OK,74867
US,OK,74868
US,OK,74869
US,OK,74871
US,OK,74872
US,OK,74873
US,OK,74875
US,OK,74878
US,OK,74880
US,OK,74881
US,OK,74883
US,OK,74884
US,OK,74901
US,OK,74902
US,OK,74930
US,OK,74931
US,OK,74932
US,OK,74935
US,OK,74936
US,OK,74937
US,OK,74939
US,OK,74940
US,OK,74941
US,OK,74942
US,OK,74943
US,OK,74944
US,OK,74945
US,OK,74946
US,OK,74947
US,OK,74948
US,OK,74949
US,OK,74951
US,OK,74953
US,OK,74954
US,OK,74955
US,OK,74956
US,OK,74957
US,OK,74959
US,OK,74960
US,OK,74962
US,OK,74963
US,OK,74964
US,OK,74965
US,OK,74966
US,TX,75001
US,TX,75002
US,TX,75006
US,TX,75007
US,AK,99925
US,AK,99926
US,AK,99927
US,AK,99928
US,AK,99929
US,AK,99950
US,TX,77491
US,TX,77492
US,TX,77493
US,TX,77494
US,TX,77496
US,TX,77497
US,TX,77498
US,TX,77501
US,TX,77502
US,TX,77503
US,TX,77504
US,TX,77505
US,TX,77506
US,TX,77507
US,TX,77508
US,TX,77510
US,TX,77511
US,TX,77512
US,TX,77514
US,TX,77515
US,TX,77516
US,TX,77517
US,TX,77518
US,TX,77519
US,TX,77520
US,TX,77521
US,TX,77522
US,TX,77523
US,TX,77530
US,TX,77531
US,TX,77532
US,TX,77533
US,TX,77534
US,TX,77535
US,TX,77536
US,TX,77538
US,TX,77539
US,TX,77541
US,TX,77542
US,TX,77545
US,TX,77546
US,TX,77547
US,TX,77549
US,TX,77550
US,TX,77551
US,TX,77552
US,TX,77553
US,TX,77554
US,TX,77555
US,TX,77560
US,TX,77561
US,TX,77562
US,TX,77563
US,TX,77564
US,TX,77565
US,TX,77566
US,TX,77568
US,TX,77571
US,TX,77572
US,TX,77573
US,TX,77574
US,TX,77575
US,TX,77577
US,TX,77578
US,TX,77580
US,TX,77581
US,TX,77582
US,TX,77583
US,TX,77584
US,TX,77585
US,TX,77586
US,TX,77587
US,TX,77588
US,TX,77590
US,TX,77591
US,TX,77592
US,TX,77597
US,TX,77598
US,TX,77611
US,TX,77612
US,TX,77613
US,TX,77614
US,TX,77615
US,TX,77616
US,TX,77617
US,TX,77619
US,TX,77622
US,TX,77623
US,TX,77624
US,TX,77625
US,TX,77626
US,TX,77627
US,TX,77629
US,TX,77630
US,TX,77631
US,TX,77632
US,TX,77639
US,TX,77640
US,TX,77641
US,TX,77642
US,TX,77643
US,TX,77650
US,TX,77651
US,TX,77655
US,TX,77656
US,TX,77657
US,TX,77659
US,TX,77660
US,TX,77661
US,TX,77662
US,TX,77663
US,TX,77664
US,TX,77665
US,TX,77670
US,TX,77701
US,TX,77702
US,TX,77703
US,TX,77704
US,TX,77705
US,TX,77706
US,TX,77707
US,TX,77708
US,TX,77710
US,TX,77713
US,TX,77720
US,TX,77725
US,TX,77726
US,TX,77801
US,TX,77802
US,TX,77803
US,TX,77805
US,TX,77806
US,TX,77807
US,TX,77808
US,TX,77830
US,TX,77831
US,TX,77833
US,TX,77834
US,TX,77835
US,TX,77836
US,TX,77837
US,TX,77838
US,TX,77840
US,TX,77841
US,TX,77842
US,TX,77843
US,TX,77844
US,TX,77845
US,TX,77850
US,TX,77852
US,TX,77853
US,TX,77855
US,TX,77856
US,TX,77857
US,TX,77859
US,TX,77861
US,TX,77862
US,TX,77863
US,TX,77864
US,TX,77865
US,TX,77866
US,TX,77867
US,TX,77868
US,TX,77870
US,TX,77871
US,TX,77872
US,TX,77873
US,TX,77875
US,TX,77876
US,TX,77878
US,TX,77879
US,TX,77880
US,TX,77881
US,TX,77882
US,TX,77901
US,TX,77902
US,TX,77903
US,TX,77904
US,TX,77905
US,TX,77950
US,TX,77951
US,TX,77954
US,TX,77957
US,TX,77960
US,TX,77961
US,TX,77962
US,TX,77963
US,TX,77964
US,TX,77967
US,TX,77968
US,TX,77969
US,TX,77970
US,TX,77971
US,TX,77973
US,TX,77974
US,TX,77975
US,TX,77976
US,TX,77977
US,TX,77978
US,TX,77979
US,TX,77982
US,TX,77983
US,TX,77984
US,TX,77986
US,TX,77987
US,TX,77988
US,TX,77989
US,TX,77990
US,TX,77991
US,TX,77993
US,TX,77994
US,TX,77995
US,TX,78001
US,TX,78002
US,TX,78003
US,TX,78004
US,TX,78005
US,TX,78006
US,TX,78007
US,TX,78008
US,TX,78009
US,TX,78010
US,TX,78011
US,TX,78012
US,TX,78013
US,TX,78014
US,TX,78015
US,TX,78016
US,TX,78017
US,TX,78019
US,TX,78021
US,TX,78022
US,TX,78023
US,TX,78024
US,TX,78025
US,TX,78026
US,TX,78027
US,TX,78028
US,TX,78029
US,TX,78039
US,TX,78040
US,TX,78041
US,TX,78042
US,TX,78043
US,TX,78044
US,TX,78045
US,TX,78046
US,TX,78050
US,TX,78052
US,TX,78054
US,TX,78055
US,TX,78056
US,TX,78057
US,TX,78058
US,TX,78059
US,TX,78060
US,TX,78061
US,TX,78062
US,TX,78063
US,TX,78064
US,TX,78065
US,TX,78066
US,TX,78067
US,CA,96058
US,CA,96059
US,CA,96061
US,CA,96062
US,CA,96063
US,CA,96064
US,AZ,85022
US,AZ,85023
US,AZ,85024
US,AZ,85026
US,AZ,85027
US,AZ,85028
US,AZ,85029
US,AZ,85030
US,AZ,85031
US,AZ,85032
US,AZ,85033
US,AZ,85034
US,AZ,85035
US,AZ,85036
US,AZ,85037
US,AZ,85038
US,AZ,85039
US,AZ,85040
US,AZ,85041
US,AZ,85042
US,AZ,85043
US,AZ,85044
US,AZ,85045
US,AZ,85046
US,AZ,85048
US,AZ,85050
US,AZ,85051
US,AZ,85053
US,AZ,85054
US,AZ,85060
US,AZ,85061
US,AZ,85062
US,AZ,85063
US,AZ,85064
US,AZ,85065
US,AZ,85066
US,AZ,85067
US,AZ,85068
US,AZ,85069
US,AZ,85070
US,AZ,85071
US,AZ,85072
US,AZ,85073
US,AZ,85074
US,AZ,85075
US,AZ,85076
US,AZ,85078
US,AZ,85079
US,AZ,85080
US,AZ,85082
US,AZ,85083
US,AZ,85085
US,AZ,85086
US,AZ,85087
US,AZ,85117
US,AZ,85118
US,AZ,85119
US,AZ,85120
US,AZ,85121
US,AZ,85122
US,AZ,85123
US,AZ,85127
US,AZ,85128
US,AZ,85130
US,AZ,85131
US,AZ,85132
US,AZ,85135
US,AZ,85137
US,AZ,85138
US,AZ,85139
US,AZ,85140
US,AZ,85141
US,AZ,85142
US,AZ,85143
US,AZ,85145
US,AZ,85147
US,AZ,85172
US,AZ,85173
US,AZ,85178
US,AZ,85190
US,AZ,85191
US,AZ,85192
US,AZ,85193
US,AZ,85194
US,AZ,85201
US,AZ,85202
US,AZ,85203
US,AZ,85204
US,AZ,85205
US,AZ,85206
US,AZ,85207
US,AZ,85208
US,AZ,85209
US,AZ,85210
US,AZ,85211
US,AZ,85212
US,AZ,85213
US,AZ,85214
US,AZ,85215
US,AZ,85216
US,AZ,85224
US,AZ,85225
US,AZ,85226
US,AZ,85233
US,AZ,85234
US,AZ,85236
US,AZ,85244
US,AZ,85246
US,AZ,85248
US,AZ,85249
US,AZ,85250
US,AZ,85251
US,AZ,85252
US,AZ,85253
US,AZ,85254
US,AZ,85255
US,AZ,85256
US,AZ,85257
US,AZ,85258
US,AZ,85259
US,AZ,85260
US,AZ,85261
US,AZ,85262
US,AZ,85263
US,AZ,85264
US,AZ,85266
US,AZ,85267
US,AZ,85268
US,AZ,85269
US,AZ,85271
US,AZ,85274
US,AZ,85275
US,AZ,85277
US,AZ,85280
US,AZ,85281
US,AZ,85282
US,AZ,85283
US,AZ,85284
US,AZ,85285
US,AZ,85286
US,AZ,85287
US,AZ,85295
US,AZ,85296
US,AZ,85297
US,AZ,85298
US,AZ,85299
US,AZ,85301
US,AZ,85302
US,AZ,85303
US,AZ,85304
US,AZ,85305
US,AZ,85306
US,AZ,85307
US,AZ,85308
US,AZ,85309
US,AZ,85310
US,AZ,85311
US,AZ,85312
US,AZ,85318
US,AZ,85320
US,AZ,85321
US,AZ,85322
US,AZ,85323
US,AZ,85324
US,AZ,85325
US,AZ,85326
US,AZ,85327
US,AZ,85328
US,AZ,85329
US,AZ,85331
US,AZ,85332
US,AZ,85333
US,AZ,85334
US,AZ,85335
US,AZ,85336
US,AZ,85337
US,AZ,85338
US,AZ,85339
US,AZ,85340
US,AZ,85341
US,AZ,85342
US,AZ,85343
US,AZ,85344
US,AZ,85345
US,AZ,85346
US,AZ,85347
US,AZ,85348
US,AZ,85349
US,AZ,85350
US,AZ,85351
US,AZ,85352
US,AZ,85353
US,AZ,85354
US,AZ,85355
US,AZ,85356
US,AZ,85357
US,AZ,85358
US,AZ,85359
US,AZ,85360
US,AZ,85361
US,AZ,85362
US,AZ,85363
US,AZ,85364
US,AZ,85365
US,AZ,85366
US,AZ,85367
US,AZ,85369
US,AZ,85371
US,AZ,85372
US,AZ,85373
US,AZ,85374
US,AZ,85375
US,AZ,85376
US,AZ,85377
US,AZ,85378
US,AZ,85379
US,AZ,85380
US,AZ,85381
US,AZ,85382
US,AZ,85383
US,AZ,85385
US,AZ,85387
US,AZ,85388
US,AZ,85390
US,AZ,85392
US,AZ,85395
US,AZ,85396
US,AZ,85501
US,AZ,85502
US,AZ,85530
US,AZ,85531
US,AZ,85532
US,AZ,85533
US,AZ,85534
US,AZ,85535
US,AZ,85536
US,AZ,85539
US,AZ,85540
US,AZ,85541
US,AZ,85542
US,AZ,85543
US,AZ,85544
US,AZ,85545
US,AZ,85546
US,AZ,85547
US,AZ,85548
US,AZ,85550
US,AZ,85551
US,AZ,85552
US,AZ,85553
US,AZ,85554
US,AZ,85601
US,AZ,85602
US,AZ,85603
US,AZ,85605
US,AZ,85606
US,AZ,85607
US,AZ,85608
US,AZ,85609
US,AZ,85610
US,AZ,85611
US,AZ,85613
US,AZ,85614
US,AZ,85615
US,AZ,85616
US,AZ,85617
US,AZ,85618
US,AZ,85619
US,AZ,85620
